id,title,vote_average,vote_count,status,release_date,revenue,runtime,budget,imdb_id,original_language,original_title,overview,popularity,tagline,genres,production_companies,production_countries,spoken_languages,cast,director,director_of_photography,writers,producers,music_composer,imdb_rating,imdb_votes,poster_path,release_month,release_year,iso_week,title_clean,marvel_movie,attributes,blank,internet,total,internet_ratio,internet_dominance,error
76203,12 Years a Slave,7.938,11618,Released,2013-10-18,187000000,134,20000000,tt2024544,en,12 Years a Slave,"In the pre-Civil War United States, Solomon Northup, a free black man from upstate New York, is abducted and sold into slavery. Facing cruelty as well as unexpected kindnesses Solomon struggles not only to stay alive, but to retain his dignity. In the twelfth year of his unforgettable odyssey, Solomon‚Äôs chance meeting with a Canadian abolitionist will forever alter his life.",5.905,The extraordinary true story of Solomon Northup.,"Drama, History","new regency pictures, plan b entertainment, river road entertainment, regency enterprises, film4 productions","United Kingdom, United States of America",English,"Liza J. Bennett, Tom Proctor, Blake Burt, Jason Owen, Jarett Shorts, John McConnell, Mister Mackey Jr., Richard Holden, Wayne P√©re, Austin Purnell, Ritchie Montgomery, Chiwetel Ejiofor, Craig Tate, Jon Arthur, Storm Reid, Devin Maurice Evans, Jay Huguley, Rob Steinberg, Justin Edward Davis, Jim Johnson, Michael Kenneth Williams, Isaiah Jackson, Bob Walker, Cameron Zeigler, Carroll Burt, Taran Killam, Topsy Chapman, Anwan Glover, Marcus Lyle Brown, Thomas Francis Murphy, Justin Christopher Vaughn, Gregory Bright, Scott M. Jefferson, Andre Robinson, Benedict Cumberbatch, John C. Klein, Michael Fassbender, Tyler Soerries, Chris Chalk, Erin Rementer, Sean Paul Braud, Kelsey Scott, Devyn A. Tyler, Haylie Creppel, Kelvin Harrison, Jr., Dwight Henry, Willo Jean-Baptiste, Andre De'Sean Shanks, Bryan Batt, Deneen Tyler, Mark Joyce, Mustafa Harris, Marc Macaulay, Edward J. Clare, Alfre Woodard, Timothy Wyant, Dickie Gravois, Jason Ament, Quvenzhan√© Wallis, Douglas M. Griffin, Corrina Roshea Bobb, J.D. Evermore, Andy Dylan, Bill Camp, Tre Tureaud, Brad Pitt, Christopher Berry, Gerard 'Jerry' Lewis, Paul Giamatti, Paul Dano, Scoot McNairy, Vivian Fleming-Alvarez, Lupita Nyong'o, Tony Bentley, JJ Coker, Shawn Parsons, Nicole Collins, Ashley Dyke, Sarah Paulson, James C. Victor, Terrell Ransom Jr., Adepero Oduye, Caroline Grace Williamson, Chaz Smith, Kevonte Mcdonald, Garret Dillahunt",Steve McQueen,Sean Bobbitt,"Solomon Northup, John Ridley","Bill Pohlad, Jeremy Kleiner, Dede Gardner, Arnon Milchan, Brad Pitt, Tessa Ross, John Ridley, Bianca Stigter, Steve McQueen, Anthony Katagas",Hans Zimmer,8.1,775224,/xdANQijuNrJaw1HA61rDccME4Tm.jpg,10,2013,42,12 years a slave,thor: the dark world,"telluride film festival (1), toronto international film festival (1), new york film festival (1), new orleans film festival (1), mill valley film festival (1), chicago international film festival (1), hamptons international film festival (1), toronto (1), bfi london film festival (1), limited (2), amsterdam film week (1), austin film festival (1), blank (55), stockholm international film festival (1), camerimage film festival (1), brisbane film festival (1), jakarta international film festival (1), dubai international film festival (1), capri hollywood film festival (1), palm springs international film festival (1), yubari international fantastic film festival (1), belgrade film festival (1), film by the sea film festival (1), internet (1), dvd premiere (1)",55,1,80,0.01,no,no
53182,300: Rise of an Empire,6.1,6734,Released,2014-03-05,337580051,102,110000000,tt1253863,en,300: Rise of an Empire,"Greek general Themistocles attempts to unite all of Greece by leading the charge that will change the course of the war. Themistocles faces the massive invading Persian forces led by mortal-turned-god, Xerxes and Artemesia, the vengeful commander of the Persian navy.",7.1196,Seize your glory!,"Action, Drama, War","legendary pictures, hollywood gang productions, atmosphere entertainment mm, nimar studios, warner bros. pictures, cruel & unusual films","Bulgaria, United States of America",English,"Ashraf Barhom, Igal Naor, Georgi Stanislavov, Nick Court, Mark Killeen, David Sterne, George Georgiou, Mark Aaron Wagner, Andrew Pleavin, Nancy McCrumb, David Wenham, Christopher Sciueref, Velizar Peev, Christopher Boyer, Wayne Dalglish, Luke Roberts, Peter Ferdinando, Hunter Clowdus, Lena Headey, Peter Mensah, Hans Matheson, Andrew Tiernan, Gregor Truter, Fred Ochs, Farshad Farahat, Atanas Srebrev, Gregory Shelby, Sullivan Stapleton, Kevin Fry-Bowers, Vincent Walsh, Price Carson, Jack O'Connell, Bo Roberts, Velimir Velev, Dimo Alexiev, Ben Turner, Eva Green, Rodrigo Santoro, Caitlin Carmichael, Callan Mulvey, David Pevsner, Dimiter Doichinov, Aleksandar Belovski, Jade Chynoweth, John Michael Herndon, Stefan Ivanov, Steven Cree",Noam Murro,Simon Duggan,"Kurt Johnstad, Frank Miller, Zack Snyder, Jay Oliva","Mark Canton, Gianni Nunnari, Craig J. Flores, Deborah Snyder, Bernie Goldmann, Zack Snyder, Thomas Tull",Tom Holkenborg,6.2,326384,/wYDdWN1McB1Sio4z1dPSkb40Z78.jpg,3,2014,10,300: rise of an empire,captain america: the winter soldier,"hollywood, california (1), premiere (2), buenos aires (1), blank (70), french speaking region (1), german speaking region (1), blu-ray release (1), internet (1)",70,1,78,0.01,no,no
109410,42,7.2,1893,Released,2013-04-12,95020213,128,40000000,tt0453562,en,42,"In 1946, Branch Rickey, owner of the Brooklyn Dodgers, took a stand against Major League Baseball's infamous color line when he signed Jackie Robinson  to the team. The deal put both men in the crosshairs of the public, the press and even other players. Facing unabashed racism from every side, Robinson was forced to demonstrate tremendous courage and let his talent on the field wins over fans and his teammates ‚Äì silencing his critics and forever changing the world by changing the game of baseball.",3.3561,"In a game divided by color, he made us see greatness.",Drama,legendary pictures,United States of America,English,"Friedel Pinkston, Ercell A. Grimes Jr., James Rackley, Jeremy Ray Taylor, Jayson Warner Smith, Andrew B. Roberts, Max Gail, Dwight Houser, Michael H. Cole, Blake Sanders, Denise Moy√©, Ryan Merriman, Janet Metzger, Henry Friedman, Maury Covington, Anthony S. Goolsby, James Pickens Jr., Steve Hicks, Matt Clark, Tobias Michael Finn, David Sweeney, Todd Wilson, Holden Hansen, Wayne Hickey, Dax Griffin, Aaron Farb, Jud Tylor, Lucas Black, Ross Hughes, Richard Tavernaro, Joe Knezevich, Dusan Brown, C.J. Nitkowski, Danny Vinson, Marc Gowan, Rhoda Griffis, Andr√© Holland, Jamey Holliday, Monnae Michaell, Linc Hand, Thomas Helgeland, Clint O'Brien, Christopher Harvey, Johnny Knight, Hamish Linklater, Barry Suttle, Gino Anthony Pesi, Brad Beyer, Peter Jurasik, Harrison Ford, David Thoms, Colman Domingo, Dan Mengini, Derek Phillips, William Flaman, Kelley Jakle, Scott Callaway, John C. McGinley, Ari Blinder, Brett Cullen, Jesse Luken, Hunter Clowdus, Benjamin C. Graham, Karole Foreman, Jamie Ruehling, Toby Huss, Andrew C. Mullins, Gary Miller, Joe Inscoe, Jimmie L. Coleman, Chadwick Boseman, Nicole Beharie, Jackson Walker, Jon Kohler, Alan Tudyk, Kenny Cook, Daniel Fenlon, Dennis A. Spears, Mark Harelik, T.R. Knight, Christopher Meloni, Cherise Boothe, Lou Criscuolo, Peter MacKenzie",Brian Helgeland,Don Burgess,Brian Helgeland,"Dick Cook, Jason Clark, Thomas Tull, Jon Jashni",Mark Isham,7.5,107334,/iZ7jVGQWj3eBUdqwAPUlKk0BaS2.jpg,4,2013,15,42,iron man 3,"hollywood, california (1), premiere (1), blank (8), video on demand (1), dvd premiere (10), blu-ray and dvd (1), internet (2), limited (1), shanghai international film festival (1), tokyo international film festival (1)",8,2,27,0.07,no,no
428449,A Ghost Story,7.1,2408,Released,2017-04-24,1929659,93,100000,tt6265828,en,A Ghost Story,"Recently deceased, a white-sheeted ghost returns to his suburban home to console his bereft wife, only to find that in his spectral state he has become unstuck in time, forced to watch passively as the life he knew and the woman he loves slowly slip away.",3.8523,It's all about time.,"Drama, Fantasy, Mystery, Romance","sailor bear, zero trans fat productions, ideaman studios",United States of America,English,"Yasmina Gutierrez, Constance Jones, Jared Kopf, Kathy Jordan, Monalisa Amidar, Joel David Taylor, Sylvie Tomerlin, Rooney Mara, Jim Johnson, Da-Voncia Hendricks, Bryan Pitts, Richard Krause, Marcella Langdon, David Miller, Jacie Scott, Afomia Hailemeskel, Will Oldham, Giovannie Cruz, Dagger Salazar, Rob Zabrecky, Casey Affleck, Margot Tomerlin, Augustine Frizzell, Phillip Amidar, David Helms, Jonny Mars, Carlos Bermudez, Liz Cardenas, Brea Grant, CG. Lewis III, Rachel Chambers, Savanna Sears, David Lowery, Savanna Walsh, Kimberly Fiddes, Stan Sanders, David Fraga, Alexis Fleisig, Aaron Roberts, Branton Ellerbee, Hector Escalante, William Sydney, Alvis Lewis, Grover Coulson, Daniel Escudero, Kesha, Jordan Jett Raines, Kris Youmans, Kenneisha Thompson, David Pink, Kevin Jacobs, McColm Cephas Jr., Sara Tomerlin, Otis Harris, Paulie Killgore, Juan Fiol, Chris Gardner, Nainoa McKeague, Tanya Foster, Rachel Ballard, Scooter Walsh, Brandi Price, David Keller, Taylor Anne Ramsey, Derrick Halverston, Kimberly Gail Williams, Neken Williams, Barlow Jacobs, Randy E. Aguebor, Nikita Patel, Kelli Holdridge, Andrew Tinker, Sonia Acevedo",David Lowery,Andrew Droz Palermo,David Lowery,"James M. Johnston, David Maddox, Adam Donaghey, Toby Halbrooks",Daniel Hart,6.8,85227,/rp5JPIyZi9sMob15l46zNQLe5cO.jpg,4,2017,17,a ghost story,guardians of the galaxy vol. 2,"sundance film festival (1), chicago critics film festival (1), sundance london film festival (1), seattle international film festival (1), oak cliff film festival (1), sydney film festival (1), bamcinemafest (1), karlovy vary international film festival (1), limited (4), galway film fleadh (1), fantasia international film festival (1), blank (16), new horizons film festival (1), sarajevo film festival (1), toronto international film festival (1), deauville film festival (1), scenic city film festival (1), cph: pix (1), parool film fest (1), sitges film festival (1), vienna international film festival (1), leiden international film festival (1), subtitled version (1), los cabos international film festival (1), molins film festival (1), paris international fantastic film festival (1), dvd premiere (4), molodist international film festival (1), titanic international filmpresence festival (1), dvd and blu-ray premiere (1), tv release (2), internet (1), tv premiere (1), film festival ghent (1)",16,1,56,0.02,no,no
258230,A Monster Calls,7.287,3468,Released,2016-10-07,47309313,108,43000000,tt3416532,en,A Monster Calls,12-year-old Conor encounters an ancient tree monster who proceeds to help him cope with his mother's terminal illness and being bullied in school.,3.2679,Stories are wild creatures.,"Fantasy, Adventure, Family","river road entertainment, participant, apaches films, la trini, a monster calls, telecinco cinema","Spain, United States of America",English,"Frida Palsson, James Melville, Lee Bolton, Dominic Boyle, Lily-Rose Aslandogdu, Sigourney Weaver, Ben Moor, Lewis MacDougall, Oliver Steer, Max Golds, Garry Marriott, Max Gabbay, Morgan Symes, Wanda Opalinska, Jake Talbot, Geraldine Chaplin, Patrick Taggart, Felicity Jones, Joe Curtis, Liam Neeson, Toby Kebbell, Jennifer Lim",J.A. Bayona,√ìscar Faura,"Siobhan Dowd, Patrick Ness","Bill Pohlad, Jeff Skoll, Sandra Hermida, Jonathan King, Bel√©n Atienza, Enrique L√≥pez Lavigne, Patrick Ness, Ghislain Barrois, Patrick Wachsberger, √Ålvaro Augustin, Mitch Horwits",Fernando Vel√°zquez,7.4,97742,/vNzWJwVqjszWwXrA7ZfsrJmhgV9.jpg,10,2016,40,a monster calls,doctor strange,"toronto international film festival (1), donostia-san sebastián international film festival (1), zurich film festival (1), helsinki international film festival (1), fantastic fest (1), bfi london film festival (1), blank (58), mill valley film festival (1), leiden international film festival (1), cph: pix (1), camerimage film festival (1), stockholm international film festival (1), international film festival & awards macao (1), dubai international film festival (1), limited (1), future film festival (1), tv premiere (1), dvd premiere (1)",58,0,75,0.0,no,no
23437,A Nightmare on Elm Street,5.5,2827,Released,2010-04-30,115664037,95,35000000,tt1179056,en,A Nightmare on Elm Street,"Teenagers Nancy, Quentin, Kris, Jesse and Dean are all neighborhood friends who begin having the same dream of a horribly disfigured man who wears a tattered sweater and a glove made of knives. The man terrorizes them in their dreams, and the only escape is to wake up. But when, one by one, they start dying violently, the friends realize that what happens in the dream world is real, and the only way to stay alive is to stay awake.",5.1365,Welcome to your new nightmare.,"Horror, Mystery, Thriller","platinum dunes, new line cinema, warner bros. pictures",United States of America,English,"Thomas Dekker, Dominick Coviello, Kyra Krumins, Christian Stolte, Julianna Damm, Leah Uteg, Don Robert Cass, Hailey Schooping Knight, Scott Lindvall, Kurt Naebig, Katie Cassidy, Parker Bagley, Aaron Yoo, Christine Crawley, Pete A. Kelly, Jackie Earle Haley, Kyle Gallner, Rooney Mara, Connie Britton, Brayden Coyer, Christopher Woods, Andrew Fiscella, Kellan Lutz, Bob Kizer, Katie Schooping Knight, Clancy Brown, Jennifer Robers, Tania Randall, Max Holt, Rob Riley, Lia D. Mortensen, Jason Brandstetter, Logan Stalzer",Samuel Bayer,Jeff Cutter,"Eric Heisserer, Wes Craven, Wesley Strick","Brad Fuller, Michael Lynne, Mike Drake, Andrew Form, Robert Shaye, Richard Brener, Dave Neustadter, Michael Bay, Walter Hamada",Steve Jablonsky,5.2,113680,/nsmW28GcNabCUZfP5YtUEe8Li0f.jpg,4,2010,17,a nightmare on elm street,iron man 2,"hollywood, california (1), premiere (3), blank (54), buenos aires (1), french speaking region (1), german speaking region (1), ekek sika säkissä film festival (1), madrid (1), blu-ray release (1), islas baleares (1), event (1), internet (1)",54,1,67,0.01,no,no
447332,A Quiet Place,7.395,14868,Released,2018-04-03,340955294,91,17000000,tt6644200,en,A Quiet Place,A family is forced to live in silence while hiding from creatures that hunt by sound.,8.5423,"If they hear you, they hunt you.","Horror, Drama, Science Fiction","paramount pictures, platinum dunes",United States of America,English,"Cade Woodward, Rhoda Pell, Leon Russom, John Krasinski, Emily Blunt, Noah Jupe, Millicent Simmonds",John Krasinski,Charlotte Bruus Christensen,"Bryan Woods, John Krasinski, Scott Beck","Bryan Woods, Scott Beck, Celia D. Costas, Allyson Seeger, Aaron Janus, Andrew Form, John Krasinski, Michael Bay, Brad Fuller",Marco Beltrami,7.5,643884,/nAU74GmpUk7t5iklEp3bufwDq4n.jpg,4,2018,14,a quiet place,avengers: infinity war,"south by southwest film festival (1), blood window fest (1), new york city, new york (1), premiere (1), blank (62), blu-ray release (1), internet (2)",62,2,69,0.03,no,no
415842,American Assassin,6.4,3144,Released,2017-07-14,67200000,112,33000000,tt1961175,en,American Assassin,"Following the murder of his fianc√©e, Mitch Rapp trains under the instruction of Cold War veteran Stan Hurley. The pair then is enlisted to investigate a wave of apparently random attacks on military and civilian targets.",5.3973,Assassins aren't born. They're made.,"Action, Adventure, Thriller","tik films, di bonaventura pictures, nick wechsler productions, lionsgate, cbs films","Hong Kong, United States of America","English, ÿßŸÑÿπÿ±ÿ®Ÿäÿ©, Espa√±ol, Italiano, ŸÅÿßÿ±ÿ≥€å, Polski, T√ºrk√ße","Kamil Lemieszewski, Joost Janssen, Matt Rippy, Trevor White, Shani Erez, Gjevat Kelmendi, Tolga Safer, Chris Webster, Josh Danford, Martina Brusco, Dylan O'Brien, G√∂ksun √áam, Kola Bokinni, Aso Sherabayani, Adam Collins, Christopher Bomford, Nej Adamson, Khalid Laith, Sanaa Lathan, Nick Cavaliere, Navid Negahban, Andrew Pleavin, Jorge Leon, Scott Adkins, Mohammad Bakri, Jake Mann, JF Davis, Sydney White, Damian Dudkiewicz, Joseph Long, Buster Reeves, Adam Robertson, Michael Keaton, Sharif Dorani, Ronan Summers, Shahid Ahmed, Charlotte Vega, Vladimir Friedman, Alexander Winters, Shiva Negar, Bruno Bilotta, Dacio Caballero, Garreth Hadfield, Michael Wildman, David Suchet, Simon Connolly, Alexis Barron, Roberto Sgarbi, Bentley Kalu, Taylor Kitsch, Yousef Sweid, Alaa Safi, Stephen Shafer",Michael Cuesta,Enrique Chediak,"Edward Zwick, Marshall Herskovitz, Michael Finch, Vince Flynn, Stephen Schiff","Daniel M. Stillman, Nick Wechsler, Lorenzo di Bonaventura",Steven Price,6.2,98752,/w6vjeHx3UEaBXIyc8VFqyZYKznD.jpg,7,2017,28,american assassin,spider-man: homecoming,"new york city (1), premiere (1), blank (89), rtp 1 (1), tv premiere (1), internet (1)",89,1,94,0.01,no,no
484641,Anna,6.7,2838,Released,2019-06-19,31626978,119,34000000,tt7456310,en,Anna,Beneath Anna Poliatova's striking beauty lies a secret that will unleash her indelible strength and skill to become one of the world's most feared government assassins.,4.7249,Never make the weapon the target,"Action, Adventure, Thriller","europacorp, tf1 films production, summit entertainment, work in progress, fetish film, skyprod, ondamax films","France, Guadaloupe, Russia, Serbia, United States of America","Italiano, English, Nederlands, P—É—Å—Å–∫–∏–π","Travis Kerschen, Zac Andianas, Victoria Cyr, Aya Yabuuchi, Niccol√≤ Senni, Jan Oliver Schroeder, Noam Frost, Adrian Can, Leonid Glushchenko, Wendy Grenier, Christopher Craig, Grace Hancock, Greta Varlese, Igor Savochkin, Sasha Beliaeva, Mikhail Safronov, Kamila Hovorkov√°, Nikita Pavlenko, Eric Lampaert, Anthony Weber, Elise Lissague, Cansu Tosun, Nastya Sten, Fran√ßois Girard, Rupert Wynne-James, Ernest Gromov, Scott Thurn, Emmanuel M√©nard, R√©ginal Kudiwu, Yuriy Zavalnyouk, Manuel Sinor, Alexandre Majetniak, Alexander Petrov, Louise Parker, Julia Munrow, Fany Le Gac, Terrence Amadi, √âric Godon, Cillian Murphy, William Sciortino, Colin Bates, Eduard Flerov, Christophe Tek, Anna Krippa, Alison Wheeler, Toni Hristov, Sasha Luss, Aleksey Maslodudov, Sergey Bachurskiy, Jordan Dwayne, Peter Lamarque, Mab√¥ Kouyat√©, Lera Abova, Maxence Huet, Scott Thrun, Helen Mirren, Paul Lef√®vre, Jean-Baptiste Puech, Ivan Franƒõk, Sergey Zharkov, Viatcheslav Ardachev, G√©rard Graillot, Maria Luss, Dmitriy Grinevich, Jess Liaudin, Tonio Descanvelle, David Coburn, James Joint, Pauline Hoarau, Andrew Howard, Luke Evans, Jean-Marc Montalto, Lauren de Graaf, Alain Figlarz, Laurent Ferraro",Luc Besson,Thierry Arbogast,Luc Besson,"Artemio Benki, Eric Mathis, Marc Shmuger, Romain Lancel, Blanche Neumann, Anƒëelija Vlaisavljeviƒá, Luc Besson, Gnama Baddy-Dega, Michele Petternella",√âric Serra,6.7,105150,/2U0oAVAE0lDRhNmJPPYhDW9kQ8t.jpg,6,2019,25,anna,spider-man: far from home,"blank (53), los angeles, california (1), premiere (1), internet (1), blu-ray and dvd premiere (1), dvd premiere (3), ischia global film & music festival (1), rtp 1 (1), tv premiere (1)",53,1,63,0.02,no,no
521029,Annabelle Comes Home,6.4,3734,Released,2019-06-26,231252591,106,27000000,tt8350360,en,Annabelle Comes Home,"Determined to keep Annabelle from wreaking more havoc, demonologists Ed and Lorraine Warren bring the possessed doll to the locked artifacts room in their home, placing her ‚Äúsafely‚Äù behind sacred glass and enlisting a priest‚Äôs holy blessing. But an unholy night of horror awaits as Annabelle awakens the evil spirits in the room, who all set their sights on a new target‚Äîthe Warrens' ten-year-old daughter, Judy, and her friends.",7.2183,Possess them all.,Horror,"atomic monster, the safran company, new line cinema",United States of America,English,"Kenzie Caplan, Michael Cimino, Paul Dean, Gary-7, Patrick Wilson, Stephen Blackehart, Luca Luhan, Samara Lee, Douglas Tait, Natalia Safran, Sade Katarina, Katie Sarife, Anthony Wemyss, Eddie J. Fernandez, Bob Telford, Oliver Dauberman, Alexander Ward, Joanna Bartling, Sara Raftery, Bill Kottkamp, Emily Brobst, Steve Coulter, Mckenna Grace, Madison Iseman, Vera Farmiga, Edwin Scheibner, Alison White, Michael Patrick McGill",Gary Dauberman,Michael Burgess,"Gary Dauberman, James Wan","Judson Scott, Dave Neustadter, Michael Clear, Michelle Morrissey, Richard Brener, Peter Safran, James Wan, Victoria Palmeri",Joseph Bishara,5.9,98786,/qWsHMrbg9DsBY3bCMk9jyYCRVRs.jpg,6,2019,26,annabelle comes home,spider-man: far from home,"cinepocalypse (1), los angeles, california (1), premiere (1), blank (67), dvd premiere (1)",67,0,71,0.0,no,no
300668,Annihilation,6.433,9062,Released,2018-02-22,43070915,115,40000000,tt2798920,en,Annihilation,"A biologist signs up for a dangerous, secret expedition into a mysterious zone where the laws of nature don't apply.",5.7557,Fear what's inside.,"Science Fiction, Horror","paramount pictures, skydance media, dna films, scott rudin productions","United Kingdom, United States of America",English,"Tuva Novotny, Kumud Pant, Hiten Patel, Tessa Thompson, Sonoya Mizuno, Honey Holmes, Matthew Simpson, Kristen McGarrity, John Schwab, Benedict Wong, Natalie Portman, Cosmo Jarvis, Jennifer Jason Leigh, Kola Bokinni, Gina Rodriguez, Oscar Isaac, David Gyasi, Josh Danford, Sammy Hayman",Alex Garland,Rob Hardy,"Jeff VanderMeer, Alex Garland","Andrew Macdonald, Dana Goldberg, Scott Rudin, Don Granger, Allon Reich, Jo Burn, Eli Bush, David Ellison","Geoff Barrow, Ben Salisbury",6.8,387031,/4YRplSk6BhH6PRuE9gfyw9byUJ6.jpg,2,2018,8,annihilation,black panther,"westwood, california (1), premiere (1), blank (5), internet (30), dvd and blu-ray premiere (6), dvd & blu ray release (1), ifc center, new york city (1)",5,30,45,0.67,yes,no
102899,Ant-Man,7.067,20407,Released,2015-07-14,519311965,117,130000000,tt0478970,en,Ant-Man,"Armed with the astonishing ability to shrink in scale but increase in strength, master thief Scott Lang must embrace his inner-hero and help his mentor, Doctor Hank Pym, protect the secret behind his spectacular Ant-Man suit from a new generation of towering threats. Against seemingly insurmountable obstacles, Pym and Lang must plan and pull off a heist that will save the world.",7.3813,Heroes don't get any bigger.,"Science Fiction, Action, Adventure",marvel studios,United States of America,English,"Anthony Mackie, Chuck David Willis, David Dastmalchian, Reuben Langdon, Tom Kenny, Antal Kalik, Zamani Wilder, Judy Greer, Martin Donovan, Desmond Phillips, Sebastian Stan, Bobby Cannavale, Ajani Perkins, Hayley Lovitt, Abby Ryder Fortson, Adam Hart, Corey Stoll, Jean Louisa Kelly, Darcie Isabella Cottrell, Dax Griffin, Evangeline Lilly, Stan Lee, Robert Crayton, Erik Betts, T.I., Rus Blackwell, Carlos Aviles, Anna Akana, Hayley Gagner, Carol Anne Watts, Johnny Pemberton, Michael Jamorski, Teddy Williams, Diana Chiritescu, Nicholas Barrera, Michael Douglas, Michael Pe√±a, Ricki Lander, Casey Pieretti, Kevin Buttimer, Neko Parham, Lyndsi LaRose, Joe Chrest, Wood Harris, Rick Avery, Jim R. Coleman, Garrett Morris, Aaron Saxton, Zack Duhame, Onira Tar√©s, Hayley Atwell, Alex Chansky, Vanessa Ross, Michael Trisler, Kevin Lacz, Rod Hallett, Todd Schneider, Joe Bucaro III, Clay Donahue Fontenot, Raul Colon, Daniel Stevens, Gregg Turkington, Michael A. Cook, Danny Vasquez, Chris Evans, Kylen Davis, Paul Rudd, Jessejames Locorriere, John Slattery, Norma Alvarez",Peyton Reed,Russell Carpenter,"Adam McKay, Edgar Wright, Stan Lee, Jack Kirby, Larry Lieber, Joe Cornish, Paul Rudd","Alan Fine, Victoria Alonso, Edgar Wright, Kevin Feige, Stan Lee, Michael Grillo, Louis D'Esposito",Christophe Beck,7.2,766655,/rQRnQfUl3kfp78nCWq8Ks04vnq1.jpg,7,2015,29,ant-man,ant-man,"los angeles, california (1), premiere (4), london (1), fourmies (1), fantasia international film festival (1), blank (73), tunis (1), tokyo (1), dvd and blu-ray premiere (1), imax re-release (1), disney+ premiere (1), blu-ray release (1)",73,0,87,0.0,no,no
363088,Ant-Man and the Wasp,6.9,13810,Released,2018-07-04,622674139,119,140000000,tt5095030,en,Ant-Man and the Wasp,"Just when his time under house arrest is about to end, Scott Lang once again puts his freedom at risk to help Hope van Dyne and Dr. Hank Pym dive into the quantum realm and try to accomplish, against time and any chance of success, a very dangerous rescue mission.",4.8506,Real heroes. Not actual size.,"Action, Adventure, Science Fiction",marvel studios,United States of America,English,"Michelle Pfeiffer, Seth McCracken, James Siderits, T.I., Sergio Briones, Walton Goggins, Mika Kubo, John Ozuna, Reggie Aqui, Brian Huskey, Simon Potter, Michael Douglas, Riann Steele, Jessica Winther, Torrey Vogel, Tom Scharpling, Steven Wiig, Dale Liner, Corey Seaver, Benjamin Weaver, Rob Archer, Judy Greer, Randall Park, Hayley Lovitt, Evangeline Lilly, Charles Justo, Norwood Cheek, Julia Vera, Natasha Zouves, Sophia Marcs, Tim Heidecker, Jamel Chambers, Dax Griffin, Sandra Dee Richardson, Bryan Lugo, Suehyla El-Attar Young, Kevin Carscallen, William W. Barbour, David Dastmalchian, Jake Hanson, Jessica Castro, Alexis Smith, Timothy Carr, Benjamin Byron Davis, Goran Kostiƒá, Ana Maria Quintana, Paul Rudd, Vanessa Ross, Michael Cerveris, Langston Fishburne, Blake Vogt, Sean Kleier, Denney Pierce, Bobby Cannavale, Jennifer Black, Marcella Bragio, Laurence Fishburne, Tahseen Ghauri, Abby Ryder Fortson, RaeLynn Bratten, Stan Lee, Mike Nicco, Hannah John-Kamen, Chris Gann, Divian Ladwa, Virginia Hamilton, Rick Richardson, Darcy Shean, Sawyer D. Jones, Madeleine McGraw, Andy Arness, Joshua Mikel, Michael Pe√±a, Zachary Culbertson, Tanya Wheelock, Jon Wurster",Peyton Reed,Dante Spinotti,"Andrew Barrer, Stan Lee, Jack Kirby, Chris McKenna, Larry Lieber, Paul Rudd, Erik Sommers, Gabriel Ferrari","Victoria Alonso, Stan Lee, Louis D'Esposito, Kevin Feige, Stephen Broussard, Charles Newirth",Christophe Beck,7.0,484337,/cFQEO687n1K6umXbInzocxcnAQz.jpg,7,2018,27,ant-man and the wasp,ant-man and the wasp,"los angeles, california (1), premiere (1), blank (73), kathmandu (1), milan (1), imax re-release (1), dvd and blu-ray premiere (1), blu-ray release (1)",73,0,80,0.0,no,no
640146,Ant-Man and the Wasp: Quantumania,6.3,5489,Released,2023-02-15,476071180,125,200000000,tt10954600,en,Ant-Man and the Wasp: Quantumania,"Super-Hero partners Scott Lang and Hope van Dyne, along with with Hope's parents Janet van Dyne and Hank Pym, and Scott's daughter Cassie Lang, find themselves exploring the Quantum Realm, interacting with strange new creatures and embarking on an adventure that will push them beyond the limits of what they thought possible.",7.1325,Witness the beginning of a new dynasty.,"Action, Adventure, Science Fiction","marvel studios, kevin feige productions",United States of America,English,"Michelle Pfeiffer, Judy Jeffrey, Katy O'Brian, Osian Roberts, Tess Aubert, Nicola Peluso, Bill Murray, Jamie Andrew Cutler, Michael Douglas, Mark Weinman, Grahame Fox, Matthew Wood, Tom Scharpling, Tom Clark, Mia Gerstel, Ruben Rabasa, Randall Park, Evangeline Lilly, Jonathan Majors, David J. Castillo, Roger Craig Smith, Leonardo Taiwo, Tracy Jeffrey, Alan Heitz, William Jackson Harper, John Nayagam, Russell Balogh, Liran Nathan, Adam Sai, Ryan Bergara, Ross Mullan, David Dastmalchian, Cathy Chan, Briza Covarrubias, Loveday Smith, Harrison Daniels, Aisling Mara Andreica, Leon Cooke, Paul Rudd, Durassie Kiangangu, John Townsend, Milton Lopes, Jakari Fraser, Esther McAuley, Kathryn Newton, Tom Hiddleston, Corey Stoll, Nathan Blees, Owen Wilson, Greta Nayagam, Jamie Sai, Gregg Turkington, Mark Oliver Everett, Melanie Garcia, Dey Young, Jake Millgard, Sam Symons, Lucas Gerstel, Dinah Jeffrey, Brahmdeo Shannon Ramana, Patricia Belcher, Sierra Katow, Marielle Scott, Sir Cornwell",Peyton Reed,Bill Pope,"Stan Lee, Jeff Loveness, Jack Kirby, Larry Lieber, Ernie Hart, Andrew Reiber","Victoria Alonso, Louis D'Esposito, Kevin Feige, Stephen Broussard, Kevin De La Noy","Michael Paraskevas, Christophe Beck",6.0,261071,/qnqGbB22YJ7dSs4o6M7exTpNxPz.jpg,2,2023,7,ant-man and the wasp: quantumania,ant-man and the wasp: quantumania,"blank (52), internet (3)",52,3,55,0.05,no,no
341013,Atomic Blonde,6.4,6438,Released,2017-07-26,100014025,115,30000000,tt2406566,en,Atomic Blonde,An undercover MI6 agent is sent to Berlin during the Cold War to investigate the murder of a fellow agent and recover a missing list of double agents.,6.4658,Talents can be overrated.,"Action, Adventure, Thriller","focus features, denver & delilah productions, 87eleven, sierra/affinity, closed on mondays entertainment, tgim films, film i v√§st","Germany, Hungary, Sweden, United States of America","svenska, English, Deutsch, P—É—Å—Å–∫–∏–π","Bal√°zs Lengyel, Martin Angerbauer, Eddie Marsan, Attila Hasznosi, James Faulkner, Attila √Årpa, Declan Hannigan, Charlize Theron, Lili Gesler, Daniel Bernhardt, Cale Schultz, James McAvoy, Sara Natasa Szonda, Sam Hargrave, Toby Jones, Daniel Hargrave, Barbara Sukowa, Greg Rementer, Roland M√∏ller, Sofia Boutella, Bill Skarsg√•rd, Bal√°zs Veres, John Goodman, Ronald Reagan, Til Schweiger, J√≥hannes Haukur J√≥hannesson",David Leitch,Jonathan Sela,"Sam Hart, Kurt Johnstad, Antony Johnston","Beth Kono, Kurt Johnstad, A.J. Dix, Marc Schaberg, Eric Gitter, Jeff Morrone, Nick Meyer, Joe Nozemack, Peter Schwerin, Kelly McCormick, Ethan Smith, Steven V. Scavelli, Charlize Theron, David Guillod",Tyler Bates,6.7,217131,/kV9R5h0Yct1kR8Hf8sJ1nX0Vz4x.jpg,7,2017,30,atomic blonde,spider-man: homecoming,"south by southwest film festival (1), fantasia international film festival (1), blank (59), locarno film festival (1), internet (3), rtp 1 (1), tv premiere (1), dvd premiere (1)",59,3,68,0.04,no,no
99861,Avengers: Age of Ultron,7.271,23836,Released,2015-04-22,1405403694,141,365000000,tt2395427,en,Avengers: Age of Ultron,"When Tony Stark tries to jumpstart a dormant peacekeeping program, things go awry and Earth‚Äôs Mightiest Heroes are put to the ultimate test as the fate of the planet hangs in the balance. As the villainous Ultron emerges, it is up to The Avengers to stop him from enacting his terrible plans, and soon uneasy alliances and unexpected action pave the way for an epic and unique global adventure.",14.9911,A new age has come.,"Action, Adventure, Science Fiction",marvel studios,United States of America,English,"Nondumiso Tembe, Idris Elba, Bentley Kalu, Andy Serkis, Linda Cardellini, Robert Downey Jr., Chris Hemsworth, James Spader, Aaron Taylor-Johnson, Isaac Andrews, Verity Hewlett, Chan Woo Lim, Riccardo Richetta, Gareth Kieran Jones, Namju Go, Earl T. Kim, Jaiden Stafford, Robert J. Fraser, Lou Ferrigno, Hayley Atwell, Brian Schaeffer, Dominique Provost-Chalkley, Samuel L. Jackson, Arthur Lee, Zakk Pierce, Julian Bleach, Don Cheadle, Stan Lee, Michael Matovski, Monty Mclaren-Clark, Tony Christian, Jeremy Renner, Harriet Lenabe, Mathapelo September, Minhee Yeo, Constanza Ruff, Lele Ledwaba, Elizabeth Olsen, Mina Kweon, Aaron Himelstein, Christopher Beasley, Beulah Hashe, Mandla Gaduka, Chioma Anyanwu, Paul Bettany, Kerry Condon, Cobie Smulders, Scarlett Johansson, Thomas Kretschmann, Kabelo Thai, Claudia Kim, Vuyo Dabula, Musca Kumalo, Antony Acheampong, Ben Sakamoto, Anthony Mackie, Imogen Poynton, Julie Delpy, Ian Kay, Isabella Poynton, Barry Aird, Chris Luca, Alma Noce, Chris Evans, Ingvild Deila, Henry Goodman, Josh Brolin, Stellan Skarsg√•rd, Julia Krynke, Mark Ruffalo, Sunny Yeo",Joss Whedon,Ben Davis,"Joss Whedon, Jim Starlin, Stan Lee, Jack Kirby, Joe Simon","Kevin Feige, Louis D'Esposito, Jon Favreau, Jeremy Latcham, Alan Fine, Stan Lee, Patricia Whitcher, Victoria Alonso","Danny Elfman, Brian Tyler",7.3,980228,/4ssDuvEDkSArWEdyBl2X5EHvYKU.jpg,4,2015,17,avengers: age of ultron,avengers: age of ultron,"los angeles, california (1), premiere (2), blank (80), french speaking region (1), italian speaking region (1), german speaking region (1), tokyo (1), dvd and blu-ray premiere (1), 3-d version (1), beijing international film festival (1), imax re-release (1), disney+ premiere (1)",80,0,92,0.0,no,no
299534,Avengers: Endgame,8.237,26907,Released,2019-04-24,2799439100,181,356000000,tt4154796,en,Avengers: Endgame,"After the devastating events of Avengers: Infinity War, the universe is in ruins due to the efforts of the Mad Titan, Thanos. With the help of remaining allies, the Avengers must assemble once more in order to undo Thanos' actions and restore order to the universe once and for all, no matter what consequences may be in store.",13.8774,Avenge the fallen.,"Adventure, Science Fiction, Action",marvel studios,United States of America,"English, Êó•Êú¨Ë™û, ","Dave Bautista, Chris Evans, Marisa Tomei, Tom Hiddleston, Mark Ruffalo, Elizabeth Olsen, Taika Waititi, Michael A. Cook, John Posey, Robert Downey Jr., John Slattery, Tessa Thompson, Cobie Smulders, Scarlett Johansson, Robert Pralgo, James D'Arcy, Bradley Cooper, Erica Ribley, Agostino Rosalina, Lee Moore, James Lin, Josh Brolin, Emma Fuhrmann, Terry Notary, Ken Jeong, Chris Pratt, Angela Bassett, Yvette Nicole Brown, Jimmy Ray Pickens, Stan Lee, Jamie Wedel, Olaniyan Thurmon, Donald Mustard, Michael Douglas, Lia Mariella Russo, Tilda Swinton, Natalie Portman, Matthew Berry, Taylor Patterson, Paul Rudd, Letitia Wright, Robert Redford, Ty Simpkins, Rene Russo, Sebastian Stan, Gwyneth Paltrow, Chadwick Boseman, Michael James Shaw, Jennifer Elmore, Karen Gillan, Samuel L. Jackson, Benedict Wong, Brian Schaeffer, Joe Russo, Jeremy Renner, Hayley Atwell, Robert Tinsley, Callan Mulvey, Ben Sakamoto, Loen LeClair, Maximiliano Hern√°ndez, Hye Jin Jang, Tom Holland, Aaron Lazar, Vin Diesel, William Hurt, Danai Gurira, Monique Ganderton, Mike Lutz, Linda Cardellini, John Michael Morris, Patrick Gorman, Lexi Rabe, Sean Gunn, Julian Russo, Ross Marquand, Joy McAvoy, Anthony Mackie, Jack Champion, Benedict Cumberbatch, Cade Woodward, Jackson A. Dunn, Chris Hemsworth, Don Cheadle, Frank Grillo, Bazlo LeClair, Anthony G Breed, Sam Hargrave, Jacob Batalon, Brent McGee, Winston Duke, Hiroyuki Sanada, Michelle Pfeiffer, Jim Starlin, Tom Wisdom, Pom Klementieff, Tom Vaughan-Lawlor, Jon Favreau, Evangeline Lilly, Brie Larson, Ava Russo, Zoe Salda√±a, Kerry Condon, Ameenah Kaplan, Russell Bobbitt","Anthony Russo, Joe Russo",Trent Opaloch,"Christopher Markus, Steve Gan, Larry Lieber, Stan Lee, Bill Mantlo, Jim Starlin, Steve Englehart, Keith Giffen, Joe Simon, Jack Kirby, Don Heck, Stephen McFeely","Kevin Feige, Victoria Alonso, Jon Favreau, Stan Lee, Michael Grillo, Trinh Tran, Louis D'Esposito, James Gunn",Alan Silvestri,8.4,1399585,/bR8ISy1O9XQxqiy0fQFw2BX72RQ.jpg,4,2019,17,avengers: endgame,avengers: endgame,"shanghai (1), premiere (2), los angeles, california (1), limited (2), moscow international film festival (1), blank (75), imax version (1), re-release (8), extended version (8), dvd and blu-ray premiere (2)",75,0,101,0.0,no,no
299536,Avengers: Infinity War,8.235,31117,Released,2018-04-25,2052415039,149,300000000,tt4154756,en,Avengers: Infinity War,"As the Avengers and their allies have continued to protect the world from threats too large for any one hero to handle, a new danger has emerged from the cosmic shadows: Thanos. A despot of intergalactic infamy, his goal is to collect all six Infinity Stones, artifacts of unimaginable power, and use them to inflict his twisted will on all of reality. Everything the Avengers have fought for has led up to this moment - the fate of Earth and existence itself has never been more uncertain.",23.5327,Destiny arrives all the same.,"Adventure, Action, Science Fiction",marvel studios,United States of America,"English, ","Michael Anthony Rogers, Blair Jasin, Matthew Zuk, Bobby James, Dave Bautista, Stan Lee, Carrie Coon, Tiffany Espensen, Chris Evans, Chris Hemsworth, Don Cheadle, Marija Abney, Florence Kasumba, Robert Tinsley, Olaniyan Thurmon, Tom Hiddleston, Stephen McFeely, James Siderits, Jacob Batalon, Precious Jenkins, Winston Duke, Tom Holland, Aaron Lazar, Mark Ruffalo, Elizabeth Olsen, Zola Williams, Vin Diesel, Robert Downey Jr., William Hurt, Laura Miller, Danai Gurira, Monique Ganderton, Idris Elba, Pom Klementieff, Paul Bettany, Scarlett Johansson, Tom Vaughan-Lawlor, Cobie Smulders, Ethan Dizon, Letitia Wright, Marie Mouroum, Isabella Amara, Robert Pralgo, Peter Dinklage, Benicio del Toro, Gary Peebles, Lady Cardinal, Sean Gunn, Tanya Wheelock, Bradley Cooper, Sebastian Stan, Gwyneth Paltrow, Chadwick Boseman, Zoe Salda√±a, Michael James Shaw, Josh Brolin, Kerry Condon, Ariana Greenblatt, Ross Marquand, Anthony Mackie, Terry Notary, Ameenah Kaplan, Benedict Cumberbatch, Chris Pratt, Kenneth Branagh, Karen Gillan, Harrison Osterfield, Samuel L. Jackson, Benedict Wong","Anthony Russo, Joe Russo",Trent Opaloch,"Christopher Markus, Steve Gan, Larry Lieber, Bill Mantlo, Stan Lee, Jim Starlin, Steve Englehart, Joe Simon, Keith Giffen, Jack Kirby, Don Heck, Stephen McFeely","Alan Fine, Kevin Feige, Victoria Alonso, Jon Favreau, Stan Lee, Trinh Tran, Louis D'Esposito, James Gunn",Alan Silvestri,8.4,1329467,/7WsyChQLEftFiDOVTGkv3hFpyyt.jpg,4,2018,17,avengers: infinity war,avengers: infinity war,"los angeles, california (1), premiere (1), blank (78), french speaking region (1), dvd and blu-ray premiere (2), imax re-release (1), re-release (2), hindi dubbed version (1)",78,0,87,0.0,no,no
44833,Battleship,5.879,5736,Released,2012-04-11,303025485,131,209000000,tt1440129,en,Battleship,"When mankind beams a radio signal into space, a reply comes from ‚ÄòPlanet G‚Äô, in the form of several alien crafts that splash down in the waters off Hawaii. Lieutenant Alex Hopper is a weapons officer assigned to the USS John Paul Jones, part of an international naval coalition which becomes the world's last hope for survival as they engage the hostile alien force of unimaginable strength. While taking on the invaders, Hopper must also try to live up to the potential that his brother, and his fianc√©e's father‚Äîan Admiral‚Äîexpect of him.",8.0518,The battle for Earth begins at sea.,"Thriller, Action, Adventure, Science Fiction","bluegrass films, film 44, dentsu, universal pictures, hasbro studios","Japan, United States of America","English, Êó•Êú¨Ë™û","Frank Cassavetes, Evan Bernard, Drew Rausch, Anthony A. Kung, Gregory Allen Gabroy, Paul Edney, Joanna Ellenbeck, Dallas Kane Hewitt, Carson Aune, Gregory D. Gadson, Tony Lawson, Legrand Strickland, Hamish Linklater, Davo Coria, Allie Sillah, Marissa Nordhelm, Tyrone Gregg, Andrew Serpas, Dustin J. Reno, Kerry Cahill, Thomas McCurdy, Marcus Lyle Brown, Taylor Kitsch, Teresa Alvarez, David Jensen, Phil Neilson, Ronald Chavez, Bruce Mandell, Tadanobu Asano, Angelo Denova, Adam J. Reeb, Peter MacNicol, Jeffrey Johns, Thomas Grieser, Nobuharu Harada, John Bell, William Long, Hunter Meldman, Brooklyn Decker, James Koons, Kyle Clements, Joseph Wilson, Edward Drew, Norman Vincent McLafferty, Biunca Love, Leonard Rogers, Kevin P. Kearns, Wes Martinez, John A. Weaver, Philip Trifilo, Jonathon Groves, Stephen Baldini, Kiley Margeson, Jason Wilken, Curtis Bush, James Rish, Christopher Darling, Ben Skorstad, Jordan Kirkwood, Dustin Watchman, Patricia Brown, Michael Sherman, Zach Selwyn, Arlene Newman, Rami Malek, Liam Neeson, Michelle Arthur, Gerardo Celasco, Dakota Hill, Kristen StephensonPino, James Hadde, Barbara L. Southern, William Powers, Ryan Tinio, Anthony Czumalowski, Mark J. Lindquist, Kyle Ken Shimabukuro, James Ward, George O'Hanlon, Jr., Benjamin Lloyd, David Kors, John Tui, Brint Terrell, Brad Faucheux, Joe Chrest, Bliss Kelley, Edward J. Clare, Adam Sibley, Stephen Bishop, Wesley Phelps, Joanne Bahris, Pat Lancaster, Kerry-Ann Ellington, Josh Demuth, Christopher Lee Herod, Daven Arce, Jerry Ferrara, Kevin Garlington, John E. Culkin, Tim Blanchard, Robin Atkin Downes, Jay Jackson, Alexander Skarsg√•rd, Peter Berg, Natalia Castellanos, Robert Hotalen, Larry Wegger, Raj K. Bose, Ed Moy, Jane Dubiel, Rick Hoffman, Jesse Plemons, Adam Godley, Ryland Reamy, Dylan Gillooly, Gary Grubbs, Donald Willcutt, Cora Yamagata, Dennis M. Keating, Jason Henderson, Conor McCarry, Masaomi Uchida, Ralph Richardson, Bill Carr, Frank J. Doyle, Tom Cain, Don Dailey, Ray Mabus, Christopher McGahan, Yutaka Takeuchi, Doug Penty, Elvin Yoshida, Rico McClinton, Kennon Kepper, Kristal Kincaid, Barack Obama, Jackie Johnson, Faith Fay, Kasey Emas, John Schmotzer, Alex DeMarco, Damien Seanard Parker, Michael Vernon, Sebastian James, Wallace Mackensen, Eli Miranda, Austin Naulty, Esther Solomon, Jane Runnalls, Gregory Harvey, Louis Lombardi, Kamakani De Dely, Citizen Cope, Garrett Lynch, Lloyd Pitts, Liz Wicker, Geoff Clayton, Mickey Graue, Rihanna, Bill McMullen, Joji Yoshida, Colby Parker, Jr., Hiram L. Fong, Mike Meldman, Luing Andrews, Griff Furst, Leni Ito, Terri Battee, Josh Pence, Johnny Santiago, Jaq Galliano, Billy Slaughter, Dante Jimenez, Dane Justman, Masashi Takekawa, Bill Stinchcomb, Brian C. Hirono, Michael Wozniak, Sean Douglas Hoban, Dan Cooke, Hyoe Joe Takahashi, George Arine, Kelly R. Thomas",Peter Berg,Tobias A. Schliessler,"Jon Hoeber, Erich Hoeber","Duncan Henderson, Brian Goldner, Sarah Aubrey, Scott Stuber, Bennett Schneir, Peter Berg","Liam Westbrook, Steve Jablonsky",5.8,266664,/9b0Im7SfedHiajTwzSL9zGyBI7M.jpg,4,2012,15,battleship,the avengers,"tokyo (1), premiere (3), blank (62), belgrade (1), buenos aires (1), gokujo onkyo film festival (1), dvd premiere (1), internet (1)",62,1,71,0.01,no,no
132344,Before Midnight,7.503,2565,Released,2013-04-05,11176469,109,3000000,tt2209418,en,Before Midnight,"It has been nine years since we last met Jesse and Celine, the French-American couple who once met on a train in Vienna. They now live in Paris with twin daughters but have spent a summer in Greece at the invitation of an author colleague of Jesse's. When the vacation is over and Jesse must send his teenage son off to the States, he begins to question his life decisions, and his relationship with Celine is at risk.",2.5494,Everything's better with maturity.,"Romance, Drama","castle rock entertainment, detour filmproduction, faliro house productions, venture forth","Greece, United States of America","English, ŒµŒªŒªŒ∑ŒΩŒπŒ∫Œ¨, Fran√ßais","Yota Argyropoulou, Serafeim Radis, Charlotte Prior, Yiannis Papadopoulos, Enrico Focardi, Manolis Goussias, Ariane Labed, Ethan Hawke, Jennifer Prior, Walter Lassally, Seamus Davey-Fitzpatrick, Tety Kalafati, Xenia Kalogeropoulou, Panos Koronis, Athina Rachel Tsangari, Julie Delpy, John Sloss, Anouk Servera",Richard Linklater,Christos Voudouris,"Ethan Hawke, Richard Linklater, Julie Delpy, Kim Krizan","Sara Woodhatch, Liz Glotzer, Christos V. Konstantakopoulos, Richard Linklater, Jacob Pechenik, Martin Shafer, John Sloss",Graham Reynolds,7.9,182545,/qbGKJmNUroDz75kh5Oafoall89e.jpg,4,2013,14,before midnight,iron man 3,"sundance film festival (1), berlin international film festival (1), south by southwest film festival (1), international istanbul film festival (1), tribeca film festival (1), indielisboa international film festival (1), san francisco international film festival (1), los angeles, california (1), premiere (3), blank (43), limited (2), sydney film festival (1), paris (1), bucharest (1), taipei film festival (1), belgrade (1), dvd premiere (4), blu-ray release (1), santa barbara film festival (1), beijing international film festival (1), re-release (2), las palmas de gran canaria international film festival (1)",43,0,71,0.0,no,no
777270,Belfast,7.059,1595,Released,2021-11-12,49158343,98,11000000,tt12789558,en,Belfast,"Buddy is a young boy on the cusp of adolescence, whose life is filled with familial love, childhood hijinks, and a blossoming romance. Yet, with his beloved hometown caught up in increasing turmoil, his family faces a momentous choice: hope the conflict will pass or leave everything they know behind for a new life.",3.6179,"No matter how far you go, you never forget where you came from.","Drama, History","tkbc, northern ireland screen","United Kingdom, United States of America","English, Portugu√™s","Judi Dench, Michael Maloney, Mark Hadfield, Scarlett Nunes, Matthew Blaney, Freya Yates, Rachel Feeney, Bill Branagh, Lara McDonnell, Colin Morgan, Gerard McCarthy, Scott Gutteridge, Gerard Horan, Elly Condron, Samuel Menhinick, Leonard Buckley, Drew Dillon, Caitr√≠ona Balfe, Kit Rakusen, Charlie Barnard, Olive Tennant, Frankie Hastings, Nessa Eriksson, Joyce Branagh, James O'Donnell, Ciar√°n Hinds, Chris McCurry, Sid Sagar, Conor MacNeill, Orla McDonagh, Ian Dunnett Jnr, Estelle Cousins, Oliver Savell, John Sessions, Ross O'Donnellan, Josie Walker, Lewis McAskie, Jamie Dornan, Serrana Su-Ling Bliss, Mair√©ad Tyers, Caolan McCarthy, Turlough Convery, Olivia Flanagan, Jude Hill, Victor Alli, Vanessa Ifediora",Kenneth Branagh,Haris Zambarloukos,Kenneth Branagh,"Laura Berwick, Kenneth Branagh, Tamar Thomas, Becca Kovacik",Van Morrison,7.2,99532,/4xs6nHNBjYpRymw8ZQmnVIbJ8Xa.jpg,11,2021,45,belfast,eternals,"telluride film festival (1), toronto international film festival (1), hamburg film festival (1), vancouver international film festival (1), bfi london film festival (1), heartland international film festival (1), mill valley film festival (1), san diego international film festival (1), philadelphia international film festival (1), rome film festival (1), chicago international film festival (1), independent film festival boston (1), newport beach international film festival (1), scad savannah film festival (1), virginia film festival (1), montclair film festival (1), scottsdale international film festival (1), miami film festival (1), academy museum of motion pictures (1), los angeles premiere (1), blank (33), tallinn black nights film festival (1), seville european film festival (1), los cabos international film festival (1), stockholm international film festival (1), rio de janeiro international film festival (1), red sea international film festival (1), barcelona (1), subtitled version (2), premiere (2), madrid (1), blu-ray release (2), greek film archive (1), santa barbara international film festival (1), dvd premiere (2), internet (1), european union film festival 2022 (1), tv premiere (1)",33,1,74,0.01,no,no
284054,Black Panther,7.367,22899,Released,2018-02-13,1349926083,135,200000000,tt1825683,en,Black Panther,"King T'Challa returns home to the reclusive, technologically advanced African nation of Wakanda to serve as his country's new leader. However, T'Challa soon finds that he is challenged for the throne by factions within his own country as well as without. Using powers reserved to Wakandan kings, T'Challa assumes the Black Panther mantle to join with ex-girlfriend Nakia, the queen-mother, his princess-kid sister, members of the Dora Milaje (the Wakandan 'special forces') and an American secret agent, to prevent Wakanda from being dragged into a world war.",13.1973,Long live the king.,"Action, Adventure, Science Fiction",marvel studios,United States of America,"English, ÌïúÍµ≠Ïñ¥/Ï°∞ÏÑ†Îßê, Kiswahili, ","Daniel Kaluuya, Florence Kasumba, Nabiyah Be, Tony Sears, Zola Williams, David S. Lee, Liz Elkins Newcomer, Janeshia Adams-Ginyard, T. Love, Connie Chiume, Alexis Rhee, Roland Kilumbu, Vaughndio Forbes, Chad Crumley, Forest Whitaker, Dorothy Steel, Maria Hippolyte, Isaach de Bankol√©, Lupita Nyong'o, Jeremy Sample, Denzel Whitaker, J√©nel Stevens, Sydelle Noel, Clifford Gay, Angela Bassett, John Kani, Tyler Timmons, Andy Serkis, Stan Lee, Atandwa Kani, Shamel Heath, Jermaine Holt, Lucy Hockings, Mark Ashworth, Sope Aluko, Winston Duke, Marija Abney, Christine Hollingsworth, Ashton Tyler, Alex R. Hibbert, Tristan Timmons, Zenzi Williams, Danny Chung, Marie Mouroum, Abraham Clinkscales, Bambadjan Bamba, Thabo Moropane, Francesca Faridany, Martin Freeman, De'Jon Watts, Chadwick Boseman, Dominique Elijah Smith, Shaunette Ren√©e Wilson, Alexis Louder, Sterling K. Brown, Michael B. Jordan, Sasha Morfaw, Zani Mogodi, Danai Gurira, Sebastian Stan, Jalil Jay Lynch, Letitia Wright, Trevor Noah, Alex C. Riley Hughes, Danny Sapani, Seth Carr",Ryan Coogler,Rachel Morrison,"Simeon Wilkins, Joe Robert Cole, Jack Kirby, Ryan Coogler, Stan Lee","Nate Moore, Victoria Alonso, Jeffrey Chernov, Kevin Feige, Stan Lee, Louis D'Esposito",Ludwig G√∂ransson,7.3,893449,/uxzzxijgPIY7slzFvMotPv8wjKA.jpg,2,2018,7,black panther,black panther,"los angeles, california (1), premiere (1), blank (76), imax version (1), dvd and blu-ray premiere (1), imax re-release (1), special tribute airing (1), dvd premiere (1)",76,0,83,0.0,no,no
505642,Black Panther: Wakanda Forever,7.027,7097,Released,2022-11-09,859102154,162,250000000,tt9114286,en,Black Panther: Wakanda Forever,"Queen Ramonda, Shuri, M‚ÄôBaku, Okoye and the Dora Milaje fight to protect their nation from intervening world powers in the wake of King T‚ÄôChalla‚Äôs death.  As the Wakandans strive to embrace their next chapter, the heroes must band together with the help of War Dog Nakia and Everett Ross and forge a new path for the kingdom of Wakanda.",9.2241,Forever.,"Action, Adventure, Science Fiction",marvel studios,United States of America,"English, Fran√ßais, , Espa√±ol, ","Zainab Jah, Mabel Cadena, Alex Livinalli, Lupita Nyong'o, Florence Kasumba, Robert John Burke, Dorothy Steel, Anderson Cooper, Lieiry J. Perez Escalera, Taylor Holmes, Alan Wells, Danny Sapani, Michaela Coel, Richard Schiff, Connie Chiume, Angela Bassett, Sevyn Hill, Sal Lopez, Divine Love Konadu-Sun, Tenoch Huerta Mej√≠a, Mackenro Alexander, Valerio Dorvillen, Martin Freeman, Manuel Chavez, Leonardo Castro Sitiriche, Letitia Wright, Gavin Macon, Julia Louis-Dreyfus, Trevor Noah, Amber Harrington, D√©l√© Ogundiran, Chadwick Boseman, Michael Blake Kruse, Ivy Haralson, Judd Wild, Rudolph Massanga, Kamaru Usman, Angela Cipra, Gigi Bermingham, Floyd Anthony Johns Jr., Marija Abney, Zola Williams, Shawntae Hughes, Danai Gurira, Corey Hibbert, Janeshia Adams-Ginyard, Justin James Boykin, Jemini Powell, Magatte Saw, Juan Carlos Cantu, Lake Bell, Bill Barrett, Jonathan Gonz√°lez Collins, Jermaine Brantley, Dominique Thorne, Jabari Exum, Sope Aluko, Mar√≠a Mercedes Coroy, Skylar Ebron, Granger Summerset II, Keisha Tucker, Gerardo Aldana, Baaba Maal, Irma Estella La Guerre, Zaiden James, Mar√≠a Tel√≥n, Aba Arthur, Winston Duke, Shawn Roberts, Isaach de Bankol√©, Massamba Diop, Kevin Changaris, Michael B. Jordan, T. Love, Maya Macatumpag, Don Castor, Faya Madrid, Luke Lenza, Josu√© Maychi",Ryan Coogler,Autumn Durald Arkapaw,"Joe Robert Cole, Stan Lee, Jack Kirby, Ryan Coogler","Kevin Feige, Victoria Alonso, Nate Moore, Barry H. Waldman, Louis D'Esposito",Ludwig G√∂ransson,6.6,343864,/sv1xJUazXeYqALzczSZ3O6nkH75.jpg,11,2022,45,black panther: wakanda forever,black panther: wakanda forever,"blank (45), limited (2), internet (2)",45,2,49,0.04,no,no
497698,Black Widow,7.2,10843,Released,2021-07-07,379751131,134,200000000,tt3480822,en,Black Widow,"Natasha Romanoff, also known as Black Widow, confronts the darker parts of her ledger when a dangerous conspiracy with ties to her past arises. Pursued by a force that will stop at nothing to bring her down, Natasha must deal with her history as a spy and the broken relationships left in her wake long before she became an Avenger.",8.5604,Her world. Her secrets. Her legacy.,"Action, Adventure, Science Fiction",marvel studios,United States of America,"English, P—É—Å—Å–∫–∏–π","Cali Nelle, Valentina Herrera, Fiona Griffiths, C.C. Smiff, Judit Varga-Szathmary, Scarlett Johansson, Liani Samuel, Nanna Blondell, Dawid Szatarski, Robert Pralgo, Shawarah Battles, Shaina West, Dale Liner, Martin Razpopov, Andrew Byron, Nina Novich, Lewis Young, Jordyn Curet, Olga Kurylenko, Jade Ma, Claudia Heinz, Lucy Cork, Marcel Dorian, O-T Fagbenle, Danielle Jalade, Lucy-Jayne Murray, Violet McGraw, Ed Ashe, Jade Xu, Tabby Bond, Geoffrey D. Williams, Julia Louis-Dreyfus, Rob Horrocks, Rachel Weisz, Joakim Skarli, Lauren Okadigbo, Caister Myung Choi, Simona Zivkovska, Luigi Boccanfuso, Yuuki Luna, Paul O'Kelly, Ione Butler, Obie Matthew, Erin Jameson, Fatou Bah, Jeremy Renner, David Harbour, Ty Hurley, Liran Nathan, Madeleine Nicholls, Zolt√°n Nagy, William Hurt, Florence Pugh, Sophie Colgrove, Kurt Yue, Josh Henry, Aubrey Cleland, Ray Winstone, Aria Brooks, Ever Anderson, Clem So, Eniko Fulop, Yasmin Riley, Jose Miguel Vasquez, Aur√©lia Agel, Zhan√® Samuels, Noel Krisztian Kozak, Ryan Kiera Armstrong, Oliver Simms, Kalina Vanska, Jacinte Blankenship, Yolanda Lynes, Georgia Curtis, Douglas Robson, Olivier Richters, Stephen Samson, Graham Kitchen, Gavin Lee Lewis, Michelle Lee, Ian Wilson",Cate Shortland,Gabriel Beristain,"Jac Schaeffer, Ned Benson, Eric Pearson","Scarlett Johansson, Kevin Feige, Victoria Alonso, Brad Winderbaum, Louis D'Esposito",Lorne Balfe,6.6,466388,/7JPpIjhD2V0sKyFvhB9khUMa30d.jpg,7,2021,27,black widow,black widow,"madrid (1), fan event (1), premiere (2), taormina film festival (1), blank (57), spain (1), internet (5)",57,5,68,0.07,no,no
1016084,BlackBerry,7.143,768,Released,2023-02-13,2600000,120,5000000,tt21867434,en,BlackBerry,Two mismatched entrepreneurs ‚Äì egghead innovator Mike Lazaridis and cut-throat businessman Jim Balsillie ‚Äì joined forces in an endeavour that was to become a worldwide hit in little more than a decade. The story of the meteoric rise and catastrophic demise of the world's first smartphone.,9.2096,Work hard. Fail hard.,"Comedy, Drama, History","zapruder films, rhombus media, xyz films, ipr.vc","Canada, United States of America, Finland",English,"James Elliot Miniou, Gwynne Phillips, Matt Johnson, Evan Buliung, Martin Donovan, Mark Critch, Michael Ironside, Michael Scott, Elena Juatco, Rodrigo Fernandez-Stoll, Laura Cilevitz, Sean Jones, Glenn Howerton, Pranay Noel, Maher El Hares, Malakai Fox, Al Bernstein, Keanu Lee Nunes, Rich Sommer, Lyndon Casey, Jinny Wong, Saul Rubinek, SungWon Cho, Eric Osborne, Cary Elwes, Gregory Ambrose Calderone, Jay Baruchel, Dillon Casey, David Christo, Lauren Howe, Kelly Van der Burg, Steve Hamelin, Samantha Brown, Tyler Robinson, Derek Groulx, Ben Petrie, Michelle Giroux, Stephanie Moran, Conor Casey, Fuad Musayev, Ethan Eng",Matt Johnson,Jared Raab,"Jacquie McNish, Matt Johnson, Matthew Miller, Sean Silcoff","Fraser Ash, Nick Spicer, Matthew Miller, Aram Tertzakian, Maxime Cottray, Jay McCarrol, Kevin Krikst, Robert Upchurch, Adrian Love, Niv Fichman, Nate Bolotin, Noah Segal",Jay McCarrol,7.3,64878,/ePWKQzOnwabMcJsWYWIiy5p1Ofr.jpg,2,2023,7,blackberry,ant-man and the wasp: quantumania,"berlin international film festival (1), dublin film festival (1), glasgow film festival (1), south by southwest film festival (1), minneapolis st. paul international film festival (1), pff springfest (1), riverrun international film festival (1), san francisco international film festival (1), florida film festival (1), seattle international film festival (1), san luis obispo film festival (1), blank (16), limited (2), dvd release (1), oakville festivals of film and art (1), melbourne international film festival (1), australian premiere (1), rio de janeiro international film festival (1), vienna film festival (1), internet (6), tv release (1), jeonju international film festival (1)",16,6,43,0.14,no,no
335984,Blade Runner 2049,7.586,14507,Released,2017-10-04,259239658,164,150000000,tt1856101,en,Blade Runner 2049,"Thirty years after the events of the first film, a new blade runner, LAPD Officer K, unearths a long-buried secret that has the potential to plunge what's left of society into chaos. K's discovery leads him on a quest to find Rick Deckard, a former LAPD blade runner who has been missing for 30 years.",13.2402,The key to the future is finally unearthed.,"Science Fiction, Drama","alcon entertainment, columbia pictures, scott free productions, bud yorkin productions, torridon films, 16:14 entertainment","Canada, United Kingdom, United States of America","English, suomi, Magyar, Êó•Êú¨Ë™û, P—É—Å—Å–∫–∏–π, Somali, Espa√±ol","Dave Bautista, Loren Peta, Wood Harris, Carla Juri, Sylvia Hoeks, Kingston Taylor, P√°l Ny√°ri, Samuel Brown, T√≥mas Lemarquis, Mackenzie Davis, Sallie Harmsen, Lennie James, Robin Wright, Kincs√∂ S√°nta, Ferenc Gy√∂rgyi, Mark Arnold, Ellie Wright, Jared Leto, Stephen Triffitt, Konstantin P√°l, Ryan Gosling, Zolt√°n B√©res, Istv√°n G√∂z, Andr√© Luk√°cs Moln√°r, Edward James Olmos, Harrison Ford, Sean Young, David Benson, Ana de Armas, Joshua Tersoo Allagh, Krista Kosonen, Barkhad Abdi, David Dastmalchian, Ben Thompson, Mary Lukasiewicz, Hiam Abbass, Vilma Sz√©csi, Suzie Kennedy, Elarica Johnson, Frank Sinatra",Denis Villeneuve,Roger Deakins,"Michael Green, Hampton Fancher, Philip K. Dick","Ridley Scott, Frank Giustra, Broderick Johnson, Cynthia Sikes, Tim Gamble, Yale Badik, Bud Yorkin, Val Hill, Andrew A. Kosove, Bill Carraro","Benjamin Wallfisch, Hans Zimmer",8.0,733148,/gajva2L0rPYkEWjzgFlBXCAVBE5.jpg,10,2017,40,blade runner 2049,thor: ragnarok,"los angeles, california (1), premiere (2), blank (60), festival du nouveau cinéma de montréal (1), zurich film festival (1), limited (4), madrid (1), special screening (1), haifa film festival (1), parool film fest (1), colombo (1), internet (1), tokyo (1), leiden international film festival (1), le ciné gold (1), oran (1), re-release (1), tokyo international film festival (1)",60,1,81,0.01,no,no
791177,Bones and All,7.0,1513,Released,2022-11-18,15234907,131,16000000,tt10168670,en,Bones and All,"Abandoned by her father, a young woman embarks on a thousand-mile odyssey through the backroads of America where she meets a disenfranchised drifter. But despite their best efforts, all roads lead back to their terrifying pasts and to a final stand that will determine whether their love can survive their otherness.",3.9857,You can‚Äôt run from who you are.,"Horror, Romance, Drama","frenesy film, per capita productions, memo films, the apartment pictures, 3 marys entertainment, tenderstories, elafilm","Italy, United States of America",English,"Jessica Harper, John E. Brownlee, Shawn P. Farrell, Sue Hopkins, Andr√© Holland, Chlo√´ Sevigny, Claudio Encarnacion Montero, Tom O'Brien, David Gordon Green, Kendle Coffey, Ellie Parker, Marcia Dangerfield, Aaron J. Gould, Mark Rylance, Sean Bridgers, Hannah Barlow, Dori Lucas, Taylor Russell, Johanna McGinley, Timoth√©e Chalamet, Burgess Byrd, Anna Cobb, Jake Horowitz, Marshall Jackson, Brady Gentry, Max Soliz, Jenny McManus, Michael Stuhlbarg, Christine Dye, Madeleine Hall",Luca Guadagnino,Arseni Khachaturan,"Camille DeAngelis, David Kajganich","Luca Guadagnino, Timoth√©e Chalamet, Peter Spears, Jonathan Montepare, Lorenzo Mieli, Raffaella Viscardi, Marco Colombo, Moreno Zani, Marco Morabito, Theresa Park, Francesco Melzi d'Eril, Gabriele Moratti, David Kajganich, Giovanni Corrado","Trent Reznor, Atticus Ross",6.8,69519,/dBQuk2LkHjrDsSjueirPQg96GCc.jpg,11,2022,46,bones and all,black panther: wakanda forever,"venice film festival (1), telluride film festival (1), zurich film festival (1), fantastic fest (1), bfi london film festival (1), bergen international film festival (1), vienna international film festival (1), brisbane film festival (1), são paulo international film festival (1), leiden international film festival (1), afi fest (1), taipei golden horse film festival (1), american film festival (1), stockholm international film festival (1), blank (34), qcinema international film festival (1), limited (1), internet (2), moma - the contenders (1)",34,2,53,0.04,no,no
1272149,Bridget Jones: Mad About the Boy,6.5,421,Released,2025-02-12,139329132,124,50000000,tt32063050,en,Bridget Jones: Mad About the Boy,"Bridget Jones navigates life as a widow and single mum with the help of her family, friends, and former lover, Daniel. Back to work and on the apps, she's pursued by a younger man and maybe ‚Äì just maybe ‚Äì her son's science teacher.",5.6776,She's starting a new chapter. Just as she is.,"Romance, Comedy, Drama","studiocanal, miramax, working title films","United States of America, United Kingdom, France",English,"Mark Lingwood, Ellie White, Alessandro Bedetti, Maryam Moshiri, Elena Rivers, Jasper Ambrose, Jim Broadbent, Penny Stuttaford, Gillian Joseph, Zheng Xi Yong, Celia Imrie, Lydia Jones, Seb Cardinal, Daisy Duczmal, Hugh Grant, Claire Skinner, Jane Fowler, Gamal Fahnbulleh, Josephine Jones, Jeff Mirza, Hunter Paul, Leo Woodall, Sebastian Dunn, Ian Midlane, Joanna Scanlan, Sarah Solemani, James Callis, James Rawlings, Kath Hughes, Harry Goldsmith, Oli Green, Colin Firth, Rosie Holt, Toby Whithouse, Ren√©e Zellweger, Shirley Henderson, Ruth Gibson, Anat Dychtwald, Neil Edmond, Daniel Heard, Dolly Wells, Isla Ashworth, Julie Bartlett, Casper Knopf, Mila Jankovic, Lin Yap, Ben Illis, Laura Bailey, Emma Thompson, Roman Coupland-Berryman, Naveed Khan, Isla Fisher, Maggie Livermore, Nico Parker, Marina Bye, Chiwetel Ejiofor, Gemma Jones, Josette Simon, Sally Phillips, Leila Farzad, Neil Pearson",Michael Morris,Suzie Lavelle,"Dan Mazer, Helen Fielding, Abi Morgan","Jo Wallett, Eric Fellner, Tim Bevan, Helen Fielding, Sarah-Jane Wright, Amelia Granger",Dustin O'Halloran,6.5,30312,/e5VR3nhLYG60znxaqU84wv4VSCb.jpg,2,2025,7,bridget jones: mad about the boy,captain america: brave new world,"blank (45), internet (2)",45,2,47,0.04,no,no
398818,Call Me by Your Name,8.1,12484,Released,2017-07-28,43143046,132,3500000,tt5726616,en,Call Me by Your Name,"In the summer of 1983, a 17-year-old Elio spends his days in his family's villa in Italy. One day Oliver, a graduate student, arrives to assist Elio's father, a professor of Greco-Roman culture. Soon, Elio and Oliver discover a summer that will alter their lives forever.",6.6163,Is it better to speak or die?,"Romance, Drama","la cin√©facture, frenesy film, m.y.r.a. entertainment, rt features, water's end productions, memento films international","Brazil, France, Italy, United States of America","Fran√ßais, English, Italiano","Marco Sgrosso, Victoire du Bois, Peter Spears, Andr√© Aciman, Esther Garrel, Vanda Capriolo, Armie Hammer, Amira Casar, Michael Stuhlbarg, Elena Bucci, Antonio Rimoldi, Timoth√©e Chalamet",Luca Guadagnino,Sayombhu Mukdeeprom,"Andr√© Aciman, James Ivory","Rodrigo Teixeira, Howard Rosenman, Nicholas Kaiser, Margarethe Baillou, Derek Simonds, Luca Guadagnino, Sophie Mas, Francesco Melzi d'Eril, Emilie Georges, James Ivory, Tom Dolby, Louren√ßo Sant'Anna, Naima Abed, Marco Morabito, Peter Spears",Sufjan Stevens,7.8,348653,/mZ4gBdfkhP9tvLH1DO4m4HYtiyi.jpg,7,2017,30,call me by your name,spider-man: homecoming,"sundance film festival (1), berlin international film festival (1), sydney film festival (1), new zealand international film festival (1), melbourne international film festival (1), toronto international film festival (1), jameson cinefest - miskolc international film festival (1), helsinki international film festival (1), donostia-san sebastián international film festival (1), zurich film festival (1), edmonton international film festival (1), festival du nouveau cinéma de montréal (1), vancouver international film festival (1), morelia international film festival (1), athens international film and video festival (1), bergen international film festival (1), new york film festival (1), film festival cologne (1), filmekimi (1), rio de janeiro international film festival (1), hamptons international film festival (1), adelaide film festival (1), san diego international film festival (1), bfi london film festival (1), mill valley film festival (1), mumbai film festival (1), gent international film festival (1), american film festival (2), middleburg film festival (1), new orleans film festival (1), la roche-sur-yon international film festival (1), molodist international film festival (1), chicago international film festival (1), blank (44), soindependent film festival (1), mix copenhagen (1), filmcolumbia festival (1), festival de cine de montevideo (1), austin film festival (1), hawaii film festival (1), taipei golden horse film festival (2), denver international film festival (1), ljubljana international film festival (1), napa valley film festival (1), afi fest (1), st. louis international film festival (1), cinema one originals festival (1), zagreb film festival (1), stockholm international film festival (1), key west film festival (1), limited (5), singapore international film festival (1), international film festival & awards macao (1), tbilisi international film festival (1), international film festival of kerala (1), palm springs international film festival (1), tours désir désirs festival (1), belgrade film festival (1), blu-ray release (1), german speaking region (1), auditorium san fedele (1), milan (1), dvd premiere (1), göteborg film festival (1), re-release (3)",44,0,116,0.0,no,no
822119,Captain America: Brave New World,6.0,2737,Released,2025-02-12,415101577,119,180000000,tt14513804,en,Captain America: Brave New World,"After meeting with newly elected U.S. President Thaddeus Ross, Sam finds himself in the middle of an international incident. He must discover the reason behind a nefarious global plot before the true mastermind has the entire world seeing red.",19.4591,The future favors the brave.,"Action, Thriller, Science Fiction","marvel studios, kevin feige productions",United States of America,"English, Êó•Êú¨Ë™û, Espa√±ol","Marissa Chanel Hampton, Sandra Aparicio, Mark Pettit, Todd Allen Durkin, Matthew Cornwell, Ben Vazquez, Yaz Takahashi, Chealon Miller, Will A. Holland, Bill Stinchcomb, Eric Mbanda, David Atkinson, Carl Lumbly, Pete Burris, Katina Rankin, Alan Boell, Liv Tyler, Josh Robin, Ricky Robles Cruz, Danny Ramirez, Tim Blake Nelson, John Mark Bowman, John Cihangir, John N. Dixon, Diesel Madkins, Xosha Roquemore, J√≥hannes Haukur J√≥hannesson, Travis Powers, Josh Robert Thompson, Koji Nishiyama, Robert Tretsch, Ariana Lugo, Rick Espaillat, Rachael Markarian, Gabriela Amarchand, Harrison Ford, Sharon Tazewell, Ava Hill, Tomoko Karina, Erika Keck, Sebastian Stan, Cris Ruiz, Jacqueline Loucks, Dustin Lewis, Jarrett Michael Collins, Katerina Eichenberger, Anthony Mackie, William Mark McCullough, Harsh Nayyar, Trevor Feinstein, Shira Haas, Takehiro Hira, Hector Banos, Giancarlo Esposito, Phuong Kubacki",Julius Onah,Kramer Morgenthau,"Julius Onah, Rob Edwards, Malcolm Spellman, Dalan Musson, Joe Simon, Jack Kirby, Peter Glanz","Charles Newirth, Kevin Feige, Nate Moore, Anthony Mackie, Louis D'Esposito",Laura Karpman,5.6,169353,/pzIddUEMWhWzfvLI3TwxUG2wGoi.jpg,2,2025,7,captain america: brave new world,captain america: brave new world,"los angeles, california (1), premiere (1), blank (69), fan event (1), dolby cinema (1), imax (1), digital (1), dvd,4k uhd,blu-ray (1), internet (2)",69,2,78,0.03,no,no
271110,Captain America: Civil War,7.448,23491,Released,2016-04-27,1155046416,147,250000000,tt3498820,en,Captain America: Civil War,"Following the events of Age of Ultron, the collective governments of the world pass an act designed to regulate all superhuman activity. This polarizes opinion amongst the Avengers, causing two factions to side with Iron Man or Captain America, which causes an epic battle between former allies.",9.3527,United we stand. Divided we fall.,"Adventure, Action, Science Fiction",marvel studios,United States of America,"Rom√¢nƒÉ, English, Deutsch, P—É—Å—Å–∫–∏–π","Sebastian Stan, Elizabeth Olsen, Jeremy Renner, Frank Grillo, Aaron Toney, Ashwin Mudaliar, Julianna Guill, Chase Bradfield, Aaron Hayes, Amiri Jones, Florence Kasumba, Cornell John, Austin Hooper, Jessica Walther-Gabory, Stanley Sellers, Jacob Ludwick, Chadwick Boseman, Jacob Sung, Austin Sanders, Beniamino Brogi, Parker Pape, Umar Khan, Kevin LaRosa Jr., Darryl Sampson, Evan Ffrench, Kevin Christenson, Daniel Br√ºhl, Rafael Banasik, Blair Jasin, Chris Jai Alex, Daniel Parada, Silvina Buchbauer, Jariah Ferguson, Robert Downey Jr., Ray Sahetapy, Oliver Bigalke, Ralphael Grand'Pierre, Surely Alvelo, Justin Freeman, Ethan Condon, Kerry Condon, Ernest Charles, Michael Anthony Rogers, Tom Holland, Martin Freeman, Emily VanCamp, Don Cheadle, Amelia Morck, Marisa Tomei, William Hurt, Miles Selles, Laughton Parchment, David de Vries, Sophia Russo, Katie Amess, Scarlett Johansson, Heidi Moneymaker, Scott Hunter, Chris Evans, Jim Rash, Kimberly Hester Huffstetler, John Curran, Jonah Ruffin, Matthew Anderson, Paul Rudd, David E. Brown, Eli Ollinger, Stephen Lewis, Hope Davis, Guy Fernandez, Caden Wilkinson, Shen Dynes, John Kani, Brian Schaeffer, Brett Gentile, Michael A. Cook, Ann Russo, Anthony Mackie, Yi Long, Cameron Sardone, Joshua Peck, Myles Joseph, D'Mahrei McRae, Hendricks Coates, Jackson Spidell, Be Satrazemis, Henry Amadi, John Slattery, Fr√©d√©ric North, Andrew Botchwey, Paul Bettany, Sven H√∂nig, Al Cerullo, Jin Shijia, Cale Schultz, Brent McGee, Alfre Woodard, Damion Poitier, Stan Lee, Gene Farber, Ugochukwu Ani, Nathaniel Ellis, Joe Russo, Julian Grimes","Joe Russo, Anthony Russo",Trent Opaloch,"Stephen McFeely, Joe Simon, Jack Kirby, Christopher Markus","Stan Lee, Patricia Whitcher, Kevin Feige, Victoria Alonso, Nate Moore, Louis D'Esposito, Alan Fine",Henry Jackman,7.8,908395,/rAGiXaUfPzY7CDEyNKUofk3Kw2e.jpg,4,2016,17,captain america: civil war,captain america: civil war,"los angeles, california (1), premiere (5), paris (1), berlin (1), london (1), blank (79), french speaking region (1), tirana (1), dhaka (1), colombo (1), dvd and blu-ray premiere (1), blu-ray release (1), imax re-release (1), dvd premiere (1)",79,0,96,0.0,no,no
1771,Captain America: The First Avenger,7.005,22241,Released,2011-07-22,370569774,124,140000000,tt0458339,en,Captain America: The First Avenger,"During World War II, Steve Rogers is a sickly man from Brooklyn who's transformed into super-soldier Captain America to aid in the war effort. Rogers must stop the Red Skull ‚Äì Adolf Hitler's ruthless head of weaponry, and the leader of an organization that intends to use a mysterious device of untold powers for world domination.",6.2662,When patriots become heroes.,"Action, Adventure, Science Fiction","marvel studios, marvel entertainment",United States of America,"Fran√ßais, Norsk, English","Bruno Ricci, William Hope, Laura Haddock, Fernanda Toker, Chris Evans, David McKail, JJ Feild, Naomi Slights, Sam Hoare, Marcello Walton, David Bradley, Sarah Riches, Billy Lozowski, Patrick Monckeberg, Mollie Fitzgerald, Peter Stark, Ben Batt, Kenneth Choi, Anatole Taubman, Nicholas Pinnock, Stephanie Jayne Thompson, Rosanna Hoult, Michael Brandon, Spencer Garrett, Paul Blackwell, Richard Freeman, Toby Jones, Kevin Millington, Stan Lee, Amanda Walker, Nicole Evans, Sophie Colquhoun, Damon Driver, Stevie-Jean McGuire, David Soall, Hugo Weaving, Jennifer Abbotts, Emma Harris, Fabrizio Santino, Danielle Kelly, Jessica Powell, Jack Gordon, Simon Kunz, Amanda Righetti, Sebastian Stan, Benjamin Uttley, Marek Oravec, Martin Sherman, Michelle Antrobus, Gregory Paulett, Samuel L. Jackson, Rosie Pethullis, James Payton, Darren Simpson, Neal McDonough, Erich Redman, Ronan Raftery, Marc Wheeler, Hayley Atwell, Richard Armitage, Paul Simmons, Vincent Montuel, Doug Cockle, Kieran O'Connor, Chris Diggle, Holly Rostron, Stanley Tucci, Lex Shrapnel, Nathan Robinson, Lucie Waugh, Erin Dusek, Michael Humphrey, Lizzi Franklin, Nick Hendrix, Wiliam Morris, Kirsty Mather, Oscar Pearce, Caroline Royce, Leander Deeny, Maxwell Newman, Natalie Dormer, Dominic Cooper, Rai Quartley, Lucy Dean, Jan Pohl, Adam Birch, Tommy Lee Jones, Luke Allen-Gale, Adam Kent, Nicole May, Jenna Coleman, Rachael Isherwood, Sergio James, Anna McNicholas, Steve Leighton, Derek Luke, Katherine Press, Megan Sanderson",Joe Johnston,Shelly Johnson,"Jack Kirby, Joe Simon, Christopher Markus, Stephen McFeely","Alan Fine, Nigel Gostelow, Kevin Feige, Stan Lee, Joe Johnston, Louis D'Esposito, David Maisel",Alan Silvestri,6.9,950736,/vSNxAJTlD0r02V9sPYpOjqDZXUK.jpg,7,2011,29,captain america: the first avenger,captain america: the first avenger,"hollywood, california (1), premiere (1), blank (75), italian speaking region (1), french speaking region (1), german speaking region (1), dvd and blu-ray premiere (1), beijing international film festival (1), imax version (1), disney+ premiere (1)",75,0,84,0.0,no,no
100402,Captain America: The Winter Soldier,7.655,19498,Released,2014-03-20,714766572,136,170000000,tt1843866,en,Captain America: The Winter Soldier,"After the cataclysmic events in New York with The Avengers, Steve Rogers, aka Captain America is living quietly in Washington, D.C. and trying to adjust to the modern world. But when a S.H.I.E.L.D. colleague comes under attack, Steve becomes embroiled in a web of intrigue that threatens to put the world at risk. Joining forces with the Black Widow, Captain America struggles to expose the ever-widening conspiracy while fighting off professional assassins sent to silence him at every turn. When the full scope of the villainous plot is revealed, Captain America and the Black Widow enlist the help of a new ally, the Falcon. However, they soon find themselves up against an unexpected and formidable enemy‚Äîthe Winter Soldier.",5.8015,In heroes we trust.,"Action, Adventure, Science Fiction",marvel studios,United States of America,English,"Sebastian Stan, Toby Jones, June Christopher, Maximiliano Hern√°ndez, Elizabeth Olsen, Christopher Markus, Alan Dale, Aaron Himelstein, Jeremy Maxwell, Brian Duffy, Chad Todhunter, Cobie Smulders, Callan Mulvey, Samuel L. Jackson, Wendy Hoopes, Michael Debeljak, Frank Grillo, Chin Han, Garry Shandling, Christopher George Sarris, Andy Martinez, Jr., Scarlett Johansson, Aaron Taylor-Johnson, Chris Evans, Jenny Agutter, Allan Chanes, Anne Grimenstein, Angela Russo-Otstot, Thomas Kretschmann, Danny Pudi, Henry Goodman, Ethan Rains, Joe Rosalina, Jody Hart, Dante Rosalina, Pat Healy, Jon Sklaroff, Charles Wittman, Zack Duhame, Georges St-Pierre, Eddie J. Fernandez, Robert Redford, Derek Hughes, Dean Barlage, James Lewis, Joel Thingvall, Stephen McFeely, Branka Katiƒá, Dominic Rains, Emerson Brooks, Anthony Mackie, Bernie Zilinskas, Evan Parke, Ann Russo, Gary Sinise, Abigail Marlowe, Stan Lee, Bernard White, Nestor Serrano, Adetokumboh M'Cormack, Emily VanCamp, Joe Russo, D.C. Pierson, Salvator Xuereb, Hayley Atwell, Ricardo Chacon, Steven Culp, Michael De Geus, Joss Whedon, Robert Clotworthy, Griffin M. Allen, Terence O'Rourke, Ed Brubaker","Joe Russo, Anthony Russo",Trent Opaloch,"Stephen McFeely, Joe Simon, Jack Kirby, Christopher Markus","Stan Lee, Kevin Feige, Victoria Alonso, Michael Grillo, Louis D'Esposito, Alan Fine",Henry Jackman,7.7,954218,/tVFRpFw3xTedgPGqxW0AOI8Qhh0.jpg,3,2014,12,captain america: the winter soldier,captain america: the winter soldier,"hollywood, california (1), premiere (3), paris (1), london (1), blank (62), dvd and blu-ray premiere (1), beijing international film festival (1), imax re-release (1), disney+ premiere (1), dvd premiere (1)",62,0,73,0.0,no,no
299537,Captain Marvel,6.791,16324,Released,2019-03-06,1131416446,124,152000000,tt4154664,en,Captain Marvel,"The story follows Carol Danvers as she becomes one of the universe‚Äôs most powerful heroes when Earth is caught in the middle of a galactic war between two alien races. Set in the 1990s, Captain Marvel is an all-new adventure from a previously unseen period in the history of the Marvel Cinematic Universe.",9.856,Higher. Further. Faster.,"Action, Adventure, Science Fiction",marvel studios,United States of America,English,"Vinny O'Brien, Nelson Franklin, Duane Henry, Ana Ayora, Lashana Lynch, Marilyn Brett, Azari Akbar, Kenneth Mitchell, Matthew Bellows, Harriet L. Ophuls, Stephen A. Chang, Pete Ploszek, Mark Daugherty, Brie Larson, Djimon Hounsou, Gemma Chan, Jude Law, Abigaille Ozrey, Sharon Blynn, Scarlett Johansson, Diana Toshiko, Kelly Sue DeConnick, Chuku Modu, Richard Zeringue, Mckenna Grace, Mark Ruffalo, Emily Ozrey, Stan Lee, Stephen 'Cajun' Del Bagno, Ben Mendelsohn, Patrick Gallagher, Barry Curtis, Matthew 'Spider' Kimmel, Akira Akbar, London Fuller, Lyonetta Flowers, Vik Sahay, Patrick Brennan, Anthony Molinari, Rune Temte, Matthew Maher, Auden L. Ophuls, Robert Kazinsky, Colin Ford, Don Cheadle, Lee Pace, Samuel L. Jackson, Joey Courteau, Clark Gregg, Chris Evans, Algenis Perez Soto, Annette Bening, Rufus Flowers","Anna Boden, Ryan Fleck",Ben Davis,"Meg LeFauve, Nicole Perlman, Anna Boden, Geneva Robertson-Dworet, Jack Kirby, Joe Simon, Ryan Fleck","Victoria Alonso, Kevin Feige, Jonathan Schwartz, Stan Lee, Patricia Whitcher, Louis D'Esposito",Pinar Toprak,6.7,646468,/AtsgWhDnHTq68L0lLsUrCnM7TjG.jpg,3,2019,10,captain marvel,captain marvel,"london (1), premiere (3), los angeles (1), blank (66), tv release (1), limited (1), dvd and blu-ray premiere (1), gi film festival san diego (1)",66,0,75,0.0,no,no
109424,Captain Phillips,7.5,7231,Released,2013-10-10,218791811,134,55000000,tt1535109,en,Captain Phillips,"The true story of Captain Richard Phillips and the 2009 hijacking by Somali pirates of the US-flagged MV Maersk Alabama, the first American cargo ship to be hijacked in two hundred years.",3.4397,Out here survival is everything.,"Action, Drama, Thriller","columbia pictures, michael de luca productions, scott rudin productions, trigger street productions",United States of America,"English, Somali","Hugh Middleton, Len Anderson IV, Shad Jason Hamilton, Adam Wendling, Mahat M. Ali, Yul Vazquez, Mark Semos, Stacha Hicks, Bob Dio, Steve Campbell, Raleigh Morse, Herman Gambhir, Scott Oates, Issak Farah Samatar, Azeez Mohammed, Faysal  Ahmed, Peter Landi, Catherine Keener, Terence Anderson, Kurt Larsen, John Patrick Barry, Christopher Stadulis, Michael Chernus, Raymond Care, Devon Black, Amr El-Bayoumi, Dale McClellan, Barkhad Abdirahman, Billy Jenkins, Max Wrottesley, Barkhad Abdi, Mark Holden, Rey Hernandez, Georgia Goodman, San Shella, Max Martini, Maria Dizzia, Vincenzo Nicoli, Mohamed Ali, Ian Ralph, Thomas Grube, David B. Meadows, Louis Mahoney, Chris Mulkey, Dean Franchuk, David Warshofsky, David Webber, Nasir Jama, Roger Edwards, Kristian Hjordt Beck, Idurus Shiish, Giovanni Alabiso, Bader Choukouko, Marc Anwar, Duran Mohamed Hassan, Joshua Brown, Omar Berdouni, Will Bowden, Angus MacInnes, Tom Hanks, Kadz Souleiman, Kapil Arun, Corey Johnson, Abdurazak Ahmed Adan",Paul Greengrass,Barry Ackroyd,Billy Ray,"Michael De Luca, Scott Rudin, Gregory Goodman, Eli Bush, Kevin Spacey, Dana Brunetti",Henry Jackman,7.8,513576,/2x8ida0rHokUv80Ah4eBNb2eXas.jpg,10,2013,41,captain phillips,thor: the dark world,"opening film (1), new york film festival (1), premiere (1), bfi london film festival (1), blank (63), tokyo international film festival (1), amsterdam film week (1), italian speaking region (1), cinemania, belgrade (1), german speaking region (1), french speaking region (1), shanghai international film festival (1), dvd premiere (1), internet (1)",63,1,76,0.01,no,no
133805,Carrie,6.0,4612,Released,2013-10-16,84790678,100,30000000,tt1939659,en,Carrie,"An awkward, telekinetic teenage girl is the object of relentless bullying at school and an oppressively religious mother at home.",10.319,You will know her name.,"Drama, Horror","misher films, screen gems, metro-goldwyn-mayer","United States of America, Canada",English,"Chris Britton, Alex Russell, Kim Roberts, Julianne Moore, Kyle Mac, Judy Greer, Connor Price, Michelle Nolden, Karissa Strain, Chlo√´ Grace Moretz, Eddie Max Huband, Annie Chen, Max Topplin, Chloe Van Landschoot, Hart Bochner, Portia Doubleday, Derek McGrath, Mouna Traor√©, Jefferson Brown, Irene Poole, Barry Shabaka Henley, Cynthia Preston, Zo√´ Belkin, Natalie Dale, Arlene Mazerolle, Tyler Rushton, Demetrius Joyette, Katie Strain, Alana Randall, Samantha Weinstein, Gabriella Wilde, Ansel Elgort, Philip Nozuka, Evan Gilchrist",Kimberly Peirce,Steve Yedlin,"Roberto Aguirre-Sacasa, Lawrence D. Cohen, Stephen King","J. Miles Dale, Kevin Misher",Marco Beltrami,5.8,154267,/kloXz9qwO23z9Kbt3z3MgnjF4xO.jpg,10,2013,42,carrie,thor: the dark world,"los angeles, california (1), premiere (1), blank (83), cinemania, belgrade (1), italian speaking region (1), french speaking region (1), german speaking region (1), unedited version (1), internet (1)",83,1,91,0.01,no,no
1196943,Chhaava,6.9,41,Released,2025-02-14,94988235,161,15800000,tt27922706,hi,‡§õ‡§æ‡§µ‡§æ,"Shivaji's death sparks the Maratha-Mughal conflict. His son Sambhaji leads resistance against Aurangzeb's forces. Amid battles and intrigue, both sides face challenges in a struggle for power.",4.1467,"One warrior, one aim and one epic saga.","History, Action, Drama",maddock films,India,‡§π‡§ø‡§®‡•ç‡§¶‡•Ä,"Oziel Jivani, Divya Dutta, Ajay Devgn, Vijay Vikram Singh, Siraj Mustafa, Anil George, Ashish Pathode, Shiv Dev Singh, Ankit Anil Sharma, Santosh Juvekar, Dhwaj Gaur, Sarang Sathaye, Laxman Utekar, Rohit Pathak, Akshay Anand Kohli, Prince Kanwal, Trishan Singh, Astad Kale, Sanchita Ugale, Diana Penty, Ruffy Khan, Abhinav Salunkhe, Balaji Manohar, Varun Buddhadev, Vineet Kumar Singh, Sukhwinder Singh, Sakshi Sakpal, Kiran Karmarkar, Aadhya Barot, Rakesh Thareja, Bharghav Shelkar, Abhishek Athalye, Vicky Kaushal, Manoj Kolhatkar, Akshaye Khanna, Hridansh, Shubhankar Ekbote, Ananya Bhati, Ashutosh Rana, Geeta Tyagi, Aarohi, Shivraj Walvekar, Rajiv Kachroo, Sanjeev Jaiswal, Neil Bhoopalam, Pradeep Ram Singh Rawat, Rashmika Mandanna, Suvrat Joshi, Danish Pandor, Lavi Pajni, Neelkantee Patekar",Laxman Utekar,Saurabh Goswami,"Irshad Kamil, Laxman Utekar, Rishi Virmani, Kaustubh J. Savarkar",Dinesh Vijan,A.R. Rahman,7.3,38484,/ubRsrzb6NRW8YhVTJ6jG1kpNvCi.jpg,2,2025,7,chhaava,captain america: brave new world,"blank (6), limited (2), internet (1), international film festival of india (1)",6,1,10,0.1,no,no
804150,Cocaine Bear,6.0,2280,Released,2023-02-22,88314672,95,32500000,tt14209916,en,Cocaine Bear,"Inspired by a true story, an oddball group of cops, criminals, tourists and teens converge in a Georgia forest where a 500-pound black bear goes on a murderous rampage after unintentionally ingesting cocaine.",3.346,Get in line.,"Thriller, Comedy, Crime","universal pictures, brownstone productions, lord miller, jurassic party",United States of America,"English, Portugu√™s","David Duggan, Kristofer Hivju, J.B. Moore, Isiah Whitlock, Jr., George Kerslake, Leo Hanna, O'Shea Jackson Jr., Alden Ehrenreich, Hannah Hoekstra, Shane Connellan, Chris Valor, Keri Russell, Aaron Holliday, Christopher Livingstone, Christian Convery, Matthew Rhys, Ray Liotta, Margo Martindale, Jesse Tyler Ferguson, Scott Seiss, Conor Lambert, Chloe Harris, Keith Gallagher, Ois√≠n Nolan, Allan Henry, Ian Dillon, Kahyun Kim, Ayoola Smart, Brooklynn Prince",Elizabeth Banks,John Guleserian,Jimmy Warden,"Robin Mulcahy Fisichella, Max Handelman, Aditya Sood, Phil Lord, Nikki Baida, Brian Duffield, Elizabeth Banks, Alison Small, Christopher Miller",Mark Mothersbaugh,5.9,123788,/gOnmaxHo0412UVr1QM5Nekv1xPi.jpg,2,2023,8,cocaine bear,ant-man and the wasp: quantumania,"blank (57), digital (1), internet (1), blu-ray and dvd (1), 4k uhd (1), tv release (1)",57,1,62,0.02,no,no
354912,Coco,8.2,20397,Released,2017-10-27,814641172,105,175000000,tt2380307,en,Coco,"Despite his family‚Äôs baffling generations-old ban on music, Miguel dreams of becoming an accomplished musician like his idol, Ernesto de la Cruz. Desperate to prove his talent, Miguel finds himself in the stunning and colorful Land of the Dead following a mysterious chain of events. Along the way, he meets charming trickster Hector, and together, they set off on an extraordinary journey to unlock the real story behind Miguel's family history.",54.0425,The celebration of a lifetime.,"Family, Animation, Music, Adventure",pixar,United States of America,"English, Espa√±ol","Levi Nunez, Adrian Molina, Denise Blasor, Jonathan Nichols-Navarro, James Ponce, Emmanuel Bernal, Joshua Guerrero, Wilma Bonet, √ìscar Bonfiglio, Adriana Sevan, Marcela Davison Aviles, Daniel Diaz, Johnny A. Sanchez, Deb Fink, Christian Lanz, Carla Medina, Eduardo Ronan, Emilio Fuentes, Salvador Reyes, Roberto Donati, Carolina √Ångel, Bernardo Cubria, Constanza Lechuga, David Ber√≥n, Lalo Alcaraz, Selene Luna, Dyana Ortelli, Ana Ofelia Murgu√≠a, Luisa Leschin, Arthur Ortiz, Sof√≠a Espinosa, Polo Rojas, Juan Pacheco, James Zavaleta, Chris Triana, Jaime Camil, Lillian Garrett-Groag, Gabriel Iglesias, Alanna Ubach, Libertad Garc√≠a Fonzi, Liliana Barba Meinecke, Efrain Figueroa, Blanca Araceli, Octavio Solis, Mike Gomez, John Ratzenberger, Luis Sol√≠s, Anthony Gonzalez, Carlos Moreno Jr., Eddie Santiago, Jacqueline Pinol, Gael Garc√≠a Bernal, Maria Dominique Lopez, Vicki Davis, Al Rodrigo, Trujo, Jessica Pacheco, Lombardo Boyar, Ruth Livier, Cheech Marin, Memo Aponte, Ren√©e Victor, J. Francisco Rodriguez, Herbert Siguenza, Valeria Maldonado, Alex Castillo, Natalia Cordova-Buckley, Gary Carlos Cervantes, Benjamin Bratt, Melissa Santos, Jossara Jinaro, Daniel Edward Mora, Marabina Jaimes, Vivianne Nacif, Alfonso Arau, Luis Valdez, Montse Hernandez, Lee Unkrich, Richard Miro, Edward James Olmos, Ruth Zalduondo, Rosalba Sotelo, Daniella Garcia",Lee Unkrich,"Danielle Feinberg, Matt Aspbury","Adrian Molina, Enrico Casarosa, Matthew Aldrich, Jason Katz, Vladimir Kooperman, Madeline Sharafian, Lee Unkrich, Tony Maki","John Lasseter, Darla K. Anderson",Michael Giacchino,8.4,677189,/6Ryitt95xrO8KXuqRGm1fUuNwqF.jpg,10,2017,43,coco,thor: ragnarok,"festival internacional de cine de morelia (1), premiere (2), blank (72), paris (1), mar del plata film festival (1), colombo (1), disney film festival (1), german speaking region (1), comic con experience (1), bali international film festival (1), re-release (8), limited (2), 3-d version (1), shanghai international film festival (1), disney 100th anniversary (1)",72,0,95,0.0,no,no
49849,Cowboys & Aliens,5.636,5220,Released,2011-07-29,174822325,119,163000000,tt0409847,en,Cowboys & Aliens,"A stranger stumbles into the desert town of Absolution with no memory of his past and a futuristic shackle around his wrist. With the help of mysterious beauty Ella and the iron-fisted Colonel Dolarhyde, he finds himself leading an unlikely posse of cowboys, outlaws, and Apache warriors against a common enemy from beyond this world in an epic showdown for survival.",6.6172,First Contact. Last Stand.,"Action, Science Fiction, Thriller, Western","dreamworks pictures, universal pictures, reliance entertainment, relativity media, imagine entertainment, k/o paper products, fairview entertainment, platinum studios, amblin entertainment","India, United States of America",English,"Vonda Tso, Calum Blaylock, Adam Beach, Chad Randall, Olivia Wilde, David O'Hara, David Midthunder, Paul Ortega, Garret No√´l, Mo Brings Plenty, Sam Rockwell, Jimmy Jatho, Julio Cesar Cedillo, Daniel Craig, Raoul Max Trujillo, Troy Gilbert, Cooper Taylor, Nathaniel Chee, Kenny Call, Brendan Wayne, Ana de la Reguera, Walton Goggins, Buck Taylor, Noah Ringer, Keith Carradine, Abigail Spencer, Clancy Brown, Lariat Geronimo, Hoyle Osborne, Chris Browning, Matthew Taylor, Harrison Ford, Robyn Simmons, Wyatt Russell, David Chee, Gavin Grazer, Phillip Pike, Simon Choneska, Oliver Enjady, Freddie Apache, Brian Duffy, Rex Rideout, Paul Dano, Scout Hendrickson, Toby Huss",Jon Favreau,Matthew Libatique,"Alex Kurtzman, Mark Fergus, Scott Mitchell Rosenberg, Hawk Ostby, Damon Lindelof, Steve Oedekerk, Roberto Orci","Steven Spielberg, Ron Howard, Alex Kurtzman, Denis L. Stewart, Ryan Kavanaugh, Bobby Cohen, Damon Lindelof, Randy Greenberg, Brian Grazer",Harry Gregson-Williams,6.0,239639,/9uZsGCP4rvOHVGCpMpYq5gNCuNI.jpg,7,2011,30,cowboys & aliens,captain america: the first avenger,"blank (70), locarno film festival (1), london (1), premiere (1), french speaking region (1), german speaking region (1), italian speaking region (1), shanghai international film festival (1)",70,0,77,0.0,no,no
50646,"Crazy, Stupid, Love.",7.269,8931,Released,2011-07-29,145079584,118,50000000,tt1570728,en,"Crazy, Stupid, Love.","Cal Weaver is living the American dream. He has a good job, a beautiful house, great children and a beautiful wife, named Emily. Cal's seemingly perfect life unravels, however, when he learns that Emily has been unfaithful and wants a divorce. Over 40 and suddenly single, Cal is adrift in the fickle world of dating. Enter, Jacob Palmer, a self-styled player who takes Cal under his wing and teaches him how to be a hit with the ladies.",8.1747,This is crazy. This is stupid. This is love.,"Comedy, Drama, Romance",warner bros. pictures,United States of America,English,"Dan Butler, Richard Steven Horvitz, Janine Barris, Jasen Salvatore, Dillon Neaman, Katerina Mikailenko, Tiara Parker, Janae Nicole Caudillo, Megan James, David Orosz, Christian Pitre, Holly Daniels, Julianna Guill, Reggie Lee, Maija Polsley, Josh Groban, Ami Haruna, Emma Stone, Jessica Diz, Lisa Brown, Tania Wagner, Karolina Wydra, Joanne Brooks, Laura McDavid, Camille Abelow, Liza Lapira, Jenny Mollen, Rasika Mathur, Mekia Cox, J-Ray, Ehrin Marlow, Heather La Bella, Rich Hutchman, Julianne Moore, Rebecca Flinn-White, Georgia Treantafelles, Jonah Bobo, Kevin Bacon, Zayne Emory, Ryan Gosling, Joshua Sternlicht, Georgia Hurd, Crystal Reed, Beth Littleford, Joey King, Olga Fonda, Charlie Hartsock, John Carroll Lynch, Laurel Coppock, Lauren Stone, Christopher Darga, Caitlin Thompson, Lio Tipton, Marisa Tomei, AlgeRita Wynn, Billy Atchison, Tingting Yu, Steve Carell, Raena Cassidy, Michael John Long, Tracy Mulholland, Wendy Worthington","John Requa, Glenn Ficarra",Andrew Dunn,Dan Fogelman,"Denise Di Novi, David Siegel, Vance DeGeneres, Steve Carell, Charlie Hartsock","Christophe Beck, Nick Urata",7.4,603666,/p4RafgAPk558muOjnBMHhMArjS2.jpg,7,2011,30,"crazy, stupid, love.",captain america: the first avenger,"new york city, new york (1), premiere (2), blank (48), deauville american film festival (1), melbourne (1), blu-ray premiere (2), tv premiere (1), dvd premiere (1), internet (2)",48,2,59,0.03,no,no
539681,DC League of Super-Pets,7.2,1664,Released,2022-07-27,203000000,105,90000000,tt8912936,en,DC League of Super-Pets,"When Superman and the rest of the Justice League are kidnapped, Krypto the Super-Dog must convince a rag-tag shelter pack - Ace the hound, PB the potbellied pig, Merton the turtle and Chip the squirrel - to master their own newfound powers and help him rescue the superheroes.",4.9853,"Sit, stay, save the world.","Family, Comedy, Adventure, Animation, Science Fiction","warner animation group, dc entertainment, seven bucks productions, animal logic, warner bros. pictures","United States of America, Canada",English,"Sam Levine, Ben Schwartz, Amanda Ames, Yvette Nicole Brown, Michelle Morgan, Lena Headey, Kevin Hart, Keanu Reeves, Natasha Lyonne, Jemaine Clement, Kate McKinnon, Alfred Molina, Richard Arnold, David Pressman, Dascha Polanco, Vanessa Bayer, Dan Fogler, Daveed Diggs, Marc Maron, Jameela Jamil, Keith David, Dwayne Johnson, Thomas Middleditch, Diego Luna, Olivia Wilde, Gavin McCrillis, Jared Stern, Maya Erskine, Busy Philipps, John Krasinski, Winona Bradshaw, John Early",Jared Stern,,"Bob Kane, Joe Shuster, Jerry Siegel, William Moulton Marston, Vi-Dieu Nguyen, Jared Stern, John Whittington, Bill Finger","Patricia Hicks, Dwayne Johnson, Chris Leahy, Hiram Garcia, Jared Stern, John Requa, Allison Abbate, Courtenay Valenti, Glenn Ficarra, Sharon Taylor, Nicholas Stoller, Dany Garcia",Steve Jablonsky,6.8,79001,/qpPMewlugFaejXjz4YNDnpTniFX.jpg,7,2022,30,dc league of super-pets,thor: love and thunder,"blank (51), internet (1), melbourne international film festival (1), dvd premiere (1), tv premiere (1), re-release (1)",51,1,56,0.02,no,no
320288,Dark Phoenix,5.964,6829,Released,2019-06-05,252442974,114,200000000,tt6565702,en,Dark Phoenix,"The X-Men face their most formidable and powerful foe when one of their own, Jean Grey, starts to spiral out of control. During a rescue mission in outer space, Jean is nearly killed when she's hit by a mysterious cosmic force. Once she returns home, this force not only makes her infinitely more powerful, but far more unstable. The X-Men must now band together to save her soul and battle aliens that want to use Grey's new abilities to rule the galaxy.",9.682,A Phoenix will rise. The X-Men will fall.,"Science Fiction, Action, Adventure","genre films, hutch parker entertainment, 20th century fox, tsg entertainment, marvel entertainment",United States of America,"English, Portugu√™s, P—É—Å—Å–∫–∏–π","Dan Duran, √âric Clark, Joey Coleman, Lamar Johnson, Sean Dennis, Aphra Williams, Guy Iannacone, Julian Bailey, David Patrick Green, Warren Harris, Tye Sheridan, Eloi Archambaudoin, Am√©lie Hadouchi, Tyler Elliot Burke, Frank Fontaine, Ilyes Belayel, Kota Eberhardt, Danny Blanco Hall, Halston Sage, Kodi Smit-McPhee, Julianne Jain, Marine Buton, Todd Hallowell, Michael Lipka, Christopher Hayes, Daniel Rindress-Kay, Peter Anthony Holder, James McAvoy, Gryffin Hanvelt, Craig Snoyer, Orph√©e Ladouceur-Nguyen, Brady Allen, Michael Kives, George Chiang, Sebastian MacLean, Maurizio Terrazzano, Doug Uttecht, Xavier Sotelo, Alex Gravenstein, Vanessa Jackson, Isabel Farias Lehoux, Simon Alain, Alexandre B√©langer, Brian d'Arcy James, Olivier Lamarche, Emilio La Torre, Nicholas Hoult, Raphael Grosz-Harvey, Jennifer Lawrence, Summer Fontana, S√©bastien Beaulac, Ben Skorstad, Alexandra Shipp, Jessica Chastain, Suzanna Lenir, Scott Shepherd, Michael Fassbender, S√©bastien Bolduc, Andrew Stehlin, Aalia Adam, Alain Chanoine, Christian Labb√©, Matt Keyes, Brian A. Reynolds, Stephane Ouellet, Sophie Turner, Melissa Toussaint, Dave Campbell, Amir S√°m Nakhjavani, Andr√© B√©dard, Hannah Emily Anderson, Daniel Cudmore, Julien Irwin Dupuy, Ato Essandoh, Karen Ivany, Bonkers, Josh McLaglen, Fr√©d√©ric North, Yanek Gadzala, Richard Dagenais, Doug Chapman, Donny Falsetti, Tony Saquett, Christopher B. MacCabe, Fr√©d√©ric Gilles, Eldon Hunter, Evan Peters, Lynne Adams, Robert Montcalm, Chris Claremont",Simon Kinberg,Mauro Fiore,Simon Kinberg,"Todd Hallowell, Lauren Shuler Donner, Josh McLaglen, Simon Kinberg, Hutch Parker, Stan Lee",Hans Zimmer,5.7,223223,/cCTJPelKGLhALq3r51A9uMonxKj.jpg,6,2019,23,dark phoenix,spider-man: far from home,"hollywood, california (1), premiere (1), blank (61), limited (1)",61,0,64,0.0,no,no
35056,Date Night,6.104,2946,Released,2010-04-08,152300000,88,55000000,tt1279935,en,Date Night,"Phil and Claire Foster fear that their mild-mannered relationship may be falling into a stale rut. During their weekly date night, their dinner reservation leads to their being mistaken for a couple of thieves‚Äîand now a number of unsavoury characters want Phil and Claire killed.",4.1362,One ordinary couple. One little white lie.,"Comedy, Action, Adventure","dune entertainment, 21 laps entertainment, 20th century fox",United States of America,"◊¢÷¥◊ë÷∞◊®÷¥◊ô◊™, English","Bill Burr, Gal Gadot, Jeff Grossman, JB Smoove, Common, William Fichtner, Taraji P. Henson, Jaye Razor, Kat Howland, Dianne Kwon, Chris Haemmerle, Vivian Khouri, Mark Wahlberg, Natalie Cohen, Savannah Paige Rae, Jahnel Curfman, Tracy Dali, January Adams, Stella Angelova, Keven Kaddi, Ray Liotta, Karina Michel, John Cenatiempo, Jonathan Morgan Heit, Rich Campbell, James Franco, Tina Fey, Michelle Celeste Assil, Tony DeSean, Stacey Scowley, Lourdes Regala, will.i.am, Gillian Vigman, Jimmi Simpson, Lauren Hayes, Nikki Tomlinson, Jim Garrity, Leighton Meester, Joe Starr, Sabella Shake, Katie Gill, Dylan Saccoccio, Kristen Wiig, Mark Ruffalo, Steve Carell, Mila Kunis, Michelle Galdenzi, Lauren Weedman, Jason Jones, Jordan Stone, Nick Kroll, Woody Schultz, Jon Bernthal, Jeff Barry, Theo Breaux, Chayim Frenkel, Kate Rogal, Ari Graynor, Joseph Williams, Rachel Bernstein, Olivia Munn, David Block, Dani Playel, Samantha Bee, John J. Schneider, Sho Brown, Etalvia Cashin, Darren Le Gallo, Peter Conboy, Alandrea Martin, Hal Devi, Evans Forlidas",Shawn Levy,Dean Semler,Josh Klausner,"Josh McLaglen, Shawn Levy, Joseph M. Caracciolo Jr., Tom McNulty",Christophe Beck,6.3,177929,/ucEWhj32KEDcFKHMWVeu8r1Q4ld.jpg,4,2010,14,date night,iron man 2,"new york city, new york (1), premiere (1), blank (44), german speaking region (1), french speaking region (1), shanghai international film festival (1), dvd premiere (4)",44,0,53,0.0,no,no
119450,Dawn of the Planet of the Apes,7.334,11895,Released,2014-07-08,710644566,130,170000000,tt2103281,en,Dawn of the Planet of the Apes,"A group of scientists in San Francisco struggle to stay alive in the aftermath of a plague that is wiping out humanity, while Caesar tries to maintain dominance over his community of intelligent apes.",8.1015,The future is worth fighting for.,"Science Fiction, Action, Drama, Thriller","tsg entertainment, chernin entertainment, ingenious media, 20th century fox","United Kingdom, United States of America",English,"Angela Kerecz, Bobby Kerecz, Andy Serkis, Enrique Murciano, Jazzy Ellis, Lombardo Boyar, John Parsons, Nick Thurston, Scott Lang, Carol Sutton, Richard King, Kodi Smit-McPhee, Anthony A. Kung, Jocko Sims, Deneen Tyler, Karin Konoval, Michael Bloomberg, Matthew James, Joe Bravo, Christopher Berry, Jon Eyez, Mustafa Harris, Al Vicente, Lynnanne Zager, Doc Shaw, Lucky Johnson, J.D. Evermore, Mel Powell, Keri Russell, Thomas Rosales Jr., Kirk Acevedo, Mike R. Moreau, Barack Obama, Gary Oldman, Toby Kebbell, Judy Greer, Caleb Wiley, John R Mangus, John L. Armijo, Lee Ross, Michael Papajohn, Jason Clarke, Terry Notary, Sergio Kato, Allyson Leigh Jordan, Kevin Rankin, Chase Boltin, Carl Joseph Schreiber, Timothy Wyant, Keir O'Donnell, Steve D'Assis, Mike Seal",Matt Reeves,Michael Seresin,"Amanda Silver, Rick Jaffa, Mark Bomback","Thomas M. Hammel, Rick Jaffa, Mark Bomback, Peter Chernin, Amanda Silver, Jenno Topping, Dylan Clark",Michael Giacchino,7.6,505797,/kScdQEwS9jPEdnO23XjGAtaoRcT.jpg,7,2014,28,dawn of the planet of the apes,guardians of the galaxy,"san francisco, california (1), premiere (4), new york city, new york (1), blank (82), buenos aires (1), madrid (1), limited (1), leiden international film festival (1), internet (1)",82,1,93,0.01,no,no
533535,Deadpool & Wolverine,7.571,7906,Released,2024-07-24,1338073645,128,200000000,tt6263850,en,Deadpool & Wolverine,"A listless Wade Wilson toils away in civilian life with his days as the morally flexible mercenary, Deadpool, behind him. But when his homeworld faces an existential threat, Wade must reluctantly suit-up again with an even more reluctant Wolverine.",27.9481,Come together.,"Action, Comedy, Science Fiction","marvel studios, maximum effort, 21 laps entertainment, 20th century studios, kevin feige productions, tsg entertainment",United States of America,English,"Nick Pauley, Chloe Kibble, Ryan Reynolds, Aaron W Reed, Rob Mac, Daniel Medina Ramos, Sonita Henry, Wunmi Mosaku, Dafne Keen, James Dryden, Leslie Uggams, Matthew McConaughey, Ryan McKen, Billy Clements, Brianna Hildebrand, Mike Waters, Eduardo Gago Mu√±oz, Stefan Kapiƒçiƒá, Jon Favreau, Aydin Ahmed, Leemore Marrett Jr., Ayesha Hussain, Harry Holland, Kevin Fortin, Jade Lye, OIin Reynolds, Nilly Cetin, Rob Delaney, Karan Soni, Emma Corrin, Alex Kyshkovych, Ollie Palmer, Greg Hemphill, Randal Reeder, Curtis Rowland Small, Jessica Walker, James Reynolds, Matthew Macfadyen, Wesley Snipes, Lewis Tan, Ed Kear, Nathan Fillion, Aaron Stanford, Henry Cavill, Paul Mullin, Paul G. Raymond, Hugh Jackman, Morena Baccarin, Nanak Phlora, Luke Bennett, Tyler Mane, Blake Lively, Chris Evans, Jennifer Garner, Inez Reynolds, Channing Tatum, Shioli Kutsuna",Shawn Levy,George Richmond,"Len Wein, Ryan Reynolds, Herb Trimpe, Fabian Nicieza, Rhett Reese, Zeb Wells, John Romita Sr., Rob Liefeld, Paul Wernick, Roy Thomas, Shawn Levy, Andrew Reiber","Ryan Reynolds, Wendy Jacobson, Kevin Feige, Rhett Reese, Shawn Levy, George Dewey, Simon Kinberg, Paul Wernick, Jonathon Komack Martin, Lauren Shuler Donner, Josh McLaglen, Mary McLaglen, Louis D'Esposito",Rob Simonsen,7.5,537306,/8cdWjvZQUExUUTzyp4t6EDMubfO.jpg,7,2024,30,deadpool & wolverine,deadpool & wolverine,"new york city (1), premiere (1), blank (64), internet (1), blu-ray and dvd (1), blu-ray & dvd premiere (1)",64,1,69,0.01,no,no
146239,Delivery Man,6.2,1526,Released,2013-10-10,51164106,105,26000000,tt2387559,en,Delivery Man,An affable underachiever finds out he's fathered 533 children through anonymous donations to a fertility clinic 20 years ago. Now he must decide whether or not to come forward when 142 of them file a lawsuit to reveal his identity.,4.2801,You're never quite ready for what life delivers.,Comedy,"dreamworks pictures, reliance entertainment, andr√© rouleau productions, touchstone pictures","United States of America, India, Canada",English,"Matthew Daddario, Darin Guerrasio, Glenn Fleshler, S√©bastien Ren√©, Matthew Sean Blumm, Michael Oberholtzer, Amos VanderPoel, Chris Pratt, Jack Reynor, Stephanie Berry, Andrzej Blumenfeld, Dave Thompson, Zachary Hernandez, Pantea Karimi, Pasha Pellosie, Kate Dalton, Chris Hernandez, Don Guillory, Alexander Flores, Kevin Hopkins, Vince Vaughn, Jonah Nathan, Logan Crawford, Charlie Romanelli, Isaac H.W. Joseph, Leslie Ann Glossner, Erin Gerasimovich, Cobie Smulders, Connor Fox, Akim Black, Kyle Sutton, Jessica Abo, Nancy Nagrant, Mark Zimmerman, Alice Gainer, Simon Delaney, Adam Chanler-Berat, Stephen Ellis, Matthew J. Walters, Bruce Altman, Gabe Doran, Angela Bellotte, Jamie Lynn Weisman, Finnerty Steeves, Bill Maher, Richard Poe, Joseph Tudisco, Jay Leno, Bobby Moynihan, Derrick Arthur, Britt Robertson, Damian Young, Dave Patten, Lynda Gravatt, Jessica Williams, Starla Benford",Ken Scott,Eric Alan Edwards,"Martin Petit, Ken Scott","Scott Mednick, Andr√© Rouleau, Ray Angelic, Mark Sourian",Jon Brion,6.3,85199,/huXHYDclKT4RM1OvS3O7SXYRAU0.jpg,10,2013,41,delivery man,thor: the dark world,"los angeles, california (1), premiere (1), blank (43), blu-ray premiere (1), internet (1)",43,1,47,0.02,no,no
1311031,Demon Slayer: Kimetsu no Yaiba Infinity Castle,7.8,518,Released,2025-07-18,666853957,156,20000000,tt32820897,ja,ÂäáÂ†¥Áâà„ÄåÈ¨ºÊªÖ„ÅÆÂàÉ„ÄçÁÑ°ÈôêÂüéÁ∑® Á¨¨‰∏ÄÁ´† ÁåóÁ™©Â∫ßÂÜçÊù•,"The Demon Slayer Corps are drawn into the Infinity Castle, where Tanjiro, Nezuko, and the Hashira face terrifying Upper Rank demons in a desperate fight as the final battle against Muzan Kibutsuji begins.",164.2514,It's time to have some fun.,"Animation, Action, Fantasy, Thriller","ufotable, aniplex, shueisha",Japan,Êó•Êú¨Ë™û,"Ryotaro Okiayu, Tomokazu Sugita, Hochu Otsuka, Shigeru Chiba, Katsuyuki Konishi, Kengo Kawanishi, Yoshitsugu Matsuoka, Hiro Shimono, Yuichi Nakamura, Akira Ishida, Nobuhiko Okamoto, Yoshimasa Hosoya, Mamoru Miyano, Natsuki Hanae, Akari Kito, Reina Ueda, Takahiro Sakurai, Saori Hayami, Kana Hanazawa, Lynn, Daiki Yamashita, Shin-ichiro Miki, Toshihiko Seki, Toshiyuki Morikawa, Kenichi Suzumura",Haruo Sotozaki,Yuichi Terao,"Koyoharu Gotouge, Hikaru Kond√¥","Masanori Miyake, Takao Shimazaki, Tatsuro Hayashi, Yuma Takahashi","Go Shiina, Yuki Kajiura",8.5,50378,/fWVSwgjpT2D78VUh6X8UBd2rorW.jpg,7,2025,29,demon slayer: kimetsu no yaiba infinity castle,the fantastic four: first steps,"blank (100), english version (1), internet (1)",100,1,102,0.01,no,no
157350,Divergent,6.909,13159,Released,2014-03-14,288885818,140,85000000,tt1840309,en,Divergent,"In a world divided into factions based on personality types, Tris learns that she's been classified as Divergent and won't fit in. When she discovers a plot to destroy Divergents, Tris and the mysterious Four must find out what makes Divergents dangerous before it's too late.",6.7014,What makes you different makes you dangerous.,"Action, Adventure, Science Fiction","summit entertainment, red wagon entertainment",United States of America,English,"Janet Ulrich Brooks, Alice Bowden, Ansel Elgort, Jai Courtney, Ana Corbi, Alice Rietveld, Lukas Burger, Theo James, Kate Winslet, Elyse Cole, Ryan Carr, Brad Greiner, Sophia Marzocchi, Alexander Hashioka Oatfield, Leigh Bush, Doyle Brand, Ef√©, Ray Stevenson, Austin Lyon, Renee Morrison, Ben Lamb, Justine Wachsberger, Michael Gideon Sherry, Christopher Weir, Chris Hayes, Rotimi, Miles Teller, Tony Goldwyn, Eric Kaldor, Amy Newbold, Cleo Anthony, Zo√´ Kravitz, Ben Lloyd-Hughes, Yasmine Aker, Maggie Q, Faye Jackson, Clara Burger, Anthony Fleming III, Will Blagrove, Mekhi Phifer, Scott Roberts, Shailene Woodley, Ashley Judd, Lucas Ross, Christian Madsen, Michael James Bell, Bob Rumnock",Neil Burger,Alwin H. K√ºchler,"Vanessa Taylor, Evan Daugherty, Veronica Roth","Pouya Shahbazian, Rachel Shane, Douglas Wick, John J. Kelly, Lucy Fisher","Tom Holkenborg, Ellie Goulding",6.6,511927,/aNh4Q3iuPKDMPi2SL7GgOpiLukX.jpg,3,2014,11,divergent,captain america: the winter soldier,"los angeles, california (1), premiere (2), blank (62), mexico city (1), london (1), berlin (1), madrid (1), prague (1), 3-d version (1), re-release (1)",62,0,72,0.0,no,no
284052,Doctor Strange,7.4,22899,Released,2016-10-25,676343174,115,180000000,tt1211837,en,Doctor Strange,"After his career is destroyed, a brilliant but arrogant surgeon gets a new lease on life when a sorcerer takes him under her wing and trains him to defend the world against evil.",7.8119,The impossibilities are endless.,"Fantasy, Adventure, Action",marvel studios,United States of America,English,"Alaa Safi, Kobna Holdbrook-Smith, Umit Ulgen, Tilda Swinton, Eben Young, Benedict Cumberbatch, Chris Hemsworth, Benedict Wong, Mads Mikkelsen, Michael Stuhlbarg, Clem So, Ezra Faroque Khan, Juani Feliz, Zara Phythian, Amy Landecker, Sarah Malin, Daniel Dow, Linda Louise Duan, Stan Lee, Kimberly Van Luin, Tamika Katon-Donegal, Guillaume Faure, Elizabeth Healey, Raj Awasti, Daniel Eghan, Kei Miura, Chiwetel Ejiofor, Meera Syal, Pezh Maan, Rachel McAdams, Scott Adkins, Pat Kiernan, Samantha Russell, Topo Wresniwiro, Emeson Nwolie, Mo Idriss, Adam Pelta-Pauls, Cameron Moon, Jill Buchanan, Katrina Durden, Mark Anthony Brighton, Benjamin Bratt",Scott Derrickson,Ben Davis,"Steve Ditko, Jon Spaihts, Scott Derrickson, Stan Lee, C. Robert Cargill","Kevin Feige, Stephen Broussard, Louis D'Esposito, Charles Newirth, Alan Fine, Stan Lee, Victoria Alonso",Michael Giacchino,7.5,863217,/xf8PbyQcR5ucXErmZNzdKR0s8ya.jpg,10,2016,43,doctor strange,doctor strange,"hong kong (1), premiere (6), shanghai (1), los angeles, california (1), london (1), blank (72), berlin (1), cph: pix (1), colombo (1), mar del plata film festival (1), dvd and blu-ray premiere (1), imax re-release (1), dvd premiere (1)",72,0,89,0.0,no,no
453395,Doctor Strange in the Multiverse of Madness,7.2,9863,Released,2022-05-04,955775804,126,290000000,tt9419884,en,Doctor Strange in the Multiverse of Madness,"Doctor Strange, with the help of mystical allies both old and new, traverses the mind-bending and dangerous alternate realities of the Multiverse to confront a mysterious new adversary.",11.2618,Enter a new dimension of Strange.,"Fantasy, Action, Adventure","marvel studios, kevin feige productions",United States of America,"ÂπøÂ∑ûËØù / Âª£Â∑ûË©±, English, Espa√±ol","Alan Leong, Yasmin Chadwick, Andr√© Layne, Benedict Cumberbatch, Jordan Alexandra, Gregory Fung, Benedict Wong, Audrey Wasilewski, Joshua Peace, Michael Stuhlbarg, Aliyah Camacho, Cecilia Appiah, Bruce Campbell, Jett Klyne, Victoria Sterling, Hayley Atwell, Richie Palmer, Christian Rummel, David K.S. Tse, Anson Mount, Nuakai Aru, Julian Hilliard, Charlie Norton, Yenifer Molina, Chess Lopez, Joshmaine Joseph, Vinny Moli, Sheila Atim, Lashana Lynch, Orphee Sidibe, Ross Marquand, Ella Bardot, Daniel Swain, Elizabeth Olsen, Chiwetel Ejiofor, Ruth Livier, Anthony Knight, Gabriella Cooper-Parsons, Rachel McAdams, Adam Hugill, Xochitl Gomez, Bridget Hoffman, Stephen Samson, Michael Waldron, Victoria Grove, John King, Momo Yeung, Topo Wresniwiro, John Krasinski, Eden Nathenson, Kevin Dalton, Scott Spiegel, Nina Jalava, Andrew Morgado, Andy Bale, Charlize Theron, Jessica Pennington, Patrick Stewart, Ako Mitchell, Bobbie Little",Sam Raimi,John Mathieson,"Stan Lee, Michael Waldron, Steve Ditko","Kevin Feige, Louis D'Esposito, Scott Derrickson, Eric Hauserman Carroll, Victoria Alonso, Jamie Christopher",Danny Elfman,6.9,530699,/ddJcSKbcp4rKZTmuyWaMhuwcfMz.jpg,5,2022,18,doctor strange in the multiverse of madness,doctor strange in the multiverse of madness,"hollywood, california (1), blank (45), internet (1)",45,1,47,0.02,no,no
646380,Don't Look Up,7.067,8866,Released,2021-12-08,791863,138,75000000,tt11286314,en,Don't Look Up,Two astronomers go on a media tour to warn humankind of a planet-killing comet hurtling toward Earth. The response from a distracted world: Meh.,6.7548,Based on truly possible events.,"Comedy, Science Fiction",hyperobject industries,United States of America,English,"David J. Curtis, Anthony Marrese, J.P. Aaron, Jack Alberts, Elder Isaiah Perez, Lance Norris, Danielle Waxman, Jonah Hill, Ron Perlman, Caitlin Ishibashi, Adila Rajeh, Celeste Oliva, Kevin Craig West, Ishaan Khatter, Samsara Yett, Claire Davis, Dorothy Dwyer, Zach Holmes, Chris Everett, Ariana Grande, Jonathan Kobs, Roman Mitichyan, Matt Rouillard, Odis Spencer, Staci Roberts, Wes Johnson, Michael Jibrin, Tomer Sisley, Jody O'Neil, Georgia Lyman, Andrew Haserlat, Khaled Rajeh, Richard Donelly, Leonardo DiCaprio, Aimee Doherty, Lance A. Williams, Barbara Douglass, Tyler Perry, Rebecca Gibel, Caroline Bergwall, Sarah Silverman, June Holmes, Gary Tanguay, Rob L√©vesque, Conor Sweeney, Allyn Burrows, Frank Ridley, Sam Zephir, Jon Glaser, Patrick Michael Strange, Khaldoun Rajeh, Wendy Bellevue, Darryl Wooten, Omar Ghonim, Mishka Yarovoy, Conrad Perry, Ralph M. Studley, Paul Guilfoyle, Dee Nelson, Tori Davis Lawlor, Kareem Rajeh, Erik Parillo, J.T. Turner, Ed Peed, Jaden Onwuakor, Homa Sarabi-Daunis, Alaina Pinto, Meryl Streep, Steve Gagliastro, Kid Cudi, Amanda Cass, Nicholai Senat, Brian Faherty, Robert Joy, Melanie Lynskey, Jennifer Lawrence, Hettienne Park, Rob Morgan, Beau Allen, Michael Chiklis, John Bucy, Bianca de la Garza, Christopher Deschenes, Ting, Joy Lang, Himesh Patel, Bill Mootos, Sujoy De, Alexandra Zilch, Meghan Leathers, Natalie Rebenkoff, Marissa Carpio, Cate Blanchett, Shimali de Silva, Rena Maliszewski, Paul Marini, Richard Snee, Ahmad Rajeh, Coran Spardakis Henley, Mark Rylance, Timoth√©e Chalamet, Patricia DeHaney, Stephen Thorne, Sheren Rajeh, Ashleigh Banfield, Jeffrey Smith, Brahms Guignard, Lizzie Short, Alvin Keith, Therese Plaehn, Ross Partridge, Lonnie Farmer, Robert Hurst Radochia, Nate Richman, Lewis D. Wheeler, Meara Mahoney Gross, Alison Weller, Jacob Sanditen, Liev Schreiber, Rafael Silva, Chris Evans, Daniela August, Annette Miller, Anania Williams, Sergei Bushmanov, Jayne McLendon, Patrick Gover, Ben Sidell, Graham Holmes, Patti Tippo, Alex Huynh, Juri Love, Sarah Nolen",Adam McKay,Linus Sandgren,"Adam McKay, David Sirota","Adam McKay, Kevin J. Messick, Jeff G. Waxman",Nicholas Britell,7.2,653842,/th4E1yqsE8DGpAseLiUrI60Hf8V.jpg,12,2021,49,don't look up,spider-man: no way home,"new york city, new york (1), premiere (1), french speaking region (1), blank (7), limited (16), german speaking region (1), internet (32), paris (1), lyon (1)",7,32,61,0.52,yes,no
823482,Dream Scenario,6.648,1142,Released,2023-11-10,14114415,102,10000000,tt21942866,en,Dream Scenario,"Hapless family man Paul Matthews finds his life turned upside down when millions of strangers suddenly start seeing him in their dreams. But when his nighttime appearances take a nightmarish turn, Paul is forced to navigate his newfound stardom.",2.6859,Meet the man of your dreams.,"Comedy, Fantasy","a24, square peg, saturn films",United States of America,"English, Fran√ßais","Noah Centineo, Maev Beaty, Nicolas Cage, Marnie Brunton, Julianne Nicholson, Michael Cera, Sofia Banzhaf, Ramona Gilmour-Darling, Richard Jutras, Nicole Leroux, Leah Stanley, Jordan Raf, Kate Berlant, Domenic Di Rosa, Trish Hoang, Noah Lamanna, Star Slade, Liz Adjei, Al Warren, David Klein, James Collins, Amber Midthunder, Ben Caldwell, Jeremy Levick, Tim Meadows, Talia Schlanger, Stephen R. Hart, Kaleb Horn, Jennifer Wigmore, Dylan Gelula, Lily Gao, Marnie McPhail, Jessica Clement, Cara Volchoff, Alton Mason, Will Corno, Paula Boudreau, Caleb Weatherbee, Nneka Elliott, Krista Bridges, Jesse Goldman, Dylan Baker, Lily Bird, Jessie-Ann Kohlman, Nicholas Braun, Philip van Martin, Jim Armstrong, Marc Coppola, Thomas Mitchell, Conrad Coates, Josh Richards, Agape Mngomezulu, Greer Cohen",Kristoffer Borgli,Benjamin Loeb,Kristoffer Borgli,"Lars Knudsen, Jacob Jaffke, Ari Aster, Tyler Campellone, Nicolas Cage",Owen Pallett,6.8,90180,/2RSMu2iMDCdMKmvBWWvcmE8vjMj.jpg,11,2023,45,dream scenario,the marvels,"toronto international film festival (1), fantastic fest (1), zurich film festival (1), film festival ghent (1), chicago international film festival (1), sitges international fantastic film festival (1), filmekimi (1), montclair film festival (1), philadelphia film festival (1), scad savannah film festival (1), san diego international film festival (1), leiden international film festival (1), indie memphis film festival (1), mumbai international film festival (1), american film festival (1), denver film festival (1), blank (36), limited (2), stockholm international film festival (1), italian speaking region (1), night visions festival (1), french speaking region (1), tromsø international film festival (1), fantasy filmfest white nights (1), german speaking region (1), alicante (1), premiere (2), luxembourg city film festival (1), internet (1)",36,1,66,0.02,no,no
352173,Drishyam,7.6,429,Released,2015-07-30,18000000,163,4600000,tt4430212,hi,‡§¶‡•É‡§∂‡•ç‡§Ø‡§Æ‡•ç,A simple street-smart man tries to protect his family from a cop looking for her missing son who was accidently killed by his daughter.,2.2177,Visuals Can Be Deceptive,"Crime, Mystery, Thriller","panorama studios, viacom18 studios",India,‡§π‡§ø‡§®‡•ç‡§¶‡•Ä,"Prasanna Ketkar, Ishita Dutta, Tabu, Ashish Warang, Kamlesh Sawant, Mrunal Jadhav, Sharad Bhutadiya, Ajay Devgn, Shriya Saran, Rishab Chadha, Sanjay Bhatia, Sonika Chopra, Prathamesh Parab, Sandeep Pandey, Rajat Kapoor, Yogesh Soman",Nishikant Kamat,Avinash Arun,"Jeethu Joseph, Gulzar, Upendra Sidhaye","Sarita Patil, Abhishek Pathak, Kumar Mangat Pathak",Vishal Bhardwaj,8.2,105165,/gIClWRv5OSe8rl5Koi0AeUcCZ9Z.jpg,7,2015,31,drishyam,ant-man,"blank (8), internet (11), tv release (1)",8,11,20,0.55,yes,no
1249213,Drop,6.398,622,Released,2025-04-10,28744699,95,11000000,tt32149847,en,Drop,"Violet, a widowed mother on her first date in years, arrives at an upscale restaurant where she is relieved that her date, Henry, is more charming and handsome than she expected. But their chemistry begins to curdle as Violet begins being irritated and then terrorized by a series of anonymous drops to her phone.",6.5872,Everyone's a suspect.,"Mystery, Thriller","blumhouse productions, platinum dunes, universal pictures","United States of America, Ireland",English,"Tara Mae, Saoirse Hayden, Jacob Robinson, Sarah McCormack, Stephanie Karam, Jordon-Dion Scanlon, Fiona Browne, Violett Beane, Ben Pelletier, Meghann Fahy, Jeffery Self, Travis Nelson, Niamh McHenry, Michael Shea, Gabrielle Ryan, Brandon Sklenar, Reed Diamond, Ed Weeks",Christopher Landon,Marc Spicer,"Jillian Jacobs, Christopher Roach","Jason Blum, Brad Fuller, Sam Lerner, Michael Bay, Cameron Fuller, Ron Lynch, Macdara Kelleher",Bear McCreary,6.1,45157,/hSQPSW8aLjsMBfwqGjgJ6HozTkp.jpg,4,2025,15,drop,thunderbolts*,"sxsw film festival (1), blank (40), early access (1), limited (1), vod (1), dvd,4k uhd,blu-ray (1), internet (2)",40,2,47,0.04,no,no
329996,Dumbo,6.589,4448,Released,2019-03-27,353284621,112,170000000,tt3861390,en,Dumbo,"A young elephant, whose oversized ears enable him to fly, helps save a struggling circus, but when the circus plans a new venture, Dumbo and his friends discover dark secrets beneath its shiny veneer.",26.7774,Soar to new heights.,"Family, Fantasy, Adventure","tim burton productions, walt disney pictures, infinite detective, secret machine entertainment",United States of America,English,"Joan Southgate, Michael ""Mikey"" Lewis, Stuart Whelan, Roshan Seth, Chirame Shapra, Julian Kershaw, Deobia Oparei, Linda Gray, Hugh O'Brien, Richard James-Clarke, Clive Brunt, Andres Austin Bennett, Lucy DeVito, Matt Truman, Venla Shalin, Joplin, Heather Rome, Eva Green, Colin Farrell, Rob Heanley, Rashid Shadat, Jason Shillingford, Paul Riddell, Victor Pietraru, Richard Garaghty, Jonathan Clifford, Lillia Langley, Michael Barron, Zee Asha, Lars Eidinger, Matthew Castle, Harry Taylor, Tim Southgate, Benjamin French, Trevor Bennett, Anthony Rhodes, Finley Hobbins, Bret Jones, Angela Ashton, Victoria Coburn, Peter Brookes, Michael Buffer, Obie Matthew, Jorge Espadas, Charlotte Worwood, Zak Holland, Douglas Reith, Nigel Eaton, Richard Price, Callum Forman, Marc Esse, Greg Canestrari, Ian Porter, Zolzaya Batmunkh, Sharon Rooney, Georgie-May Tearle, Stuart Daly, Steve Healey, Frank Bourke, Matthew Cox, Ryan Hannaford, George Gjiggy Francis, Ken Byrd, Max Gill, Chris Rogers, Alan Arkin, Virginia Coronado, Ian Harrod, Sarah Sayuri Leung, Pierre Bergman, Arabella Neale, Sandy Martin, Joseph Macnab, Ariunchimeg Enkhsaikhan, Philip Rosch, Philips Nortey, Ragevan Vasan, Vincent Andriano, Nigel Lowe, Beth Willetts, Bernardo Santos, Tom Seekings, Phil Zimmerman, Matthew David McCarthy, Mehari Tesfamarian, Jo Osmond, Craig Thomas Lambert, Richard Leeming, Ethan Keaton, Daniel Gon√ßalves, Eleanor Ham, Emily Tebbutt, Nina Mangold, Scott Haney, Edd Osmond, Jewels Good, Desmond Frey, Will Rowlands, Rita McDonald Damper, Jessica Barker-Wren, Iran Singh, Christian Wolf-La'Moy, Chris Ecob, Bern Colla√ßo, Josef Davies, Otgonchimeg Chuluunzorig, Kamil Lemieszewski, Nataliia Shadrina, Serhii Shadrin, Anthony Fraser, Ben Crowe, Amerjit Deu, Manj Gill, Jackson Kai, Simon Connolly, Carol Been, Michael Keaton, Tom Dab, Mark Reader, Danny DeVito, Zenaida Alcalde, Stephen Samson, Liam Bewley, Nico Parker, Jaymes Sygrove, Alice Bonifacio, Mark Shrimpton, Ndongo Faye, Leah Powell, Keith Lomas, David Thomas Coulter, Marjo Nantel, Binyam Tesfamarian, Nick Bartlett, Jessie Vinning, Zelda Rosset Colon, Peter Trevor, Jana Posna, Anatoli Akerman, Lampros Kalfuntzos, Joseph Gatt, Rosie Akerman, Jemma Ellison, Charlie McGonagle, Erick Hayden, Melanie Gibson, Tom Gaskin, Paddy Waters, Oldokh Ganbold, Miguel Mu√±oz Segura",Tim Burton,Ben Davis,"Ehren Kruger, Harold Pearl, Helen Aberson","Tim Burton, Ehren Kruger, Katterli Frauenfelder, Justin Springer, Derek Frey, Nigel Gostelow",Danny Elfman,6.2,87155,/qgibOIN9RDHiPdimw7Gc7YcY960.jpg,3,2019,13,dumbo,captain marvel,"los angeles (1), premiere (4), tokyo (1), paris (1), london (1), blank (59)",59,0,67,0.0,no,no
438631,Dune,7.777,14092,Released,2021-09-15,407573628,155,165000000,tt1160419,en,Dune,"Paul Atreides, a brilliant and gifted young man born into a great destiny beyond his understanding, must travel to the most dangerous planet in the universe to ensure the future of his family and his people. As malevolent forces explode into conflict over the planet's exclusive supply of the most precious resource in existence-a commodity capable of unlocking humanity's greatest potential-only those who can conquer their fear will survive.",15.9792,It begins.,"Science Fiction, Adventure",legendary pictures,United States of America,"ÊôÆÈÄöËØù, English","Benjamin Dilloway, Ferenc Iv√°n Szab√≥, Joelle, Zendaya, Dave Bautista, Ellen Dubin, Oscar Isaac, Charlotte Rampling, Roger Yuan, Benjamin Cl√©mentine, Charlie Rawes, Elmi Rashid Elmi, Jason Momoa, Fehinti Balogun, Paul Bullion, J√°nos Timk√≥, Babs Olusanmokun, Javier Bardem, Richard Carter, Stephen McKinley Henderson, Marianne Faithfull, Michael Nardone, Duncan Pow, Bal√°zs Megyeri, Rebecca Ferguson, Oliver Ryan, Elem√©r Szatm√°ri, Istv√°n √Åldott, Gloria Obianyo, Stellan Skarsg√•rd, Milena Sidorova, Jean Gilpin, Dora K√°polnai-Schvab, Chang Chen, Timoth√©e Chalamet, Stephen Collins, K√°roly Baksai, David Dastmalchian, Golda Rosheuvel, Jimmy Walker, Seun Shote, Neil Bell, Josh Brolin, Peter Sztojanov, Jr., Souad Faress, Tachia Newall, Bj√∂rn Freiberg, Sharon Duncan-Brewster",Denis Villeneuve,Greig Fraser,"Denis Villeneuve, Jon Spaihts, Eric Roth, Frank Herbert","Herb Gains, Joseph M. Caracciolo Jr., Kim Herbert, John Harrison, Mary Parent, Richard P. Rubinstein, Brian Herbert, Byron Merritt, Cale Boyter, Jon Spaihts, Denis Villeneuve, Tanya Lapointe, Thomas Tull, Joshua Grode",Hans Zimmer,8.0,987090,/d5NXSklXo0qyIYkgV94XAgMIckC.jpg,9,2021,37,dune,shang-chi and the legend of the ten rings,"venice film festival (1), premiere (1), deauville american film festival (1), toronto international film festival (1), blank (75), film by the sea film festival (1), bogota international film festival (1), new york film festival (1), mill valley film festival (1), festival du nouveau cinéma de montréal (1), chicago international film festival (1), sydney film festival (1), internet (1), göteborg film festival (1), cambodia international film festival (1), re-release (20), imax (1), limited (1)",75,1,111,0.01,no,no
374720,Dunkirk,7.4,17096,Released,2017-07-19,527000000,107,150000000,tt5013056,en,Dunkirk,"The story of the miraculous evacuation of Allied soldiers from Belgium, Britain, Canada and France, who were cut off and surrounded by the German army from the beaches and harbour of Dunkirk between May 26th and June 4th 1940 during World War II.",6.9421,"When 400,000 men couldn't get home, home came for them.","War, Action, Drama","warner bros. pictures, syncopy, dombey street productions","United Kingdom, United States of America","English, Fran√ßais, Deutsch","Bobby Lockwood, Adam Long, Jochum ten Haaf, Michael Caine, Matthew Marsh, Aneurin Barnard, Michael Fox, Eric Richard, Kevin Guthrie, Fionn Whitehead, Charley Palmer Rothwell, Kim Hartman, Calam Lynch, Mikey Collins, Harry Collett, Miranda Nolan, Tom Glynn-Carney, Dean Ridge, Will Attenborough, Johnny Otto, Tom Nolan, John Nolan, James Bloor, Elliott Tittensor, Jack Lowden, Damien Bonnard, Bill Milner, Johnny Gibbon, Richard Sanderson, Jack Riddiford, Cillian Murphy, Callum Blake, Jack Cutmore-Scott, Lee Armstrong, Mark Rylance, Brett Lorenzini, Brian Vernel, Billy Howle, James D'Arcy, Constantin Balsan, Nick Howden-Steenstra, Bradley Hall, Tom Hardy, Harry Richardson, Michel Biel, Kenneth Branagh, Luke Thompson, Barry Keoghan, Tom Gill, Harry Styles",Christopher Nolan,Hoyte van Hoytema,Christopher Nolan,"Christopher Nolan, Greg Silverman, Emma Thomas, Jake Myers",Hans Zimmer,7.8,789879,/b4Oe15CGLL61Ped0RAS9JpqdmCt.jpg,7,2017,29,dunkirk,spider-man: homecoming,"london (1), premiere (1), galway film fleadh (1), blank (62), limited (1), toronto international film festival (1), widescreen weekend (1), imax version (1), 4k version (1), beijing international film festival (1), blu-ray release (1), dvd premiere (1), internet (2), re-release (1)",62,2,76,0.03,no,no
1042834,Eden,6.736,371,Released,2025-04-03,1907486,129,50000000,tt23149780,en,Eden,"A group of disillusioned outsiders abandon modern society in search of a new beginning. Settling on a remote, uninhabited island, their utopian dream quickly unravels as they discover that the greatest threat isn‚Äôt the brutal climate or deadly wildlife, but each other.",35.1606,Inspired by the accounts of those who survived.,"Thriller, Drama","imagine entertainment, agc studios, library pictures international",United States of America,English,"Felix Kammerer, Jonathan Tittel, Ana de Armas, Daniel Br√ºhl, Thiago Moraes, Toby Wallace, Paul Gleeson, Tim Ross, Sydney Sweeney, Antonio Alvarez, Benjam√≠n Gorro√±o, Nicholas Denton, Jude Law, Richard Roxburgh, Ignacio Gasparini, Vanessa Kirby",Ron Howard,Mathias Herndl,"Noah Pink, Ron Howard","Miguel Palos, Matt Murphie, Stuart Ford, David Taghioff, Zach Garrett, Brian Grazer, Namit Malhotra, Craig McMahon, Karen Lunder, Patrick Newall, Noah Pink, Masha Maganova, Mathias Herndl, Ron Howard",Hans Zimmer,6.5,24924,/jbFEESMVbpJU8IjZBjiWGJdEsxR.jpg,4,2025,14,eden,thunderbolts*,"toronto international film festival (1), torino film festival (1), blank (15), two riversides film and art festival (1), baltic pearl film festival (1), internet (11)",15,11,30,0.37,no,no
80274,Ender's Game,6.6,6019,Released,2013-10-24,125537191,114,110000000,tt1731141,en,Ender's Game,"Based on the classic novel by Orson Scott Card, Ender's Game is the story of the Earth's most gifted children training to defend their homeplanet in the space wars of the future.",5.6251,This is not a game.,"Science Fiction, Action, Adventure","digital domain, chartoff productions, taleswapper, k/o paper products, oddlot entertainment",United States of America,English,"Brandon Soo Hoo, Tony Mirrcandani, Harrison Ford, Viola Davis, Han Soto, Hailee Steinfeld, Nonso Anozie, Abigail Breslin, Caleb J. Thaggard, Jimmy 'Jax' Pinchak, Edrick Browne, Kelvin Harrison, Jr., Cameron Gaskins, Kyle Clements, Jasmine Kaur, Mois√©s Arias, Ben Kingsley, Christopher Coakley, Chase Walker, Khylin Rhambo, Suraj Partha, Stevie Ray Dallimore, Conor Carroll, Wendy Miklovic, Andrea Powell, Asa Butterfield, Aramis Knight, Gavin Hood",Gavin Hood,Donald McAlpine,"Gavin Hood, Orson Scott Card","Roberto Orci, Bill Lischak, Ed Ulbrich, Robert Chartoff, Ivy Zhong, Venkatesh Roddam, Deborah Del Prete, Gigi Pritzker, Mandy Safavi, Ted Ravinett, David Coatsworth, Alex Kurtzman, Linda McDonough, Lynn Hendee, Orson Scott Card",Steve Jablonsky,6.6,262645,/vmd3CNeG2B9FXsit61oc7oxabej.jpg,10,2013,43,ender's game,thor: the dark world,"blank (58), los angeles, california (1), cinemania, belgrade (1), blu-ray release (1), dvd premiere (1), internet (1)",58,1,63,0.02,no,no
107846,Escape Plan,6.723,5389,Released,2013-10-09,137328301,115,50000000,tt1211956,en,Escape Plan,"Ray Breslin is the world's foremost authority on structural security. After analyzing every high security prison and learning a vast array of survival skills so he can design escape-proof prisons, his skills are put to the test. He's framed and incarcerated in a master prison he designed himself. He needs to escape and find the person who put him behind bars.",4.3937,No one breaks out alone.,"Action, Thriller","knightsbridge entertainment, summit entertainment, atmosphere entertainment mm, envision entertainment, boies/schiller film group, lionsgate, emmett/furla films","United Kingdom, United States of America","English, Deutsch, ÿßŸÑÿπÿ±ÿ®Ÿäÿ©, ÿßÿ±ÿØŸà","Jim Caviezel, Matt Gerald, Jaylen Moore, Rodney Feaster, Stephen Livaudais, Jonathan Eusebio, Vinnie Jones, Joseph Aviel, Brian Oerly, Arnold Chon, Steven Krueger, Sebastian James, Sam Neill, Jeff Chase, John L. Armijo, Christian Stokes, Lydia Hull, Christopher Matthew Cook, Faran Tahir, David Leitch, Michael Papajohn, Alec Rayme, Sylvester Stallone, Graham Beckel, David Joseph Martinez, Jay Amor, Arnold Schwarzenegger, Caitr√≠ona Balfe, Eric Salas, 50 Cent, Vincent D'Onofrio, Dieter Rauter, Amy Ryan, Tim Bell",Mikael H√•fstr√∂m,Brendan Galvin,Jason Keller,"Mark Canton, Brandt Andersen, Kevin King Templeton, Nicolas Stern, Jeff Rice, Spencer Silna, Zack Schiller, Alexander Boies, Robbie Brenner, George Furla, Mark Stewart, Stepan Martirosyan, Remington Chase, Jason Gandhi, Randall Emmett",Alex Heffes,6.7,268068,/qOZPLflxDqKogu9v9hYw3lolxGs.jpg,10,2013,41,escape plan,thor: the dark world,"san diego comic-con (1), blank (70), new york city, new york (1), premiere (1), italian speaking region (1), night visions film festival (1), cinemania, belgrade (1), french speaking region (1), german speaking region (1), dvd premiere (1), shanghai international film festival (1)",70,0,80,0.0,no,no
585216,Escape Room: Tournament of Champions,6.5,2165,Released,2021-07-01,65774490,88,15000000,tt9844522,en,Escape Room: Tournament of Champions,"Six people unwittingly find themselves locked in another series of escape rooms, slowly uncovering what they have in common to survive... and discovering they've all played the games before.",5.6529,Winning was just the beginning.,"Horror, Thriller, Mystery","original film, columbia pictures, shaken, not stirred productions",United States of America,English,"Deborah Ann Woll, Renee Harbek, Tanya van Graan, Wayne Harrison, Avianah Abrahams, Holland Roden, Isabelle Fuhrman, Logan Miller, Carlito Olivero, Indya Moore, Evan Hengst, Amali Golden, Derek Siow, Jaymes Butler, Jay Erving, Jamie-Lee Money, Matt Esof, Lucy Newman-Williams, James Frain, Taylor Russell, Anton David Jeftha, Scott Coker, Thomas Cocquerel, Corin Silva",Adam Robitel,"Marc Spicer, George Amos","Oren Uziel, Will Honley, Christine Lavaf, Maria Melnik, Daniel Tuch, Fritz B√∂hm","Karina Rahardja, Adam Robitel, Philip Waley, Neal H. Moritz","Brian Tyler, John Carey",5.7,66791,/jGYJyPzVgrVV2bgClI9uvEZgVLE.jpg,7,2021,26,escape room: tournament of champions,black widow,"blank (82), blu-ray release (1), internet (3), dvd premiere (1), tv premiere (1)",82,3,88,0.03,no,no
524434,Eternals,6.8,8809,Released,2021-11-03,402064899,156,200000000,tt9032400,en,Eternals,"The Eternals are a team of ancient aliens who have been living on Earth in secret for thousands of years. When an unexpected tragedy forces them out of the shadows, they are forced to reunite against mankind‚Äôs most ancient enemy, the Deviants.",11.219,In the beginning...,"Science Fiction, Action, Adventure",marvel studios,United States of America,"ÿßŸÑÿπÿ±ÿ®Ÿäÿ©, English, ‡§π‡§ø‡§®‡•ç‡§¶‡•Ä, Latin, Espa√±ol","Umair Mufti, Sebastian Senior, Anthony Pius, Jenny Sepiere, Barry Keoghan, Sneya Rajani, Abhishek Mukherjee, Alan Scott, Vladimirs Kozevnikovs, Harry Styles, Sarshi Soni, Don Lee, Alberto Rodr√≠guez, Shiva Raichandani, Amran Hussain, Ascension Martinez Rubio, Manuel Pazhedath, Bill Skarsg√•rd, Anushka Conway, Salma Hayek Pinault, Tarique Pacheco, Nidhi Joshi, Amar Bains, Kumail Nanjiani, Mahershala Ali, Kit Harington, Priyanka Chauhan, Vibhuti-Sheena Patel, Monsur Ali, Harkiran Virdee, Lauren Ridloff, Giursaran Kohli, Chrisoulla Spyrindonos, Derek Horsham, Priyani Elleni Shah, Gurpreet Sian, Reuben George, Saaj Raja, Ismail Mughal, Grahame Fox, Sanjay Dattani, Digvijay Rathod, Ozer Ercan, Medhavi Patel, Shreya Vadnerkar, Hari Patel, Ramzan Miah, Richard Madden, Hannah Dodd, Orson Rosenberg, Aaron Mistry, Nisha Aaliya, Aakash Shukal, Brian Tyree Henry, Zain Al Rafeea, Rickesh Chauhan, Yanich Gharity, Sherisse Bisram, Anekha Pillai, Bhavini Sheth, Ankush Saigal, Charithra Chandran, Ariadna Vadillo Soto, Krupali Khimasia, Adri√† Escudero, Marissa Hussain, Chloe Stannage, Esha Jass, Harish Patel, Lia McHugh, Brenda Lorena Garcia, David Kaye, Nikkita Chadha, Shamina Patel, Angelina Jolie, Amun Bhacu, Jeff Mirza, Kaajel Patel, Esai Daniel Cross, Shahazan Miah, Gemma Chan, Lucia Efstathiou, Haaz Sleiman, Patton Oswalt, Sonal Chakrauaratl, Eddie Saleem, Sebasti√°n Viveros",Chlo√© Zhao,Ben Davis,"Jim Starlin, Chlo√© Zhao, Ryan Firpo, Jack Kirby, Kaz Firpo, Patrick Burleigh","Louis D'Esposito, Victoria Alonso, Kevin De La Noy, Nate Moore, Kevin Feige",Ramin Djawadi,6.2,418364,/lFByFSLV5WDJEv3KabbdAF959F2.jpg,11,2021,44,eternals,eternals,"los angeles (1), premiere (3), rome film festival (1), blank (68), madrid (1), fan event (1), internet (1), dvd and blu-ray premiere (1)",68,1,77,0.01,no,no
109428,Evil Dead,6.579,4851,Released,2013-04-05,99010045,91,17000000,tt1288558,en,Evil Dead,"Mia, a drug addict, is determined to kick the habit. To that end, she asks her brother, David, his girlfriend, Natalie and their friends Olivia and Eric to accompany her to their family's remote forest cabin to help her through withdrawal. Eric finds a mysterious Book of the Dead at the cabin and reads aloud from it, awakening an ancient demon. All hell breaks loose when the malevolent entity possesses Mia.",6.6295,The most terrifying film you will ever experience.,Horror,"tristar pictures, filmdistrict, ghost house pictures",United States of America,"English, Cymraeg","Stephen Butterworth, Ellen Sandweiss, Shiloh Fernandez, Karl Willetts, Jessica Lucas, Bruce Campbell, Jack Walley, Jim McLarty, Rupert Degas, Phoenix Connolly, Sian Davis, Jane Levy, Bob Dorian, Elizabeth Blackmore, Randal Wilson, Lou Taylor Pucci",Fede √Ålvarez,Aaron Morton,"Fede √Ålvarez, Rodo Sayagues, Sam Raimi","Sam Raimi, Robert Tapert, Nathan Kahane, J.R. Young, Peter Schlessel, Bruce Campbell, Sally Campbell, Joseph Drake",Roque Ba√±os,6.5,209579,/1gDV0Lm9y8ufIKzyf0h0GBgb9Zj.jpg,4,2013,14,evil dead,iron man 3,"south by southwest film festival (1), blank (65), imagine film festival (1), future film festival (1), cinemadrome film festival (1), fright nights (1), dvd premiere (1), beyond fest (1), director's cut (1)",65,0,73,0.0,no,no
385687,Fast X,7.0,6091,Released,2023-05-17,704709660,142,340000000,tt5433140,en,Fast X,"Over many missions and against impossible odds, Dom Toretto and his family have outsmarted, out-nerved and outdriven every foe in their path. Now, they confront the most lethal opponent they've ever faced: A terrifying threat emerging from the shadows of the past who's fueled by blood revenge, and who is determined to shatter this family and destroy everything‚Äîand everyone‚Äîthat Dom loves, forever.",19.6506,The end of the road begins.,"Action, Crime, Thriller, Adventure, Mystery","universal pictures, original film, one race, perfect storm entertainment",United States of America,"Espa√±ol, English","Rita Moreno, Luca De Massis, Joaquim de Almeida, Pete Davidson, Michael Irby, Dan Matteucci, Meadow Walker, John Cena, Charlize Theron, Cl√©ment Osty, Justin Price, Isabelle Bernardo, Luis Da Silva, Jr., Michael K. Fox, Daniela Melchior, Peter Overton, Alexandre Chen, Debby Ryan, Cory McClane, Ben Santos, Tyrese Gibson, Helen Mirren, Shadrach Agozino, Reneque Samuels, David A. Chang, Sung Kang, Alan Ritchson, Vin Diesel, Nathalie Emmanuel, Michelle Rodriguez, Emily Buchan, Brie Larson, Jaz Hutchins, Scott Eastwood, Sean Berube, Amber Sienna, Shahir Figueira, Josh Dun, Ali Baddou, Jeremy Parisi, Leo Abelo Perry, Jason Momoa, Luka Hays, Gal Gadot, Alexander Capon, Michael Rooker, Miraj Grbiƒá, Dwayne Johnson, Ludacris, Jason Statham, Tony Morgan, Boye Cole, Ludmilla, Jordana Brewster, Calvin Chen",Louis Leterrier,Stephen F. Windon,"Zach Dean, Dan Mazeau, Gary Scott Thompson, Justin Lin","Vin Diesel, Chris Morgan, David Cain, Justin Lin, Amanda Lewis, Joseph M. Caracciolo Jr., Mark Bomback, Neal H. Moritz, Samantha Vincent, Jeff Kirschenbaum",Brian Tyler,5.7,141080,/fiVW06jE7z9YnO4trhaMEdclSiC.jpg,5,2023,20,fast x,guardians of the galaxy vol. 3,"rome (1), premiere (1), blank (52), dolby cinema (1), imax (1), digital (1), dvd,4k uhd,blu-ray (1), internet (1), tv release (1), tv premiere (1)",52,1,61,0.02,no,no
527641,Five Feet Apart,8.2,5796,Released,2019-03-14,92600000,116,7000000,tt6472976,en,Five Feet Apart,"Seventeen-year-old Stella spends most of her time in the hospital as a cystic fibrosis patient. Her life is full of routines, boundaries and self-control ‚Äî all of which get put to the test when she meets Will, an impossibly charming teen who has the same illness. There's an instant flirtation, though restrictions dictate that they must maintain a safe distance between them. As their connection intensifies, so does the temptation to throw the rules out the window and embrace that attraction.",6.892,"When life keeps you apart, fight for every inch.","Romance, Drama","wayfarer entertainment, cbs films",United States of America,"English, Fran√ßais, Espa√±ol","Trina LaFargue, Mois√©s Arias, Demi Castro, Jim Gleason, Cole Sprouse, Maxwell Baldoni, Rebecca Chulew, Cynthia Evans, Evangeline Hill, Ariana Guerra, Sophia Bernard, Claire Forlani, Todd Terry, Sue-Lynn Ansari, Kristopher Perez, Brett Austin Johnson, Haley Lu Richardson, Cecilia Leal, Ivy Dubreuil, Parminder Nagra, Gary Weeks, Armando Leduc, Kimberly H√©bert Gregory, Phillip Mullings Jr., Johnny Otto, Emily Baldoni, Keianna Nutley",Justin Baldoni,Frankie DeMarco,"Mikki Daughtry, Tobias Iaconis","Christopher H. Warner, Cathy Schulman, Justin Baldoni","Brian Tyler, Breton Vivian",7.2,93987,/kreTuJBkUjVWePRfhHZuYfhNE1T.jpg,3,2019,11,five feet apart,captain marvel,"blank (87), dvd premiere (2), internet (2), tv release (1)",87,2,92,0.02,no,no
9870,Forgetting Sarah Marshall,6.503,3560,Released,2008-04-17,105173115,111,30000000,tt0800039,en,Forgetting Sarah Marshall,"When actress Sarah Marshall dumps aspiring musician Peter Bretter for rock star Aldous Snow, Peter's world comes crashing down. His best friend Brian suggests that Peter should get away from everything and to fly off to Hawaii to escape all his problems. After arriving in Hawaii and meeting the beautiful receptionist Rachel Jansen, Peter is shocked to see not only Aldous in Hawaii, but also Sarah.",17.57,"You lose some, you get some.","Comedy, Romance, Drama","universal pictures, apatow productions",United States of America,"English, Êó•Êú¨Ë™û, Deutsch","Jason Segel, Kala Alexander, Peter Gray Lewis, Taylor Wily, Murray Miller, Paul Rudd, Francesca Delbanco, Trula M. Marcus, Peter Salett, Max Alexander, Michael Oosterom, Tanisha Harper, June Diane Raphael, Maria Thayer, Jesse Heiman, Jack McBrayer, William Baldwin, Steve Landesberg, Cynthia Lamontagne, Jonah Hill, Carla Alapont, Gedde Watanabe, Ahna O'Reilly, Kristen Bell, Kalani Robb, Russell Brand, Da'Vone McDonald, Kirk Fox, Kristen Wiig, Bill Hader, Mila Kunis, Billy Bush, Branscombe Richmond, Liz Cackowski, Jason Bateman, Carla Gallo",Nicholas Stoller,Russ T. Alsobrook,Jason Segel,"Rodney Rothman, Richard Vane, Judd Apatow, Shauna Robertson",Lyle Workman,7.1,316166,/d4elOzyhNWVlxpG7BwigrumkFTe.jpg,4,2008,16,forgetting sarah marshall,iron man,"south by southwest film festival (1), blank (38), french speaking region (1), german speaking region (1), dvd premiere (4), tokyo (1), tv premiere (1), internet (3)",38,3,50,0.06,no,no
168259,Furious 7,7.223,11010,Released,2015-04-01,1515400000,139,190000000,tt2820852,en,Furious 7,Deckard Shaw seeks revenge against Dominic Toretto and his family for his comatose brother.,9.0307,Vengeance hits home.,"Action, Crime, Thriller","original film, one race, universal pictures",United States of America,"ÿßŸÑÿπÿ±ÿ®Ÿäÿ©, English, Espa√±ol, ‡∏†‡∏≤‡∏©‡∏≤‡πÑ‡∏ó‡∏¢","Levy Tran, John Brotherton, Anna Colwell, Djimon Hounsou, Michelle Rodriguez, Lucas Black, Jocelin Donahue, Iggy Azalea, Chris Verdugo, Paul Walker, Brittney Alger, Charlie Kimsey, Ronda Rousey, Luke Evans, Tony Jaa, Nathalie Emmanuel, Ludacris, Miller Kimsey, Jon Lee Brody, Shad Moss, Steve Coulter, Robert Pralgo, Antwan Mills, Tyrese Gibson, D.J. Hapa, Gentry White, Jordana Brewster, Brian Mahoney, J.J. Gonzalez, Dwayne Johnson, Jorge-Luis Pallo, Stephanie Langston, T-Pain, Elsa Pataky, Viktor Hernandez, Sung Kang, Caleb Walker, Sara Sohn, Jorge Ferragut, Noel Gugliemi, Jason Statham, Nathalie Kelley, Kurt Russell, Romeo Santos, Cody Walker, Eden Estrella, Vin Diesel, Benjamin Blankenship, Ali Fazal",James Wan,"Stephen F. Windon, Marc Spicer","Gary Scott Thompson, Chris Morgan","Amanda Lewis, Chris Morgan, Michael Fottrell, Samantha Vincent, Vin Diesel, Neal H. Moritz",Brian Tyler,7.1,433489,/wurKlC3VKUgcfsn0K51MJYEleS2.jpg,4,2015,14,furious 7,avengers: age of ultron,"south by southwest film festival (1), blank (80), buenos aires (1), premiere (3), brisbane (1), french speaking region (1), hollywood, california (1), beijing international film festival (1), deauville film festival (1), dvd premiere (1), internet (1)",80,1,92,0.01,no,no
445571,Game Night,6.846,6057,Released,2018-02-15,117501013,100,37000000,tt2704998,en,Game Night,"Max and Annie's weekly game night gets kicked up a notch when Max's brother Brooks arranges a murder mystery party -- complete with fake thugs and federal agents. So when Brooks gets kidnapped, it's all supposed to be part of the game. As the competitors set out to solve the case, they start to learn that neither the game nor Brooks are what they seem to be. The friends soon find themselves in over their heads as each twist leads to another unexpected turn over the course of one chaotic night.",7.9387,This is not a game.,"Mystery, Comedy, Crime","new line cinema, aggregate films, davis entertainment",United States of America,English,"Jason Bateman, Kylie Bunbury, John Francis Daley, Grace Wan, Natasha Hall, Billy Magnussen, Joshua Mikel, Rachel McAdams, Persephonie Rose, Danny Huston, Lamorne Morris, Jeffrey Wright, Chelsea Peretti, Robin Dyke, Loren Schaffer, Jessica Lee, Steve Witting, Michael Cyril Creighton, Sharon Horgan, Jesse Plemons, Curtis Lyons, Malcolm X. Hughes, Kyle Chandler, Camille Chen, Kelly Johns, Charlotte Haynes Hazzard, Brooke Jaye Taylor, Rachel Tracy, Zerrick Williams, Chad Lail, R.F. Daley, Kabby Borders, Marvin E. West, Michael David Yuhl, Jonathan Goldstein, Michael C. Hall, Olivia, Andrew Benator","John Francis Daley, Jonathan Goldstein",Barry Peterson,"John Francis Daley, Jonathan Goldstein, Mark Perez","Jason Bateman, John Fox, Michael Disco, Dave Neustadter, Toby Emmerich, John Davis, Marc S. Fischer, James Garavente, Richard Brener",Cliff Martinez,6.9,271255,/85R8LMyn9f2Lev2YPBF8Nughrkv.jpg,2,2018,7,game night,black panther,"blank (50), blu-ray release (1), internet (3)",50,3,54,0.06,no,no
274855,Geostorm,6.12,4986,Released,2017-10-12,221600160,109,120000000,tt1981128,en,Geostorm,"After an unprecedented series of natural disasters threatened the planet, the world's leaders came together to create an intricate network of satellites to control the global climate and keep everyone safe. But now, something has gone wrong: the system built to protect Earth is attacking it, and it becomes a race against the clock to uncover the real threat before a worldwide geostorm wipes out everything and everyone along with it.",4.9129,Some things were never meant to be controlled.,"Action, Science Fiction, Thriller","twisted media, skydance media, ratpac entertainment, electric entertainment, warner bros. pictures, october pictures","Hong Kong, United States of America",English,"Ritchie Montgomery, Mare Winningham, Joe Drago, Daniel Wu, Tom Choi, Randall Newsome, Andy Garc√≠a, Eugenio Derbez, Derek Roberts, Jim Sturgess, Aaron Mitchell, Zazie Beetz, David S. Lee, Robert Sheehan, Billy Slaughter, Hannah Devlin, Judd Lormand, Randy Havens, Amr Waked, Arnold Chun, Julia Denton, Richard Schiff, Alexandra Maria Lara, Douglas M. Griffin, Corey Mendell Parker, Anastasiya Rul, Catherine Ashton, Thomas Burke, Carlos Antonio, Abbie Cornish, Adepero Oduye, Edgar Leza, Gerard Butler, Blake Burt, Daniella Garcia, Talitha Eliana Bateman, Sean Paul Braud, Ed Harris",Dean Devlin,Roberto Schaefer,"Paul Guyot, Dean Devlin","Don Granger, Marc Roskin, Herb Gains, Dana Goldberg, David Ellison, Dean Devlin",Lorne Balfe,5.4,130191,/nrsx0jEaBgXq4PWo7SooSnYJTv.jpg,10,2017,41,geostorm,thor: ragnarok,"blank (59), colombo (1), dvd premiere (1), tv premiere (1)",59,0,62,0.0,no,no
425909,Ghostbusters: Afterlife,7.335,4939,Released,2021-11-18,204334455,124,75000000,tt4513678,en,Ghostbusters: Afterlife,"When single mom Callie and her two kids Trevor and Phoebe arrive in a small Oklahoma town, they begin to discover their connection to the original Ghostbusters and the secret legacy their grandfather left behind.",5.5677,Discover the past. Save the future.,"Fantasy, Comedy, Adventure, Science Fiction","columbia pictures, bron studios, the montecito picture company, ghost corps","Canada, United States of America",English,"Shohreh Aghdashloo, Josh Gad, Daniel D'Angelo Sparks, Ernie Hudson, Stella Aykroyd, Olivia Wilde, Faith Louissaint, Bob Gunton, Carrie Coon, Sydney Mae D√≠az, Danielle Kennedy, Ira Heiden, Celeste O'Connor, Paul Rudd, Tracy Letts, Marlon Kazadi, Bill Murray, Dan Aykroyd, Chiara Petersen, CJ Collard, Annie Potts, Mckenna Grace, Hannah Duke, Dusan Rokvic, Finn Wolfhard, Emma Portner, Billy Bryk, Logan Kim, Sarah Natochenny, Sigourney Weaver, J.K. Simmons, Bud Klasky, Harold Ramis, Crystal Roseborough, Artoun Nazareth, Kim Faires, Oliver Cooper, Bokeem Woodbine, Paulina Alexis, Shawn Seward",Jason Reitman,Eric Steelberg,"Gil Kenan, Jason Reitman, Harold Ramis, Dan Aykroyd","Michael Beugg, Jason Cloth, Patrice Avery, Ivan Reitman, Gil Kenan, Tom Pollock, Amie Karp, Dan Aykroyd, Aaron L. Gilbert, Joe Medjuck, Jason Blumenfeld",Rob Simonsen,7.0,236906,/sg4xJaufDiQl7caFEskBtQXfD4x.jpg,11,2021,46,ghostbusters: afterlife,eternals,"new york comic con (1), premiere (2), rome film festival (1), blank (59), internet (2), limited (2), stockholm international film festival (1), dvd premiere (1), spain (1), blu-ray release (1)",59,2,71,0.03,no,no
661374,Glass Onion: A Knives Out Mystery,7.0,6166,Released,2022-11-23,15000000,140,40000000,tt11564570,en,Glass Onion: A Knives Out Mystery,World-famous detective Benoit Blanc heads to Greece to peel back the layers of a mystery surrounding a tech billionaire and his eclectic crew of friends.,5.1386,"When the game ends, the mystery begins.","Comedy, Crime, Mystery",t-street,United States of America,English,"Dallas Roberts, Serena Williams, Hugh Grant, Joseph Gordon-Levitt, Jackie Hoffman, Kareem Abdul-Jabbar, N.J. Gentry, Noah Segan, Jessica Henwick, Jacek Czajka, Madelyn Cline, T. Florian Karnowski, Kate Hudson, Adele Franck, Daniel Craig, Dilcia Barrera, Adam Davenport, Dave Bautista, Stephen Sondheim, Edward Norton, Coco Shinomiya, Ali Goksoy, Momo Piƒáuriƒá, James Payton, Panagiotis Margetis, Natasha Lyonne, Mark Newman, Kathryn Hahn, Janelle Mon√°e, Leslie Odom Jr., Dan Chariton, Eddie Gorodetsky, Ethan Hawke, Jake Tapper, Lauren Ivy, Yo-Yo Ma, Angela Lansbury",Rian Johnson,Steve Yedlin,Rian Johnson,"Tom Karnowski, Ram Bergman, Rian Johnson",Nathan Johnson,7.1,489665,/vDGr1YdrlfbU9wxTOdpf3zChmv9.jpg,11,2022,47,glass onion: a knives out mystery,black panther: wakanda forever,"toronto international film festival (1), mill valley film festival (1), middleburg film festival (1), bfi london film festival (1), hamptons international film festival (1), closing night (1), newport beach film festival (1), opening night (1), montclair film festival (1), philadelphia international film festival (1), virginia film festival (1), opening night film (1), miami film festival gems (1), key west film festival (1), moma - the contenders (1), blank (3), limited (2), internet (30)",3,30,50,0.6,yes,no
940721,Godzilla Minus One,7.6,2866,Released,2023-11-03,113676322,124,15000000,tt23289160,ja,„Ç¥„Ç∏„É©-1.0,"In postwar Japan, Godzilla brings new devastation to an already scorched landscape. With no military intervention or government help in sight, the survivors must join together in the face of despair and fight back against an unrelenting horror.",10.8248,Survive and fight. Live and resist.,"Science Fiction, Horror, Action","toho, toho studios, robot communications",Japan,"English, Êó•Êú¨Ë™û","Masatoshi Kihara, Tetsu Hirahara, Munetaka Aoki, Koya Fukuda, Ryota Tsuchihashi, Tetsunori Akira, Yukio Tsukamoto, Kentaro Furuyama, Etsuji Harada, Daiki Ichikawa, Yosuke Minokawa, Yoshiyo Naka, Yuho Mochinaga, Fuma Sasaki, Touta Tawaragi, Kisuke Iida, Kiyoshi Uchida, Ryunosuke Kamiki, Aya Sakura, Hidetaka Yoshioka, Ami Kitamikado, Hirotaka Akatsuma, Akihiro Yamamoto, Minami Hamabe, Django Yamada, Ikumu Shigeta, Seiji Okuda, Daichi Abe, Seitaro Chiba, Yuki Takao, Eisuke Sasai, Takato Yonemoto, Hidemasa Mase, Goro Sato, Hidehiko Yamada, Senji Nakagi, Yasunori Ota, Mizuki Hasegawa, Saori, Jun Ohnishi, Yuta Wakabayashi, Yuko Onose, Masataka Matsubara, Yuto Yoshikawa, Ryo Hamanaka, Shota Taniguchi, Kiyomi Aratani, Hiroyuki Toritani, Yuji Komatsu, Sentarou Kusakabe, Tatsuki Oguma, Mami Aoki, Shunpeter Sugisaki, Atomu Ito, Atsushi Saitou, Tsutomu Osabe, Kunihiro Suda, Sakura Ando, Keita Chiba, Yoka, Saki Nakatani, Kenji Anan, Kenji Mizuhashi, Mami Tokuda, Michael Arias, Shinsuke Kasai, Risa Miyake, Akio Nakadai, Masaichi Wanibuchi, Mao Ohno, Shohei Abe, Gomez Hori, Makoto Matsumoto, Masaru Yahagi, Shoji Omiya, Keisuke Fujita, Ayane Kamoi, Gohshuu, Masayuki Yamada, Yusuke Karita, Yuya Oshima, Yukihide Ueda, Sho Tsuruta, Yuya Endo, Masato Nakano, Miou Tanaka, Takumi Matsui, Makoto Araki, Kisuke Inoue, Gen Shimada, Kuranosuke Sasaki, Rikako Miura, Ozuno Nakamura, Shinji Nagashima, Ippei Sasaki, Yuki Yamada, Kota Kawabata, Yamato Aizawa, Miki Mirai, Genki Furugen, Sho Nishigaki",Takashi Yamazaki,K≈çz≈ç Shibazaki,Takashi Yamazaki,"Keichiiro Moriya, Kenji Yamada, Shuji Abe, Minami Ichikawa, Hisashi Usui, Kazuaki Kishida, Go Abe","Naoki Sato, Akira Ifukube",7.7,179943,/2E2WTX0TJEflAged6kzErwqX1kt.jpg,11,2023,44,godzilla minus one,the marvels,"tokyo international film festival (1), premiere (1), blank (32), limited (10), copenhagen (1), dvd and blu-ray premiere (1), zaragoza (1), subtitled version (4), early release (1), barcelona (1), event release (1), barcelona- phenomena (1), internet (7), black and white version (4), japanese film festival (2), re-release (1), dvd & blu-ray (1)",32,7,70,0.1,no,no
353070,Going in Style,6.695,2901,Released,2017-04-06,84618541,96,25000000,tt2568862,en,Going in Style,"Desperate to pay the bills and come through for their loved ones, three lifelong pals risk it all by embarking on a daring bid to knock off the very bank that absconded with their money.",3.9092,You're never too old to get even.,"Crime, Comedy","village roadshow pictures, new line cinema, de line pictures, ratpac entertainment, warner bros. pictures",United States of America,English,"Longmore Mikhala, Christopher Lloyd, Frank Anello, Jojo Gonzalez, Alan Arkin, Michael Caine, Maria Dizzia, Matt Ballard, Frisco Cosme, Aly Tricarico, Kenan Thompson, Katlyn Carlson, Joe Remy Dolinsky, John Ortiz, Laren England, Guy Sparks, Seth Barrish, Jeremy Bobb, Peter Serafinowicz, Jorge Chapa, Arthur Swain, Lisa Zebrowski, Morgan Freeman, Nancy Sun, Olli Haaskivi, Pete Hogan, Lyssa Mandel, Kenneth Maharaj, Chase Anderson, Jessica Perez, Tommy Bayiokos, Lolita Foster, James Brickhouse, Matt Dillon, Leslie C. Nemet, James Zeiss, Gillian Glasco, Dillon Mathews, Precious Sipin, Anthony Chisholm, Ashley Aufderheide, Eddie Sellner, Nancy Castro, Ratnesh Dubey, Gina Diaz, Lulu Picart, Chris Carfizzi, A.J. Franklin, Jeremy Shinder, Mark St. Cyr, Richard Zavaglia, Linden Tailor, Joey King, Kieran Clark, Doris McCarthy, Jen Ponton, Marlon Perrier, Janet Stanwood, Meredith Antoian, Ann-Margret, Siobhan Fallon Hogan, Bella DiDomenico, Barbara Ann Davison, David E. Jenkins Jr., Katrina E. Perkins, Richie Moriarty, Parker James Fullmore, Jos√© B√°ez, Josh Pais, Nick Cordero, Annabelle Chow, Tony Arrigo, Aaron Ayhan, Nick Austin, Marc Chouen, Melanie Nicholls-King",Zach Braff,Rodney Charters,"Martin Brest, Theodore Melfi, Edward Cannon","Samuel J. Brown, Donald De Line, Andrew Haas, Jonathan McCoy, Bruce Berman, Tony Bill, Steven Mnuchin, Michael Disco, Toby Emmerich",Rob Simonsen,6.6,97358,/4nfWsdsJfO5srRZgxiWC9xHub0W.jpg,4,2017,14,going in style,guardians of the galaxy vol. 2,"beaune film festival (1), blank (46), blu-ray premiere (1), dvd premiere (2), dvd and blu-ray premiere (1), international film festival cinematik (1)",46,0,52,0.0,no,no
49047,Gravity,7.2,15895,Released,2013-10-03,723192705,91,105000000,tt1454468,en,Gravity,"Dr. Ryan Stone, a brilliant medical engineer, is on her first Shuttle mission, with veteran astronaut Matt Kowalsky in command of his last flight before retiring. But on a seemingly routine spacewalk, disaster strikes. The Shuttle is destroyed, leaving Stone and Kowalsky completely alone-tethered to nothing but each other and spiraling out into the blackness of space. The deafening silence tells them they have lost any link to Earth and any chance for rescue. As fear turns to panic, every gulp of air eats away at what little oxygen is left. But the only way home may be to go further out into the terrifying expanse of space.",4.7915,Don't let go.,"Science Fiction, Thriller, Drama","esperanto filmoj, warner bros. pictures, heyday films","United Kingdom, United States of America",English,"Basher Savage, Amy Warren, Phaldut Sharma, George Clooney, Orto Ignatiussen, Ed Harris, Sandra Bullock",Alfonso Cuar√≥n,Emmanuel Lubezki,"Alfonso Cuar√≥n, Jon√°s Cuar√≥n","David Heyman, Christopher DeFaria, Nikki Penny, Stephen Jones, Alfonso Cuar√≥n",Steven Price,7.7,890527,/kZ2nZw8D681aphje8NJi8EfbL1U.jpg,10,2013,40,gravity,thor: the dark world,"venice film festival (1), telluride film festival (1), toronto international film festival (1), donostia-san sebastián international film festival (1), rio de janeiro international film festival (1), zurich film festival (1), new york city, new york (1), premiere (4), beirut international film festival (1), blank (75), german speaking region (1), buenos aires (1), rio de janeiro (1), bfi london film festival (1), nice international fantastic cinema festival (1), french speaking region (1), italian speaking region (1), night visions film festival (1), tokyo (1), re-release (2), imax-3d version (2), beijing international film festival (2), brussels international film festival (1), taipei golden horse film festival (1)",75,0,104,0.0,no,no
313922,Green Room,6.726,2829,Released,2016-04-15,3800000,95,5000000,tt4062536,en,Green Room,A punk rock band is forced to fight for survival after witnessing an act of violence at a skinhead bar.,2.7771,One way in. No way out.,"Horror, Crime, Thriller","filmscience, broad green pictures",United States of America,"Deutsch, English","Alia Shawkat, October Moore, Joseph Bert√≥t, Mason Knight, Jake Love, Joe Cole, Patrick Stewart, Kyle Love, Anton Yelchin, Brent Werzner, Andy Copeland, Lj Klink, Eric Edelstein, Callum Turner, Imogen Poots, Mark Webber, Macon Blair, Jacob Kasch, Kai Lennox, David Thompson, Samuel Summer, Michael Draper, Kasey Brown, Colton Ruscheinsky, Taylor Tunes",Jeremy Saulnier,Sean Porter,Jeremy Saulnier,"Daniel Hammond, Vincent Savino, Anish Savjani, Victor Moyers, Gabriel Hammond, Neil Kopp","Brooke Blair, Will Blair",7.0,150859,/evZicaR7nXe4LiD9G6QYTorcJGO.jpg,4,2016,15,green room,captain america: civil war,"cannes directors' fortnight (1), neuchâtel international fantastic film festival (1), jerusalem film festival (1), sarajevo film festival (1), fantastic fest (1), deauville film festival (1), toronto international film festival (1), motelx - lisbon international horror film festival (1), quebec city film festival (1), helsinki international film festival (1), zurich film festival (1), athens film festival (1), rio de janeiro international film festival (1), vancouver international film festival (1), busan international film festival (1), bfi london film festival (1), kaohsiung film festival (1), stockholm international film festival (1), paris international fantastic film festival (1), sundance film festival (1), international film festival rotterdam (1), !f istanbul independent film festival (1), lyon festival hallucinations collectives (1), fantasy filmfest nights (1), limited (3), belfast film festival (1), dead by dawn horror film festival (1), blank (16), netia off camera international festival of independent cinema (1), malmö fantastisk filmfestival (1), barcelona (3), subtitled version (4), premiere (1), madrid (1), dvd premiere (7), blu ray release (1), new zealand international film festival (1), dvd and blu-ray premiere (1), down town taito international comedy film festival (1), american film festival (1), catalan subtitled version (1), technical release (1), tv premiere (1), cine universitario (1), internet (1)",16,1,73,0.01,no,no
118340,Guardians of the Galaxy,7.905,29010,Released,2014-07-30,772776600,121,170000000,tt2015381,en,Guardians of the Galaxy,"Light years from Earth, 26 years after being abducted, Peter Quill finds himself the prime target of a manhunt after discovering an orb wanted by Ronan the Accuser.",7.3179,"When things get bad, they'll do their worst.","Action, Science Fiction, Adventure",marvel studios,United States of America,English,"Christopher Fairbank, John C. Reilly, Sharif Atkins, Gregg Henry, Frank Gilhooley, Ronan Summers, Laura Haddock, Dave Bautista, Stan Lee, Alison Lintott, Solomon Mousley, Robert Firth, Brendan Fehr, Tomas Arana, Erica Melargo, Djimon Hounsou, Alexis Rodney, Isabella Poynton, Rachel Cullen, Mikaela Hoover, Tyler Bates, Krystian Godlewski, Ophelia Lovibond, Ene Frost, Melia Kreiling, Keeley Forsyth, Stephen Blackehart, Peter Serafinowicz, John Brotherton, Vin Diesel, Ralph Ineson, Rosie Jones, Wyatt Oleff, Nicole Alexandra Shipley, Marama Corlett, Bruce Mackinnon, Ekaterina Zalitko, Graham Shiels, James Gunn, Lloyd Kaufman, Douglas Robson, Imogen Poynton, Lee Pace, Spencer Wilding, Benicio del Toro, Emmett Scanlan, Nathan Fillion, Laura Ortiz, Max Wrottesley, Glenn Close, Jennifer Moylan-Taylor, Emily Redding, Sean Gunn, Abidemi Sobande, Bradley Cooper, David Yarovesky, Alexis Denisof, Rob Zombie, Miriam Lucia, Seth Green, Zoe Salda√±a, Richard Katz, Tom Proctor, Dominic Grant, Nick Holmes, Naomi Ryan, Enzo Cilenti, Josh Brolin, Chris Pratt, Michael Rooker, Karen Gillan, Lindsay Morton, Jozef Aoki, Janis Ahern",James Gunn,Ben Davis,"Nicole Perlman, Andy Lanning, Dan Abnett, Steve Gan, Bill Mantlo, Jim Starlin, Steve Englehart, James Gunn, Keith Giffen, Val Mayerik, Steve Gerber","Alan Fine, Jeremy Latcham, Kevin Feige, Nik Korda, Victoria Alonso, Stan Lee, Louis D'Esposito",Tyler Bates,8.0,1340844,/r7vmZjiyZw9rpJMQJdXpjgiCOk9.jpg,7,2014,31,guardians of the galaxy,guardians of the galaxy,"los angeles, california (1), premiere (3), london (1), fantasia international film festival (1), reykjavik (1), blank (78), german speaking region (1), french speaking region (1), kirchberg & belval, luxembourg (1), italian speaking region (1), dvd and blu-ray premiere (1), beijing international film festival (1), imax re-release (1), disney+ premiere (1), dvd premiere (1)",78,0,94,0.0,no,no
283995,Guardians of the Galaxy Vol. 2,7.6,22391,Released,2017-04-19,863756051,137,200000000,tt3896198,en,Guardians of the Galaxy Vol. 2,The Guardians must fight to keep their newfound family together as they unravel the mysteries of Peter Quill's true parentage.,9.8729,Anyone can save the galaxy once.,"Science Fiction, Adventure, Action",marvel studios,United States of America,English,"Elizabeth Debicki, Terence Rosemore, Mac Wells, Elizabeth Faith Ludlow, Sean Gunn, Guillermo Rodriguez, Alex Klein, Jeff Goldblum, Sylvester Stallone, Luke Cook, Hilty Bowen, Michael Rosenbaum, Gregg Henry, Blondy Baruti, Dave Bautista, Ving Rhames, Chris Pratt, Stan Lee, Pom Klementieff, Bradley Cooper, Mike Escamilla, Alphonso A'Qen-Aten Jackson, Chris Sullivan, Sierra Love, Zoe Salda√±a, Laura Haddock, Stephen Blackehart, Rhoda Griffis, Wyatt Oleff, Kendra Carelli, Steve Agee, Hannah Gottesman, Miley Cyrus, Aaron Schwartz, Michelle Yeoh, Nea Dune, Jimmy Urine, Joe Fria, Molly C. Quinn, Josh Tipis, Fred Galle, Milynn Sarley, Karen Gillan, Ben Browder, Evan Jones, David Hasselhoff, Kelly Richardson, Jim Gunn Sr., Richard Christy, Tommy Flanagan, Leota Gunn, Damita Jane Howard, Seth Green, Rob Zombie, Michael Rooker, Jason Williams, Donny Carrington, Kurt Russell, Vin Diesel",James Gunn,Henry Braham,"James Gunn, Dan Abnett, Larry Lieber, Andy Lanning, Val Mayerik, Steve Gerber, Bill Mantlo, Steve Englehart, Jim Starlin, Stan Lee, Jack Kirby, Keith Giffen, Steve Gan","Kevin Feige, Louis D'Esposito, Nik Korda, Stan Lee, Jonathan Schwartz, Victoria Alonso",Tyler Bates,7.6,812186,/y4MBh0EjBlMuOzv9axM4qJlmhzz.jpg,4,2017,16,guardians of the galaxy vol. 2,guardians of the galaxy vol. 2,"tokyo (1), premiere (2), los angeles, california (1), blank (65), colombo (1), dvd and blu-ray premiere (1), imax re-release (1)",65,0,72,0.0,no,no
447365,Guardians of the Galaxy Vol. 3,7.932,7779,Released,2023-05-03,845550000,150,250000000,tt6791350,en,Guardians of the Galaxy Vol. 3,"Peter Quill, still reeling from the loss of Gamora, must rally his team around him to defend the universe along with protecting one of their own. A mission that, if not completed successfully, could quite possibly lead to the end of the Guardians as we know them.",12.8913,Once more with feeling.,"Science Fiction, Adventure, Action, Comedy","marvel studios, kevin feige productions",United States of America,English,"Grecia Balboa, Scarlett Blum, Sarah Anne, Reinaldo Faberlle, Dane DiLiegro, Gregg Henry, Dave Bautista, Sarah Alami, Michael Rosenbaum, Brooklyn Skye Oliver, Murphy Weed, Asim Chaudhry, Alexis Hadesty, Kyle Mclean, James Gunn, Terence Rosemore, John William Wright, Bradley Cooper, Max Bickelhaup, Tara Strong, Yael Ocasio, Nico Santos, Austin Freeman, Elizabeth Debicki, Chris Pratt, Elan Gale, Benjamin Byron Davis, Sylvester Stallone, Christopher Fairbank, Joe Daru, Miriam Shor, Emery Grilliot, Pete Davidson, Michelle Civile, Randy Havens, Kai Zen, Adelynn Spoon, Diego Ward, Skylar Huntley, Nathan Fillion, Tara Warren, Jonathan Mercedes, Renae Moneymaker, Chukwudi Iwuji, Hanna Pak, Adriana Leonard, Karen Abercrombie, Dee Bradley Baker, Michael Rooker, Karen Gillan, Rhett Miller, Will Poulter, Jessica Fontaine, Amelia Waters, Jared Leland Gore, Elodie Clarke, Stephen Blackehart, Vin Diesel, Lloyd Kaufman, Natalia Safran, Linda Cardellini, Jasmine Munoz, Noa Raskin, Giovannie Cruz, Sean Gunn, Jennifer Holland, Seth Green, Judy Greer, Molly C. Quinn, Jonathan Fritschi, Darla Delgado, Bonnie Discepolo, Tiffany Smith, Mikaela Hoover, Henry Heffernan, Daniela Melchior, Pom Klementieff, Will Gunn, Ken Lyle, Clare Grant, Zoe Salda√±a, Baby Dro, Caleb Spillyards, Grace Gunn, Gerardo Davila, Maria Bakalova, Brandon Morales, Candi VandiZandi, Autumn Griffin",James Gunn,Henry Braham,"Steve Gan, John Buscema, Larry Lieber, Stan Lee, Bill Mantlo, Sal Buscema, Jim Starlin, Steve Englehart, Roger Stern, Keith Giffen, Jack Kirby, Don Heck, James Gunn","Nik Korda, Kevin Feige, Victoria Alonso, Simon Hatt, Sara Smith, Louis D'Esposito",John Murphy,7.9,452150,/r2J02Z2OpNTctfOSN1Ydgii51I3.jpg,5,2023,18,guardians of the galaxy vol. 3,guardians of the galaxy vol. 3,"seoul, korea (1), premiere (2), disneyland paris (1), blank (64), internet (4), re-release (1)",64,4,73,0.05,no,no
324786,Hacksaw Ridge,8.2,14396,Released,2016-10-07,175302354,139,40000000,tt2119532,en,Hacksaw Ridge,"WWII American Army Medic Desmond T. Doss, who served during the Battle of Okinawa, refuses to kill people and becomes the first Conscientious Objector in American history to receive the Congressional Medal of Honor.",10.2372,One of the greatest heroes in American history never fired a bullet.,"Drama, History, War","summit entertainment, pandemonium, cross creek pictures, permut presentations, vendian entertainment, argent pictures, im global, ai film, bliss media, kylin pictures, cosmos filmed entertainment, icon productions, lionsgate","Australia, United Kingdom, United States of America, China","Êó•Êú¨Ë™û, English","Ned Law, Raphael Sikic, James O'Connell, Hiroshi Kasuga, Nathan Baird, Tim Potter, Nicholas Cowey, Jeremy Costello, Benedict Hardie, Craig Reeves, Luke Bracey, Goran D. Kleut, John Cannon, Mikael Koski, Sam Parsonson, Taka Uematsu, Matt Nable, Tyler Coppin, Thatcher McMaster, Helmut Bakaitis, Teresa Palmer, Jacob Warner, Luke McMahon, James Moffett, Roman Guerriero, Damien Thomlinson, Georgia Adamson, Adam Bowes, Sean Lynch, Yuki Nagashima, Tim McGarry, John Batziolas, Laura Buckton, Rachel Griffiths, Ori Pfeffer, Firass Dirani, Michael Hennessy, Honsen Haga, Hugo Weaving, Yoji Tatsuta, Nobuaki Shimamoto, James Lugton, Daniel Thone, Kazuki Yuyama, Richard Roxburgh, Charles Jacobs, Taki Abe, Vince Vaughn, Jarin Towney, Nathaniel Buzolic, Nico Cortez, Samuel R. Wright, Robert Morgan, Sam Worthington, Darcy Bryce, Daisaku Takeda, Toshiyuki Teramoto, Ryuzaburo Naruse, Ryan Corr, Anthony Rizzo, Andrew Hansch, Bill Young, Dennis Kreusler, Jim Robison, Charles Upton, Luke Pegler, Adrian Twigg, Philip Quast, Laurence Brewer, Bill Thompson, Eric Taugherbeck, Yasushi Asaya, Thomas Unger, Nathan Halls, William Takayanagi-Temm, Troy Pickering, Hayden Geens, Ben O'Toole, Michael Sheasby, Milan Pulvermacher, Simon Edds, Josh Dean Williams, Milo Gibson, Kasia Stelmach, Richard Pyros, James Mackay, Harry Greenwood, Kazuaki Ono, Richard Platt, Ben Mingay, Santo Tripodi, Andrew Sears, Benjamin McCann, Andrew Garfield",Mel Gibson,Simon Duggan,"Robert Schenkkan, Andrew Knight","Eric Greenfeld, Mark C. Manuel, James M. Vernon, Tyler Thompson, Michael Bassick, Terry Benedict, Paul Currie, Suzanne Warren, Lenny Kornberg, David S. Greathouse, Stuart Ford, Brian Oliver, David Permut, Bruce Davey, Rick Nicita, Ted O'Neal, Lauren Selig, William D. Johnson, Christopher Woodrow, Buddy Patrick, Bill Mechanic, Lawrence Bender, Len Blavatnik",Rupert Gregson-Williams,8.1,658855,/wuz8TjCIWR2EVVMuEfBnQ1vuGS3.jpg,10,2016,40,hacksaw ridge,doctor strange,"venice film festival (1), premiere (3), london (1), sydney (1), beverly hills, california (1), blank (57), madrid premiere (1), dvd premiere (2), internet (1)",57,1,68,0.01,no,no
50456,Hanna,6.588,3519,Released,2011-04-07,63782078,111,30000000,tt0993842,en,Hanna,"Raised by her father, an ex-CIA agent, in the wilds of Finland, Hanna's upbringing has been geared to making her the perfect assassin. Sent into the world by her father on a mission, Hanna journeys across Europe, eluding agents dispatched after her by a ruthless intelligence operative. As she nears her ultimate target, Hanna faces startling revelations about her existence.",7.2927,Adapt or die.,"Action, Thriller, Adventure","holleran company, neunte babelsberg film, sechzehnte babelsberg film, twins financing","Germany, United States of America","English, Fran√ßais, Deutsch, Italiano, ÿßŸÑÿπÿ±ÿ®Ÿäÿ©, Espa√±ol","Gudrun Ritter, Martin Wuttke, Saoirse Ronan, John Macmillan, Tom Hodgkins, Vicky Krieps, Marc Soto, Paul Birchard, Jason Flemyng, Cate Blanchett, √Ålvaro Cervantes, Mathias Harrebye-Brandt, Nathan Nolan, Aldo Maland, Mohamed Majd, Jessica Barden, Tim Beckmann, Sebastian H√ºlk, Christian Malcolm, Olivia Williams, Jamie Beamish, Vincent Montuel, Paris Arrowsmith, Tom Hollander, Joel Basman, Michelle Dockery, Eric Bana",Joe Wright,Alwin H. K√ºchler,"Seth Lochhead, David Farr","Scott Nemes, Barbara A. Hall, Marty Adelstein, Leslie Holleran","Ed Simons, Tom Rowlands",6.7,213033,/gRvxRMtejJa9jjfDDUibUIfIJbP.jpg,4,2011,14,hanna,thor,"curaçao (1), blank (47), mostra de valencia (1), german speaking region (1), sydney international film festival (1), french speaking region (1), italian speaking region (1), karlovy vary international film festival (1), dvd premiere (1), sofia (1), cinemania film festival (2), varna (1), tv premiere (1), internet (1)",47,1,61,0.02,no,no
440021,Happy Death Day,6.662,6403,Released,2017-10-12,125479266,97,4800000,tt5308322,en,Happy Death Day,"Caught in a bizarre and terrifying time warp, college student Tree finds herself repeatedly reliving the day of her murder, ultimately realizing that she must identify the killer and the reason for her death before her chances of survival run out.",2.7685,Get up. Live your day. Get killed. Again.,"Comedy, Horror, Mystery","vesuvius productions, blumhouse productions, digital riot media, universal pictures",United States of America,English,"Billy Slaughter, Rob Mello, Brady Lewis, Cariella Smith, Jimmy Gonz√°les, Jason Bayle, Phi Vu, Charles Aitken, Israel Broussard, Rachel Black, Jessica Rothe, Ramsey Anderson, Laura Clifton, Quintin McKemie II, Ruby Modine, Tenea Intriago, Missy Yager, Blaine Kern III, Caleb Spillyards, Dane Rhodes, Tran Tran, Rachel Matthews, Donna DuPlantier, GiGi Erneta",Christopher Landon,Toby Oliver,"Christopher Landon, Scott Lobdell","Jason Blum, Couper Samuelson, Angela Mancuso, Jeanette Volturno, John Baldecchi, Seth William Meier",Bear McCreary,6.6,181545,/cTaEIUYTt52ooq9quVbAQ7NpGwo.jpg,10,2017,41,happy death day,thor: ragnarok,"universal city, california (1), premiere (3), haifa film festival (1), blank (51), sitges film festival (1), limited (1), paris (1), madrid (2), dvd premiere (1), internet (2)",51,2,64,0.03,no,no
12445,Harry Potter and the Deathly Hallows: Part 2,8.084,21401,Released,2011-07-12,1341511219,130,125000000,tt1201607,en,Harry Potter and the Deathly Hallows: Part 2,"Harry, Ron and Hermione continue their quest to vanquish the evil Voldemort once and for all. Just as things begin to look hopeless for the young wizards, Harry discovers a trio of magical objects that endow him with powers to rival Voldemort's formidable skills.",15.3602,It all ends.,"Fantasy, Adventure","warner bros. pictures, heyday films","United Kingdom, United States of America",English,"Chris Rankin, William Melling, Helen McCrory, Suzie Toase, Tony Kirwood, Alan Rickman, Domhnall Gleeson, Peter G. Reed, Luke Newberry, Daphne de Beistegui, Annabelle Davis, Natalie Hallam, David Bradley, Granville Saxton, Katie Leung, Cl√©mence Po√©sy, Graham Duff, Sian Grace Phillips, Mark Williams, Spencer Wilding, Kelly Macdonald, Benedict Clarke, Natalia Tena, Penelope McGhie, Nick Moran, Bob Yves Van Hellenberg Hubar, Julie Walters, Judith Sharp, Alfie McIlwain, Phil Wright, Ralph Fiennes, Bonnie Wright, Jim Broadbent, Charlie Hobbs, Paul Bailey, Samantha Davis, Bertie Gilbert, Adrian Rawlins, Hebe Beardsall, David Thewlis, Rohan Gotobed, Jon Key, Rusty Goffe, Tony Adkins, Ian Peck, Matthew Lewis, Ashley McGuire, Ariella Paradise, Nikki Bond, Ciar√°n Hinds, Daniel Radcliffe, Jason Isaacs, Rupert Grint, Miriam Margolyes, Ellie Darcey-Alden, John Hurt, Maggie Smith, Geraldine Somerville, Timothy Spall, Anthony Allgood, George Harris, Ralph Ineson, Helena Barlow, Jessie Cave, Robbie Coltrane, Scarlett Hefner, Leslie Phillips, Toby Papworth, Vinnie Clarke, Afshan Azad, Harrison Davis, Gary Oldman, James Phelps, Freddie Stroma, Gemma Jones, Louis Cordice, Dave Legeno, Gary Sayer, Helena Bonham Carter, Sean Biggerstaff, Keijo J. Salmela, Anna Shaffer, Emma Watson, Evanna Lynch, Isabella Laughland, Nick Turner, Amber Evans, Jade Gordon, Warwick Davis, Ruby Evans, Josh Herdman, David Heyman, Will Dunn, Devon Murray, Alfred Enoch, Georgina Leonidas, Ryan Turner, Emma Thompson, Tom Felton, Guy Henry, Benn Northover, Oliver Phelps, Arthur Bowen, Michael Gambon, Emil Hostina",David Yates,Eduardo Serra,"J.K. Rowling, Steve Kloves","J.K. Rowling, Lionel Wigram, David Barron, David Heyman",Alexandre Desplat,8.1,1020449,/c54HpQmuwXjHq2C9wmoACjxoom3.jpg,7,2011,28,harry potter and the deathly hallows: part 2,captain america: the first avenger,"london (1), premiere (4), new york city, new york (1), buenos aires (1), blank (71), tokyo (1), belgrade (1), beijing international film festival (2), re-release (6), imax 3d (2), dvd premiere (1), göteborg film festival prisma (1), limited (1)",71,0,93,0.0,no,no
1302916,Heart Eyes,6.436,369,Released,2025-02-06,33129099,97,18000000,tt32558992,en,Heart Eyes,"When the ""Heart Eyes Killer"" strikes Seattle, a pair of co-workers pulling overtime on Valentine's Day are mistaken for a couple by the elusive couple-hunting killer. Now, they must spend the most romantic night of the year running for their lives.",6.1195,No couple is safe.,"Horror, Comedy, Romance","spyglass media group, divide / conquer",United States of America,English,"Bronwyn Bradley, Yoson An, Alex McColl, Kali Kopae, David Van Horn, Esa√∫ Mora, Gary Young, Ella Hope-Higginson, Devon Sawa, Joseph Wycoff, Antonia Prebble, Amy L. Workman, Dylan Thuraisingham, Alaina Wilks, Elliot Lloyd-Bell, Karlton Laing, Jacque Drew, Charles Pierard, Molly Curnow, Jordana Brewster, Kaylim Miller, Olivia Holt, Mason Gooding, Madeleine McCarthy, Karishma Grebneff, Vinnie Bennett, Josh Ruben, Gigi Zumbado, Greg Johnson, Alexander Walker, Colm Woulfe, Conor Bowden, Jessica Underwood Varma, Sahil Arora, Daniel Watterson, Michaela Watkins, Ben Black, Latham Gaines, Wesley Dowdell, Ruby Pledge, Batanai Mashingaidze, Jzayla Hughey, James Gaylyn, Chris Parker, Laylah Waggie, Kiri Rose Kendall, Sol Maxwell, Lauren O'Hara",Josh Ruben,Stephen Murphy,"Christopher Landon, Michael Kennedy, Phillip Murphy","Greg Gilreath, Gary Barber, Christopher Landon, Melanie Turner, Adam Hendricks, Michael Kennedy, Chris Stone, Phillip Murphy",Jay Wadley,6.0,32366,/ebqttF1Vjgde6uSFBEw9mta7Hd3.jpg,2,2025,6,heart eyes,captain america: brave new world,"limited (1), blank (10), internet (3), pvod (1), dvd,4k uhd,blu-ray (1)",10,3,16,0.19,no,no
184315,Hercules,5.8,4219,Released,2014-07-23,244819862,98,100000000,tt1267297,en,Hercules,"When a new enemy threatens the innocent, Hercules must lead his fearless team of warriors in a battle against overwhelming odds.",5.9486,"Before he was a legend, he was a man.","Action, Adventure","paramount pictures, radical studios, flynn picture company, metro-goldwyn-mayer",United States of America,English,"Aden G. Wright, Dora Kanizsa, Lilla Babos, Aksel Hennie, Stephen Peacocke, John Hurt, Tamas Csernus, Rufus Sewell, Ian Whyte, Barbara Palvin, Isaac Andrews, Petra Piringer, Erik Orgovan, Reece Ritchie, Robert Maillet, Matt Devere, Kristina Starostina, Joe Anderson, Dwayne Johnson, Ian McShane, T√≠mea Vajna, N√≥ra Lili H√∂rich, Jean Pigozzi, Csilla Baksa, Mark Phelan, Peter Ivanyi, Dalma L√∂rincz, Ingrid Bols√∏ Berdal, John Cross, Tom Doherty, Dorottya Podmaniczky, Peter Mullan, Rebecca Ferguson, Karolina Szymczak, Christopher Fairbank, Athina Papadimitriu, Nicholas Moss, Benjamin Blankenship, Elena V. Holovcsak, Caroline Boulton, Lilla Bozoki, Tobias Santelmann, Sydney van den Bosch, Anna Skidanova, Oliver Doherty, Kov√°cs Panka, Erika Marozs√°n, Patricia Hegedus, Shay Sabag, Robert Whitelock, Tonia Sotiropoulou, Anna Trok√°n, Judit Viktor, M√°t√© Haumann, Joseph Fiennes, Anna Zs√≠ros, Irina Shayk, Erika Lajos",Brett Ratner,Dante Spinotti,"Ryan Condal, Evan Spiliotopoulos","Peter Berg, Barry Levine, Ross T. Fanger, Brett Ratner, Beau Flynn, Sarah Aubrey, Jesse Berger",Fernando Vel√°zquez,6.0,170102,/5X3VOy9lD44VclKsWTi8gHZGjhL.jpg,7,2014,30,hercules,guardians of the galaxy,"blank (71), hollywood, california (1), premiere (2), italian speaking region (1), berlin (1), french speaking region (1), german speaking region (1)",71,0,78,0.0,no,no
51540,Horrible Bosses,6.572,6583,Released,2011-07-08,209838559,98,35000000,tt1499658,en,Horrible Bosses,"For Nick, Kurt and Dale, the only thing that would make the daily grind more tolerable would be to grind their intolerable bosses into dust. Quitting is not an option, so, with the benefit of a few-too-many drinks and some dubious advice from a hustling ex-con, the three friends devise a convoluted and seemingly foolproof plan to rid themselves of their respective employers... permanently.",5.5847,Ever wish your boss was dead?,"Comedy, Crime","new line cinema, rat entertainment",United States of America,English,"Jimm Giannini, Christina Blevins, Meghan, Duchess of Sussex, P.J. Byrne, Brian George, Diana Toshiko, Jason Bateman, Steve Wiebe, John Francis Daley, Jennifer Hasty, Colin Farrell, Wendell Pierce, Reginald Ballard, Julie Bowen, Seth Gordon, Charlie Day, Barry Livingston, Ioan Gruffudd, Jamie Foxx, Carla Maria Cadotte, Ron White, Isaiah Mustafa, Celia Finkelstein, George Back, Peter Breitmayer, Scott Rosendall, Jason Sudeikis, Bob Newhart, Chad L. Coleman, Lindsay Sloane, Dave Sheridan, Kevin Spacey, Donald Sutherland, Michael Albala, Jennifer Aniston",Seth Gordon,David Hennings,"Jonathan Goldstein, Michael Markowitz, John Francis Daley","Richard Brener, Brett Ratner, Jay Stern, Diana Pokorny, Samuel J. Brown, Michael Disco, Toby Emmerich",Christopher Lennertz,6.9,483722,/uQkUwgyFHAm0jGQERPG6Z9o9Zbj.jpg,7,2011,27,horrible bosses,captain america: the first avenger,"los angeles, california (1), premiere (2), blank (51), buenos aires (1), old town taito international comedy film festival (1), blu-ray premiere (1), tv premiere (1), dvd premiere (1), internet (1)",51,1,60,0.02,no,no
416144,Hotel Mumbai,7.542,1638,Released,2019-03-14,16900000,123,25000000,tt5461944,en,Hotel Mumbai,"Mumbai, India, November 26, 2008. While several terrorists spread hatred and death through the city, others attack the Taj Mahal Palace Hotel. Both hotel staff and guests risk their lives, making unthinkable sacrifices to protect themselves and keep everyone safe while help arrives.",2.7937,"November 26, 2008‚Ä¶ Terror struck the heart of India.","Thriller, History, Drama, Action","xeitgeist entertainment group, screen australia, south australian film corporation, arclight films, double guess productions, screenwest, lotterywest, hamilton films, thunder road, electric pictures","Australia, Singapore, United States of America, United Kingdom","English, ÿßŸÑÿπÿ±ÿ®Ÿäÿ©, ŒµŒªŒªŒ∑ŒΩŒπŒ∫Œ¨, ‡§π‡§ø‡§®‡•ç‡§¶‡•Ä, P—É—Å—Å–∫–∏–π, , ‡®™‡©∞‡®ú‡®æ‡®¨‡©Ä, ŸÅÿßÿ±ÿ≥€å, ÿßÿ±ÿØŸà","Kapil Kumar Netra, Zenia Starr, Vitthal Kale, Nitin Dhiman, Harjeet Singh, Angus McLaren, Dinesh Kumar, Pawan Singh, Manoj Mehra, Carmel Johnson, Nagesh Bhonsle, Naina Sareen, Ansuya Nathan, Amriptal Singh, Mona Mathews, Jason Isaacs, Marc Iserlis, Devyani Mandavgane, Dev Patel, Natasha Liu Bordizzo, Armie Hammer, Akhilesh Harsh, Rohan Mirchandaney, Alex Pinder, Mariette Valsan, Shiv Dev Singh, Carmen Duncan, Raunak Bhinder, Vipin Sharma, Abhiroy Singh, Mohammad Arafat Sarguroh, Rodney Afif, Adithi Kalkunte, Ishan Khanna, Rory Walker, Amandeep Singh, Anupam Kher, Aradhana Dhawan, Gaurav Paswala, Takila Wood, Bhidhisha Ghosh, Tilda Cobham-Hervey, Sachin Joab, Divya Unny, Nazanin Boniadi, Jude Henshaw, Trishaan Sarkar, Suhail Nayyar, Chantal Contouri, Lee Perry",Anthony Maras,Nick Matthews,"Anthony Maras, John Collee","Catherine Prosser, Manraj S. Sekhon, Bryce Menzies, Joseph Newton Cohen, Richard Toussaint, Anthony Maras, Andrew Ogilvie, Dev Patel, Joan Peters, Min-Li Tan, Mike Gabrawy, Natalya Pavchinskaya, Ryan Hamilton, Gary Hamilton, Andrea Quesnelle, Jonathan Fuhrman, Jomon Thomas, John Collee, Ying Ye, Basil Iwanyk, Kent Kubena, Anand Tharmaratnam, Masaaki Tanaka, Gary Ellis, Julie Ryan, Mark Montgomery",Volker Bertelmann,7.6,77083,/v32SC4HFZtlDRWXMaR2V2dWqAXJ.jpg,3,2019,11,hotel mumbai,captain marvel,"toronto international film festival (1), premiere (2), adelaide film festival (1), palm springs international film festival (1), dublin film festival (1), glasgow film festival (1), arizona (2), phoenix film festival (1), manchester film festival (1), sedona international film festival (1), omaha film festival (1), cinequest film festival (1), blank (45), internet (4), los angeles, ca (1), new york, ny (1), beijing international film festival (1), bcn film fest (1), fantasy filmfest (1), dvd and blu-ray premiere (2), blu-ray release (1), vod/digital platforms (1), tv release (1)",45,4,73,0.05,no,no
644495,House of Gucci,6.6,3274,Released,2021-11-24,153235995,158,75000000,tt11214590,en,House of Gucci,"When Patrizia Reggiani, an outsider from humble beginnings, marries into the Gucci family, her unbridled ambition begins to unravel the family legacy and triggers a reckless spiral of betrayal, decadence, revenge, and ultimately‚Ä¶ murder.",3.974,A legacy worth killing for.,"Drama, Crime, History","metro-goldwyn-mayer, bron studios, scott free productions","Canada, United States of America","ÿßŸÑÿπÿ±ÿ®Ÿäÿ©, English, Italiano, Êó•Êú¨Ë™û, Portugu√™s, Fran√ßais","Jared Leto, Roger Garth, Alessandro Egger, Youssef Kerkour, Stefano Moretti, Vincent Riotta, Eric Alexander, Andrea Piedimonte Bodini, Pietro Pace, Catherine Walker, Al Pacino, Edouard Philipponnat, Marina Occhionero, Daniela Macaluso, Paolo De Giorgio, Reeve Carney, Vincenzo Tanassi, Beppe Rosso, Jack Huston, MƒÉdƒÉlina Ghenea, Pierpaolo Palladino, Gaetano Bruno, Marco Sincini, Luke Chikovani, Alessandro Pess, Antonello Annunziata, Livio Beshir, Gjergj Lala, Eva Moore, Miloud Mourad Benamara, Jun Ichikawa, Bruce McGuire, Mehdi Nebbou, Havana Alfarano, Jay Natelle, Al Mariotti, Andrea Bruschi, Adam Driver, Monica Nappo, Nicola Garofalo, Dirk Pl√∂nissen, Johanna Santos, Martino Palmisano, Jeremy Irons, Bianca Nappi, Nicole Bani Sarkute, Daniele De Martino, Philippe Boa, Alexia Murray, Alfredo Pea, Fausto Caroli, Salma Hayek Pinault, Loris Loddi, Lady Gaga, Larry Kapust, Mimmo Mancini, Beniamino Marcone, Pietro Ragusa, Simone Spinazz√®, Dante Alba, Mauro Lamantia, Clelia Rossi Marcelli, Paolo Sena, Ira Fronten, Beatrice Pelliccia, Mia McGovern Zaini, Daphne Morelli, Marika De Chiara, Mario Opinato, Gianpiero Pumo, Daniele Monterosi, Filippo De Carli, Alessandra Borgia, Camille Cottin, Alessandro Piavani, Florence Andrews, Marco Stefanelli, Marta Marenco",Ridley Scott,Dariusz Wolski,"Roberto Bentivegna, Sara Gay Forden, Becky Johnston","Kevin Ulrich, Aidan Elliott, Ridley Scott, Aaron L. Gilbert, Giannina Facio, Kevin J. Walsh, Megan Ellison, Jason Cloth, Mark Huffam, Marco Valerio Pugini",Harry Gregson-Williams,6.6,171609,/oJCQjD2byiVF1EG408F9dBn9ndU.jpg,11,2021,47,house of gucci,eternals,"london (1), premiere (5), milan (1), new york city, new york (1), los angeles, california (1), madrid (1), blank (55), limited (2), tv release (1)",55,0,68,0.0,no,no
207932,Inferno,6.085,6459,Released,2016-10-13,220021259,121,75000000,tt3062096,en,Inferno,"After waking up in a hospital with amnesia, professor Robert Langdon and a doctor must race against time to foil a deadly global plot.",5.4243,His greatest challenge. Humanity's last hope.,"Mystery, Thriller, Action","columbia pictures, imagine entertainment",United States of America,"English, Fran√ßais, Italiano","Ben Foster, Fausto Maria Sciarappa, Yang Haiwen, Attila √Årpa, Lili Gesler, Alberto Basaluzzo, Maria Grazia Mandruzzato, Francesca Inaudi, Pasquale Corrente, Felicity Jones, Zsolt P√°ll, Ana Ularu, Vincent Riotta, Paolo Antonio Simioni, Tom Hanks, Jon Donahue, Luca Fiorilli, Peter Schueller, B√°lint Adorj√°ni, Paul Ritter, Ida Darvish, G√°bor Di√≥ssy, G√§bor Atlasz, Mario Acampa, Rebecka Johnston, G√°bor Urmai, Irrfan Khan, Mehmet Ergen, Omar Sy, Fortunato Cerlino, Dino Conti, Vincenzo Tanassi, Cristian Stelluti, Xavier Laurent, Mirjam Novak, Philip Arditti, Felipe Torres Urso, Kerem Ozen, Peter Linka, Robin Mugnaini, B√ºy√ºkkol Mehmet Onur, Sidse Babett Knudsen, G√°bor Nagyp√°l, Sardar Tagirovsky, Alessandro Fabrizi, Gianni Annoni, Kata Sarb√≥, Alessandro Grimaldi, Simone Mariani",Ron Howard,Salvatore Totino,"Dan Brown, David Koepp","Brian Grazer, Ron Howard, Dan Brown, William M. Connor, Ben Waisbren, Anna Culp, David B. Householter",Hans Zimmer,6.2,199272,/cnqvFvjAaV28F1tU7986VVg0WP7.jpg,10,2016,41,inferno,doctor strange,"florence (1), premiere (1), blank (61), internet (2), baltimore, maryland (1), blu-ray release (1), dvd premiere (1), re-release (1)",61,2,69,0.03,no,no
1726,Iron Man,7.654,27411,Released,2008-04-30,585174222,126,140000000,tt0371746,en,Iron Man,"After being held captive in an Afghan cave, billionaire engineer Tony Stark creates a unique weaponized suit of armor to fight evil.",18.1675,Heroes aren't born. They're built.,"Action, Science Fiction, Adventure","marvel studios, marvel entertainment, fairview entertainment",United States of America,"English, ŸÅÿßÿ±ÿ≥€å, ÿßÿ±ÿØŸà, ÿßŸÑÿπÿ±ÿ®Ÿäÿ©","Tim Guinee, Mike Cochrane, Shaun Toub, Faran Tahir, Russell Richardson, Paul Bettany, Sarah Cahill, Gabrielle Tuite, Jim Cramer, Ahmed Ahmed, Eileen Weisinger, Kevin Foster, Donna Evans, Zorianna Kit, Marvin Jordan, Jeff Bridges, Sayed Badreya, James Bethea, Robert Downey Jr., Fahim Fazli, Frank Nyi, Flavia Manes Rossi, Jon Favreau, Peter Billingsley, Thomas Craig Plumer, Stan Lee, Bill Smitrovich, Meera Simhan, Justin Rex, Lana Kinnear, Garret No√´l, Jeannine Kaspar, Kristin J. Hooper, Robert Berkman, Javan Tahir, Daston Kalili, Ava Rose Williams, Ricki Lander, Gwyneth Paltrow, Ido Mor, Adam Harrington, Tom Morello, Terrence Howard, Callie Croughwell, Gerard Sanders, Tim Rigby, Stacy Stas Hurst, Joshua Harto, Reid Harper, Summer Kylie Remington, Nicole Lindeblad, Sahar Bibiyan, Vladimir Kubr, Ben Newmark, Nazanin Boniadi, Leslie Bibb, Tim Griffin, Patrick O'Connell, Samuel L. Jackson, Clark Gregg, Masha Lund, Marco Khan, Micah A. Hauptman, Lauren Scyphers, Will Lyman",Jon Favreau,Matthew Libatique,"Hawk Ostby, Matt Holloway, Jack Kirby, Mark Fergus, Don Heck, Stan Lee, Art Marcum, Larry Lieber","Jon Favreau, Peter Billingsley, Stan Lee, Avi Arad, Kevin Feige, David Maisel, Ari Arad, Louis D'Esposito",Ramin Djawadi,7.9,1198446,/78lPtwv72eTNqFW9COBYI0dWDJa.jpg,4,2008,18,iron man,iron man,"sydney (1), premiere (7), the hague (1), berlin (1), rome (1), london (1), blank (65), french speaking region (1), german speaking region (1), hollywood, california (1), south india (1), belgrade (1), dvd and blu-ray premiere (1), imax version (1), re-release (3), limited (2), disney+ premiere (1)",65,0,90,0.0,no,no
10138,Iron Man 2,6.8,21809,Released,2010-04-28,623933331,124,200000000,tt1228705,en,Iron Man 2,"With the world now aware of his dual life as the armored superhero Iron Man, billionaire inventor Tony Stark faces pressure from the government, the press and the public to share his technology with the military. Unwilling to let go of his invention, Stark, with Pepper Potts and James 'Rhodey' Rhodes at his side, must forge new alliances ‚Äì and confront powerful enemies.",17.0362,"It's not the armor that makes the hero, but the man inside.","Adventure, Action, Science Fiction","marvel studios, fairview entertainment, marvel entertainment",United States of America,"English, P—É—Å—Å–∫–∏–π, Fran√ßais","Fran√ßois Duhamel, Robert Downey Jr., Tim Guinee, Karim Saleh, Nadine Ellis, Christopher Maleki, Davin Ransom, John Ceallach, Evgeniy Lazarev, Eric L. Haney, John Slattery, Alejandro Pati√±o, Mickey Rourke, Paul Grace, Cameron Lee, Sam Rockwell, Gwyneth Paltrow, Jon Favreau, Ali Khan, Melanie Brown, Matt McColm, Brian Schaeffer, Stan Lee, Olivia Munn, Peter Trenholm Smith, Timothy 'TJ' James Driscoll, Jasmine Dustin, Kylette Zamora, Kristin Quick, Tony Nevada, Michael Bruno, Ajarae Coleman, Ayelet Ben-Shahar, Clark Gregg, Tanoai Reed, Keith Middlebrook, Rachele Brooke Smith, Margy Moore, Nicolas Pajon, Philippe Bergeron, Helena Mattsson, Sam Felman, Sandy Colton, Allison Ochmanek, Nick W. Nicholson, Elon Musk, Mathew Lorenceau, Samuel L. Jackson, Scarlett Johansson, Katie Cleary, Brooke Long, Shakira Vanise Gamble, Jenny Robinson, Don Cheadle, Bill O'Reilly, Lindsay Rosenberg, Renee Herlocker, Jill Ann Pineda-Arnold, Luminita Docan, James Bethea, Doug Swander, Kate Clark, Krystal Ellsworth, Garry Shandling, Victoria Gracie, Gina Cantrell, Peter Sebastian Wrobel, Jack White, Adam Goldstein, Hannah Douglass, Larry Ellison, Annika Ihnat, Paul Bettany, Steven James Price, Kate Mara, Seth Green, Bryan McCoy, Christiane Amanpour, Max Favreau, Phillipe Simon, Leslie Bibb, Lindsay Dennis, Jennifer D. Johnson, Anya Monzikova, Mark Kubr, Isaiah Guyman Martin IV",Jon Favreau,Matthew Libatique,"Stan Lee, Justin Theroux, Jack Kirby, Larry Lieber, Don Heck","Stan Lee, Alan Fine, David Maisel, Denis L. Stewart, Kevin Feige, Jon Favreau, Susan Downey, Louis D'Esposito",John Debney,6.9,920331,/6WBeq4fCfn7AN0o21W9qNcRF2l9.jpg,4,2010,17,iron man 2,iron man 2,"los angeles, california (1), premiere (3), blank (74), french speaking region (1), belgrade (1), italian speaking region (1), german speaking region (1), tokyo (1), dvd and blu-ray premiere (1), imax re-release (1), disney+ premiere (1), re-release (1)",74,0,87,0.0,no,no
68721,Iron Man 3,6.9,22914,Released,2013-04-18,1215577205,130,200000000,tt1300854,en,Iron Man 3,"When Tony Stark's world is torn apart by a formidable terrorist called the Mandarin, he starts an odyssey of rebuilding and retribution.",12.3516,Unleash the power behind the armor.,"Action, Adventure, Science Fiction",marvel studios,United States of America,English,"Mark Aaron Wagner, James Rackley, Thomas Roberts, Dan Brown, Wang Xueqi, Ron Madoff, Paul O'Connor, Mark Kubr, John Eddins, Jenna Ortega, Ashley Hamilton, Cullen Moss, Nick Brandon, Steve Wilder, Bronte D'Esposito, Jake De Witt, Gwendalyn Barker, Mike Massa, Mark Ruffalo, Juan C. Bofill, David Anthony Buglione, Ty Simpkins, Nick W. Nicholson, Sarah Burkhardt, Johnny Otto, Kiante Elam, Aja Frary, Tom Virtue, Kary Musa, Gwyneth Paltrow, Aurelia Riley, Andrew Lander, Noah Visconti, Demetrois Hodges, Noa Lindberg, Tom Clark, Kevin Arnold, Bridger Zadina, Toochukwu T.C. Anyachonkeya, Kim Holderness, Miguel Ferrer, Josh Elliott, J. C. Robaina, Ben Kingsley, William Morts, Fernando Chien, Si-Fu Eric Oram, Corey Hawkins, Yvonne Zima, Anthony Reynolds, Adam Lytle, Dennis Keiffer, Guy Pearce, Jade Quon, Stephanie Szostak, Andrew Lauer, Spencer Garrett, Dale Dickey, Kendrick Cross, Rockey Dickey Jr., Pat Kiernan, Megan Henderson, Drew Michael Hershner, Paul Bettany, Kial Butler, Brycen Counts, Rebecca Hall, Serdar Kalsin, Markos Rounthwaite, Brian Simpson, Robert Downey Jr., Sarah Farooqui, Don Cheadle, Ilram Choi, Sala Baker, Nate Bynum, Bill Maher, Matthew Sterling Nye, Rebecca Mader, William Sadler, Chad Kurtz, Bobby Tisdale, Brooke Jaye Taylor, Glenn Foster, Adam Pally, Dane Farwell, Brian Schaeffer, Jan Broberg Felt, Phil Ortiz, Cal Johnson, Stan Lee, Colin Follenweider, Jon Favreau, Wesley Thompson, Joan Rivers, Adrian Gonzalez, George Kotsiopoulos, Linden Ashby, Samuel Le, Johanna Yunda, James Badge Dale, Mark Ginther, Roy McCrerey, Naomi Parshin, Luciana Faulhaber, Chris Gethard, Philip J. Silvera, Mark Fichera, Shaun Toub, Tara Macken",Shane Black,John Toll,"Shane Black, Don Heck, Stan Lee, Jack Kirby, Larry Lieber, Drew Pearce","Alan Fine, Victoria Alonso, Bing Wu, Kevin Feige, Stan Lee, Dan Mintz, Jon Favreau, Stephen Broussard, Charles Newirth, Wenge Xiao, Louis D'Esposito",Brian Tyler,7.1,948870,/qhPtAc1TKbMPqNvcdXSOn9Bn7hZ.jpg,4,2013,16,iron man 3,iron man 3,"paris (1), premiere (4), london (1), blank (72), los angeles, california (1), belgrade (1), dvd and blu-ray premiere (1), imax re-release (1), disney+ premiere (1), re-release (1)",72,0,84,0.0,no,no
343611,Jack Reacher: Never Go Back,6.0,5122,Released,2016-10-19,162100000,118,60000000,tt3393786,en,Jack Reacher: Never Go Back,"Years after resigning command of an elite military police unit, the nomadic, righter-of-wrongs Reacher is drawn back into the life he left behind when his friend and successor, Major Susan Turner is framed for espionage. Reacher will stop at nothing to prove her innocence and to expose the real perpetrators behind the killings of his former soldiers.",8.6909,Never give in. Never give up. Never go back.,"Action, Drama, Thriller, Crime","skydance media, huahua media, shanghai film group, tc productions, paramount pictures","China, United States of America",English,"Dwayne Finnie, Billy Slaughter, Ashley Wilks, Hunter Burke, Bennie Pete, Zachary James Rukavina, John Arvin Gilbert, Jessica Stroup, Nicole Barr√©, Josh Breslow, Ernest Wells, Taylor Faye Ruffin, Robert Catrini, Lizeth Hutchings, Theo Kypri, Talbott Lin, Ninja N. Devoe, Alexandra Lucchesi, Martin Covert, Gino Galento, Craig Henningsen, Rae Varela, Austin H√©bert, Harry Darvell Cook, Robert Larriviere, Sam Medina, Marisela Zumbado, Abbie Gayle, Robert Segari, Phillip Sherrell Armand, Judd Lormand, Gordon Alexander, Robert J. Gilchrist, Sean Boyd, Ben VanderMey, Jason Douglas, Danika Yarosh, Tyrus Chapman, Michael Papajohn, Darcel White Moreno, Teri Wyble, Alvarez Huntley, Jared Bankens, Ryan Broussard, Sabrina Gennarino, Christopher Berry, Timothy Carr, Caroline Hebert, Madalyn Horcher, Cobie Smulders, Anthony Molinari, Julia Holt, Jesse Malinowski, Larry Lamar Brown, Aldis Hodge, Tom Cruise, Chase Savoie, Lee Child, Jenny Ballard, Holt McCallany, Robert Knepper, M. Serrano, Sharon E. Smith, Patrick Heusinger, Giovanni Silva",Edward Zwick,Oliver Wood,"Lee Child, Richard Wenk, Marshall Herskovitz, Edward Zwick","David Ellison, Tom Cruise, Paula Wagner, Christopher McQuarrie, Herb Gains, Dana Goldberg, Don Granger",Henry Jackman,6.2,189210,/cOg3UT2NYWHZxp41vpxAnVCOC4M.jpg,10,2016,42,jack reacher: never go back,doctor strange,"shanghai (1), premiere (5), new orleans, louisiana (1), french speaking region (1), blank (72), italian speaking region (1), berlin (1), seoul (1), tokyo (1), german speaking region (1), internet (1)",72,1,86,0.01,no,no
208134,Jackass Presents: Bad Grandpa,6.1,1618,Released,2013-10-22,151831537,92,15000000,tt3063516,en,Jackass Presents: Bad Grandpa,"86-year-old Irving Zisman is on a journey across America with the most unlikely companion: his 8 year-old grandson, Billy.",1.488,Real people. Real reactions. Real messed up.,Comedy,"paramount pictures, mtv films, dickhouse productions",United States of America,English,"Kamber Hejlik, Marilynn Allain, Johnny Knoxville, Catherine Keener, Jackson Nicoll, Jack Polick, Zia Harris, Madison Davis, Grasie Mercedes, Spike Jonze, George Faughnan, Jill Killington, Georgina Cates",Jeff Tremaine,"Lance Bangs, Dimitry Elyashkevich","Johnny Knoxville, Fax Bahr, Adam Small, Spike Jonze, Jeff Tremaine","Jeff Tremaine, Johnny Knoxville, Spike Jonze, Derek Freda","Koool G Murder, Sam Spiegel",6.5,100044,/yYBiyZFwwuhSQJ3VQom2d8K3XLN.jpg,10,2013,43,jackass presents: bad grandpa,thor: the dark world,"london (1), premiere (3), new york city, new york (1), blank (31), los angeles, california (1), tokyo international film festival (1), limited (5), dvd premiere (3), dvd and blu-ray premiere (2), internet (3)",31,3,51,0.06,no,no
298250,Jigsaw,6.2,3841,Released,2017-10-25,104223315,91,10000000,tt3348730,en,Jigsaw,"Law enforcement finds itself chasing the ghost of a man dead for over a decade, embroiled in a diabolical new game that's only just begun.",4.1649,The game continues.,"Horror, Mystery","twisted pictures, a bigger boat, serendipity productions, lionsgate",United States of America,English,"Misha Rasaiah, Sam Koules, Tobin Bell, Brittany Allen, Christine Simpson, Billy Parrott, Keeya King, Attila Sebesy, Tina Jung, Ryan Manning, Adam Waxman, Lauren Beatty, Cl√© Bennett, Edward Ruttle, Sonia Dhillon Tully, Joe Anastasio, Josiah Black, Nadine Whiteman, Mandela Van Peebles, Hannah Emily Anderson, Arabella Oz, Paul Braunstein, Michael Boisvert, Esther Thibault, James Gomez, Laura Vandervoort, Callum Keith Rennie, Troy Feldman, Darren Josephs, Bonnie Siu, Matt Passmore, Brandon James Sim, Shaquan Lewis","Michael Spierig, Peter Spierig",Ben Nott,"Leigh Whannell, Pete Goldfinger, James Wan, Josh Stolberg","Mark Burg, James Wan, Leigh Whannell, Daniel J. Heffner, Gregg Hoffman, Jason Constantine, Oren Koules, Stacey Testro, Peter Block",Charlie Clouser,5.7,100716,/7RwHxhdUNS996JPFNB9a7CJtlwR.jpg,10,2017,43,jigsaw,thor: ragnarok,"moscow (1), blank (56), festival de cine de montevideo (1), morbido film fest (1), barcelona (1), subtitled version (1), premiere (1)",56,0,62,0.0,no,no
451048,Jungle Cruise,7.324,5955,Released,2021-07-28,220889446,127,200000000,tt0870154,en,Jungle Cruise,"Dr. Lily Houghton enlists the aid of wisecracking skipper Frank Wolff to take her down the Amazon in his dilapidated boat. Together, they search for an ancient tree that holds the power to heal ‚Äì a discovery that will change the future of medicine.",6.6721,The myth is real.,"Fantasy, Adventure","walt disney pictures, seven bucks productions, davis entertainment, flynn picture company",United States of America,"Deutsch, Fran√ßais, English, Espa√±ol, Italiano, Latin, Polski, Portugu√™s","Sebastian Blunt, Simone Lockhart, Michael H. Cole, Dwayne Johnson, Justin Randell Brooke, Caroline Paige, Keith Arthur Bolden, Travis Gomez, Mark Ashworth, James Quattrochi, Pedro Lopez, Dan Dargan Carter, Veronica Falc√≥n, Christina Souza, Philipp Maximilian, Edgar Ram√≠rez, Quim Guti√©rrez, Marcus Young, Romualdo Castillo, Tanya Wheelock, Hector Banos, Allan Poppleton, Sulem Calderon, Robert Tinsley, David Lengel, Stephen Dunlevy, Raphael Alejandro, Pedro Haro, Peter Luis Zimmerman, Paul Giamatti, Andy Nyman, Piper Collins, Dani Rovira, Emily Blunt, Jesse Plemons, Jack Whitehall",Jaume Collet-Serra,Flavio Mart√≠nez Labiano,"Michael Green, John Requa, John Norville, Josh Goldstein, Glenn Ficarra","Dany Garcia, Scott Sheldon, Douglas C. Merrifield, Dwayne Johnson, John Fox, Beau Flynn, John Davis, Hiram Garcia",James Newton Howard,6.5,223752,/3UPz63cGsAQlYQnkOHfAbUhl1O3.jpg,7,2021,30,jungle cruise,black widow,"anaheim, california (1), premiere (1), giffoni film festival (1), blank (50), internet (5), blu-ray release (1)",50,5,59,0.08,no,no
1234821,Jurassic World Rebirth,6.4,2462,Released,2025-07-01,868349601,134,180000000,tt31036941,en,Jurassic World Rebirth,"Five years after the events of Jurassic World Dominion, covert operations expert Zora Bennett is contracted to lead a skilled team on a top-secret mission to secure genetic material from the world's three most massive dinosaurs. When Zora's operation intersects with a civilian family whose boating expedition was capsized, they all find themselves stranded on an island where they come face-to-face with a sinister, shocking discovery that's been hidden from the world for decades.",60.2508,A new era is born.,"Science Fiction, Adventure, Action","universal pictures, amblin entertainment",United States of America,"Fran√ßais, English","Scarlett Johansson, Ed Skrein, Mahershala Ali, Philippine Velge, Adam Loxley, Jonny Lavelle, Billy Smith, Bechir Sylvain, Rupert Friend, David Iacono, Lucy Thackeray, Audrina Miranda, Manuel Garcia-Rulfo, Niamh Finlay, Jonathan Bailey, Luna Blaise, Julian Edgar",Gareth Edwards,John Mathieson,"Michael Crichton, David Koepp","Janine Modder, Jim Spencer, Frank Marshall, Denis L. Stewart, Steven Spielberg, Patrick Crowley",Alexandre Desplat,5.9,151413,/1RICxzeoNCAO5NpcRMIgg1XT6fm.jpg,7,2025,27,jurassic world rebirth,the fantastic four: first steps,"london (1), premiere (3), shanghai (1), blank (77), limited (1), vod (1), dvd,4k uhd,blu-ray (1), internet (2)",77,2,87,0.02,no,no
614917,King Richard,7.617,2697,Released,2021-11-18,39400000,144,50000000,tt9620288,en,King Richard,"The story of how Richard Williams served as a coach to his daughters Venus and Serena, who will soon become two of the most legendary tennis players in history.",15.6779,"Venus, Serena and a plan for greatness.","Drama, History","star thrower entertainment, westbrook, warner bros. pictures, overbrook entertainment",United States of America,English,"Erin Cummings, Sophia Sanders, Gjee Wade II, Mary Pascoe, Kevin Dunn, Wil J. Jackson, Mikayla LaShae Bartholomew, Jonathan Bray, Katrina Begin, Doug Simpson, Sean Fabian Billings, Katie McCabe, Teri Cohn, Hannah Barefoot, Dan Sachoff, Marcela Zacarias, Andy Bean, Kaitlyn Christian, Jake Jensen, George Ketsios, Alden Sherrill, Matt Kirkwood, Tony Goldwyn, Virginia Schneider, Connie Ventress, Tom Degnan, Erika Ringor, Kika Cicmanec, Chet Grissom, Aunjanue Ellis-Taylor, Tory N. Thompson, Ebboney Wilson, Gunner Wright, Iva Jovic, Mel Fair, Gabi Stewart, Diana Dray, Albert Ton, Christian Yeung, Robert Walker Jeffery, Danya LaBelle, Andy Hoff, Mathew Trent Hunnicutt, John Dinan, Jon Bernthal, Craig Tate, Carrie Gibson, Noah Bean, Chris Pentzell, Dylan McDermott, Brad Greenquist, Rod Sweitzer, Jeff Cohn, Holly Haggerty, Hailey Winslow, Mia Jovic, Demi Singleton, Brandon Morales, Johnno Wilson, Susie Abromeit, Adam Cropper, Daniele Lawson, Saniyya Sidney, Judith Chapman, Eman Esfandi, Layla Crawford, Rich Sommer, Jeni Jones, Erica Shaffer, Chase Del Rey, Chris Wolfe, Aryn Nelson, Tom Holmes, Sophia Bui, Michael Andrew Baker, Valerie Davidson, Josiah Cross, Will Smith, Robert Nuscher, Geoff Nathanson, Tristan Nokes, Jimmy Walker Jr., Jessica Wacnik, Christopher Wallinger, Sean Berube, Trent Longo, Calvin Clausell Jr., Vaughn W. Hebron, Vivienne Bersin, Kamea Medora",Reinaldo Marcus Green,Robert Elswit,Zach Baylin,"Serena Williams, Jon Mone, Peter Dodd, James Lassiter, Trevor White, Will Smith, Allan Mandelbaum, Adam Merims, Isha Price, Tim White, Jada Pinkett Smith, Lynn Harris, Venus Williams",Kris Bowers,7.5,150227,/2dfujXrxePtYJPiPHj1HkAFQvpu.jpg,11,2021,46,king richard,eternals,"telluride film festival (1), bfi london film festival (1), heartland international film festival (1), chicago international film festival (1), philadelphia international film festival (1), leiden international film festival (1), sydney film festival (1), miami film festival (1), coronado island film festival (1), camerimage international film festival (1), afi fest (1), blank (46), limited (1), internet (3), mar del plata film festival (1), moma - the contenders (1), santa barbara international film festival (1), dvd premiere (1), tv premiere (1)",46,3,66,0.05,no,no
631842,Knock at the Cabin,6.266,2917,Released,2023-02-01,54700000,100,20000000,tt15679400,en,Knock at the Cabin,"While vacationing at a remote cabin, a young girl and her two fathers are taken hostage by four armed strangers who demand that the family make an unthinkable choice to avert the apocalypse. With limited access to the outside world, the family must decide what they believe before all is lost.",4.3031,Save your family or save humanity. Make the choice.,"Horror, Mystery, Thriller","blinding edge pictures, filmnation entertainment, wishmore, universal pictures","United States of America, China, Japan",English,"Rupert Grint, Jonathan Groff, M. Night Shyamalan, Satomi Hofmann, Ben Aldridge, Denise Nakano, Monica Fleurette, Clare Louise Frost, Saria Chen, Nikki Amuka-Bird, Kittson O'Neill, Dave Bautista, Billy Vargus, Ian Merrill Peakes, Lya Yanne, Kevin Leung, Hanna Gaffney, Lee Avant, Odera Adimorah, McKenna Kerrigan, Rose Luardo, Kristen Cui, Abby Quinn, Kat Murphy",M. Night Shyamalan,"Lowell A. Meyer, Jarin Blaschke","M. Night Shyamalan, Steve Desmond, Michael Sherman, Paul Tremblay","Christos V. Konstantakopoulos, Marc Bienstock, M. Night Shyamalan, Ashley Fox, Steven Schneider, Ashwin Rajan",Herd√≠s Stef√°nsd√≥ttir,6.1,138605,/dm06L9pxDOL9jNSK4Cb6y139rrG.jpg,2,2023,5,knock at the cabin,ant-man and the wasp: quantumania,"madrid (1), fan event (1), premiere (1), gérardmer international fantastic film festival (1), blank (43), dvd premiere (3), vod (1), internet (1), dvd and blu-ray premiere (1), tv release (1), tv premiere (1)",43,1,55,0.02,no,no
9502,Kung Fu Panda,7.308,12186,Released,2008-06-04,632091832,90,130000000,tt0441773,en,Kung Fu Panda,"When the Valley of Peace is threatened, lazy Po the panda discovers his destiny as the ""chosen one"" and trains to become a kung fu hero, but transforming the unsleek slacker into a brave warrior won't be easy. It's up to Master Shifu and the Furious Five -- Tigress, Crane, Mantis, Viper and Monkey -- to give it a try.",16.5491,Prepare for awesomeness.,"Animation, Family, Comedy, Action, Adventure",dreamworks animation,United States of America,English,"Stephen Kearin, Wayne Knight, Laura Kightlinger, Riley Osborne, Michael Clarke Duncan, Tanya Haden, James Hong, Stephanie Harvey, JR Reed, Jack Black, Randall Duk Kim, Melissa Cobb, Mark Osborne, Dan Fogler, Lucy Liu, Angelina Jolie, David Cross, Emily Burns, Kyle Gass, Jeremy Shipp, Jackie Chan, Dustin Hoffman, Kent Osborne, Ian McShane, John Stevenson, Seth Rogen","John Stevenson, Mark Osborne",Yong Duk Jhun,"Glenn Berger, Jonathan Aibel, Ethan Reiff, Cyrus Voris, Jennifer Yuh Nelson",Melissa Cobb,"John Powell, Hans Zimmer",7.6,564552,/wWt4JYXTg5Wr3xBW2phBrMKgp3x.jpg,6,2008,23,kung fu panda,the incredible hulk,"cannes film festival (1), premiere (3), shanghai international film festival (1), los angeles, california (1), blank (71), imax version (1), limited (1), london (1), german speaking region (1), french speaking region (1), athens (1), dvd premiere (2), festival de cinema en valencià inquiet (1), anifest film festival (1), outfest film festival (1)",71,0,88,0.0,no,no
972533,Last Breath,6.963,461,Released,2025-02-27,24409839,93,23800000,tt14403504,en,Last Breath,Seasoned deep-sea divers battle the raging elements to rescue their crewmate trapped hundreds of feet below the ocean's surface.,8.7846,Make every breath count.,"Thriller, Drama","dark castle entertainment, metfilm production, longshot films, floating harbour, filmnation entertainment, thing 44, aperture media partners","United Kingdom, United States of America",English,"Aldo Silvio, Riz Khan, Woody Harrelson, Josef Altin, MyAnna Buring, Mark Bonnar, Brett Murray, Simu Liu, Nick Biadon, Connor Reed, Ramon Camilleri, Finn Cole, Yaroslav Musii, Christian Scicluna, Daith√≠ O'Donnell, Kevin Naudi, Bobby Rainsbury, Muhammad Arnini Bin Ariffin, Cliff Curtis, Claudiu Baciu",Alex Parkinson,"Ian Seabrook, Nick Remy Matthews","David Brooks, Alex Parkinson, Mitchell LaFortune","Daryl Katz, Jared Underwood, Hal Sadoff, Alastair Burlingham, Anna Mohr-Pietsch, Gary Raskin, Richard Da Costa, Norman Golightly, Dan Clifton, Mitchell LaFortune, Danny Mandel, Chloe Katz, Andrew C. Robinson, Stewart Le Marechal, Paul Marcaccio, David Brooks, Jeremy Plager, Al Morrow, Paul Brooks, Jonny Persey, Alex Parkinson",Paul Leonard-Morgan,6.6,32009,/jc0ZvOgmYZWqTTwx2G5mkoERQM6.jpg,2,2025,9,last breath,captain america: brave new world,"blank (19), vod (1), internet (5), blu-ray and dvd (1), tv release (1)",19,5,27,0.19,no,no
137093,Last Vegas,6.409,2200,Released,2013-10-31,134400000,105,28000000,tt1204975,en,Last Vegas,"Aging pals Billy, Paddy, Archie, and Sam have been best friends since childhood. When Billy finally proposes to his much-younger girlfriend, all four friends go to Las Vegas to celebrate the end of Billy's longtime bachelorhood and relive their glory days. However, the four quickly realize that the intervening decades have changed Sin City and tested their friendship in ways they had not imagined.",3.0857,It's going to be legendary,Comedy,"gidden media, cbs films, good universe, laurence mark productions, outlaw sinema, mandate international",United States of America,English,"Aaron Bantum, Olivia Stuck, Andrew Furr, Stephen Scott Scarpulla, Michael Ealy, Phillip Wampler, Noah Harden, Kevin Kline, Ashley Rae Spillers, April Billingsley, Stefan Gordy, Michael Douglas, Violet Chachki, Bre Blair, Joanna Gleason, Roger Bart, Merry Whitney, Mary Steenburgen, Robert De Niro, Lisa Young, Romany Malco, 50 Cent, Morgan Freeman, Ryan Hartwig, Andrea Moore, Edward Edwards, Jerry Ferrara, Dan Hewitt Owens",Jon Turteltaub,David Hennings,Dan Fogelman,"Laurence Mark, Nathan Kahane, Jeremiah Samuels, Nicole Brown, Lawrence Grey, Amy Baer, Matt Leonetti, Joseph Drake",Mark Mothersbaugh,6.6,139518,/9Aht200Eu2jYiE9cEQdFfNDtHl6.jpg,10,2013,44,last vegas,thor: the dark world,"blank (51), torino film festival (1), limited (1), dvd premiere (1), rtp 1 (1), tv premiere (1)",51,0,56,0.0,no,no
760099,Living,7.0,455,Released,2022-11-04,6999027,102,10000000,tt9051908,en,Living,"London, 1953. Mr. Williams, a veteran civil servant, is an important cog within the city's bureaucracy as it struggles to rebuild in the aftermath of World War II. Buried under paperwork at the office and lonely at home, his life has long felt empty and meaningless. Then a devastating medical diagnosis forces him to take stock, and to try and grasp some fulfilment before it passes permanently beyond reach.",4.3615,It's never too late to start.,Drama,"number 9 films, film4 productions, county hall arts, lipsync productions, rocketscience, kurosawa production, filmgate films, film i v√§st, woolley/karlsen productions","Japan, Sweden, United Kingdom","English, Portugu√™s, Espa√±ol","Jamie Wilkes, Grant Crookes, Rosie Sansom, Nicky Goldie, John Mackay, Patsy Ferran, Violeta Valverde, Barney Fishwick, Lia Williams, Tom Burke, Jessica Flood, Edward Wolstenholme, Ffion Jolly, Thomas Coombes, Richard Cunningham, David Summer, Laurie Denman, Michael Cochrane, Mark James, Hubert Burton, Celeste Dodwell, Michael James, Matilda Ziegler, Grant Gillespie, Eunice Roberts, Jonathan Keeble, Robin Sebastian, Oliver Chris, Bill Nighy, Gleanne Purcell-Brown, Alex Sharp, Anant Varman, Zoe Boyle, Aimee Lou Wood, Adrian Rawlins, Nichola McAuliffe",Oliver Hermanus,Jamie D. Ramsay,"Akira Kurosawa, Kazuo Ishiguro, Hideo Oguni, Shinobu Hashimoto","Stephen Woolley, Daniel Battsek, Kazuo Ishiguro, Ollie Madden, Kenzo Okamoto, Emma Berkofsky, Peter Hampden, Thorsten Schumacher, Norman Merry, Elizabeth Karlsen, Ian Prior, Ko Kurosawa, Nik Powell, Sean Wheelan",Emilie Levienaise-Farrouch,7.2,38503,/zUJcp0rpUqp2GSk7t9jvAiZsXtM.jpg,11,2022,44,living,black panther: wakanda forever,"internet (2), sundance film festival (1), venice film festival (1), telluride film festival (1), toronto international film festival (1), donostia-san sebastián international film festival (1), zurich film festival (1), rio de janeiro international film festival (1), hamptons international film festival (1), cinelibri international book&movie festival (1), paris (1), premiere (2), bfi london film festival (1), middleburg film festival (1), film festival ghent (1), vienna international film festival (1), closing film (1), tokyo international film festival (1), opening film (1), leeds international film festival (1), leiden international film festival (1), blank (18), mar del plata film festival (1), afi fest (1), thessaloniki international film festival (1), ljubljana international film festival (1), miami film festival gems (1), lisbon & sintra film festival (1), stockholm international film festival (1), st. louis international film festival (1), camerimage international film festival (1), mérida film festival (1), red sea international film festival (1), los angeles, california (1), new york city, new york (1), limited (3), alicante (1), tromsø international film festival (1), vilnius international film festival (1)",18,2,60,0.03,no,no
1226578,Longlegs,6.563,2304,Released,2024-07-10,127961936,101,10000000,tt23468450,en,Longlegs,"FBI Agent Lee Harker is a gifted new recruit assigned to the unsolved case of an elusive serial killer. As the case takes complex turns, unearthing evidence of the occult, Harker discovers a personal connection to the merciless killer and must race against time to stop him before he claims the lives of another innocent family.",10.8375,Say your prayers.,"Crime, Horror, Thriller","c2 motion picture group, saturn films, oddfellows entertainment, traffic., range media partners","Canada, United States of America",English,"Carmel Amit, Maika Monroe, Ma√Øla Hosie, Scott Nicholson, Erin Boyes, Beatrix Perkins, Nicolas Cage, Anita Wittenberg, Blair Underwood, Michelle Cyr, Daniel Bacon, Lauren Acala, Peter Bryant, Hazel Bartlett-Sias, Michelle Choi-Lee, Dakota Daulby, Marlea Cleveland, Alicia Witt, Rryla McIntosh, Charles Jarman, Lumen Beltran, Shafin Karim, Trey Helten, Kiernan Shipka, Malcolm Masters, Vanessa Walsh, Melissa Shim, Ava Kelders, Jason William Day, Lisa Chandler",Osgood Perkins,Andres Arochi,Osgood Perkins,"Tom Quinn, Chris Ferguson, Teddy Schwarzman, Jesse Savath, Elizabeth Destro, Jason Cloth, Dave Caplan, Fred Berger, Nicolas Cage, Dan Kagan, Ali Jazayeri, Lawrence Minicone, Brian Kavanaugh-Jones, John Friedberg, Andrea Bucko, Sean Krajewski, David Gendron, Ronnie Exley, Jason Wald",Elvis Perkins,6.6,210774,/1EwNyiiNFd863H4e8nWEzutnZD7.jpg,7,2024,28,longlegs,deadpool & wolverine,"beyond fest (1), blank (47), neuchâtel international fantastic film festival (1), madrid (1), valencia (1), subtitled version (2), premiere (3), lleida (1), limited (2), digital (1), dvd,4k uhd,blu-ray (1), re-release (1), internet (1)",47,1,63,0.02,no,no
449176,"Love, Simon",8.0,6161,Released,2018-02-16,66316289,110,17000000,tt5164432,en,"Love, Simon","Everyone deserves a great love story, but for 17-year-old Simon Spier, it's a little more complicated. He hasn't told his family or friends that he's gay, and he doesn't know the identity of the anonymous classmate that he's fallen for online.",3.5127,Everyone deserves a great love story.,"Comedy, Drama, Romance","temple hill entertainment, fox 2000 pictures, new leaf literary & media, 20th century fox, twisted media",United States of America,English,"Jamila Thompson, Skye Mowbray, Christopher L. Plunkett, Emily Jordan, Clark Moore, Bryson Pitts, Jonathan Fritschi, Robbie Rogers, Tyler Chase, Dylan Cheek, Keiynan Lonsdale, Tony Hale, Jaidi Ventura, Mackenzie Lintz, Sean O'Donnell, Philip Covin, Josh Duhamel, Logan Miller, Joshua Mikel, Nicholas Stargel, Matthew Laraway, Joey Pollari, Jordan Doww, Briana Estevez, Carsen Rowe, Alexandra Shipp, J√∂nah-Blain√© Bowling, Terayle Hill, Collin McHugh, Cassady McClincy-Zhang, Jorge Lendeborg Jr., Nancy De Mayo, Christian Ojore Mayfield, Josh Royston, Chantell D. Christopher, Danni Heverin, Jodi Houck, Jessi Peralta, Baz Ma, Campbell Godfrey, Tyson Love, Abigail Houck, Drew Starkey, Natasha Rothwell, Natalia Tureta, Talitha Eliana Bateman, Patrick Donohue, Samantha Bulka, Haroon Khan, Nye Reynolds, David Copeland Brown Jr., Katherine Langford, Nick Robinson, Alex Sgambati, Miles Heizer, Mandy Fason, Jennifer Garner",Greg Berlanti,John Guleserian,"Isaac Aptaker, Elizabeth Berger, Becky Albertalli","Pouya Shahbazian, Wyck Godfrey, Timothy M. Bourne, Marty Bowen, Isaac Klausner",Rob Simonsen,7.5,132225,/snIsqVPmlu4LPjvToHpDotxa7Eh.jpg,2,2018,7,"love, simon",black panther,"mardi gras film festival (1), san diego international film festival (1), glasgow film festival (1), miami film festival (1), blank (44), melbourne queer film festival (1), limited (2), bfi flare london lgbtqia+ film festival (1), buenos aires (1), premiere (2), paris (1), golden horse fantastic film festival (1), dvd premiere (3), internet (1), dvd and blu-ray premiere (1), tv premiere (1), beijing international film festival (1)",44,1,64,0.02,no,no
1023922,MaXXXine,6.3,1271,Released,2024-07-04,22057161,103,10000000,tt22048412,en,MaXXXine,"In 1980s Hollywood, adult film star and aspiring actress Maxine Minx finally gets her big break. But as a mysterious killer stalks the starlets of Hollywood, a trail of blood threatens to reveal her sinister past.",8.896,Hollywood is a killer.,"Horror, Thriller","a24, motel mojave, access entertainment",United States of America,English,"Sophie Thatcher, Kevin Bacon, Taylor Kowalski, Elizabeth Debicki, Daniel Lench, Lily Collins, Marcus LaVoi, Chloe Farnworth, Pegah Rashti, Moses Sumney, Clayton Farris, Uli Latukefu, Cecilia Yesuil Kim, Simon Prast, Larry Fessenden, Giancarlo Esposito, Bobby Cannavale, Charley Rowan McCain, Albert Kong, Brad Swanick, Deborah Geffner, Susan Pingleton, Ned Vaughn, Mia Goth, Michelle Monaghan, Vera Myers, Marlyn Ortiz, Toby Huss, James Hunter, Halsey, Zachary Mooren, Alison Wonderland, Melissa Kaye Bontempt, Allen Waiserman, Kristin Carey",Ti West,Eliot Rockett,Ti West,"Kevin Turen, Sam Levinson, Ti West, Peter Phok, Jeremy Reitz, Jacob Jaffke, Kid Cudi, Danny Cohen, Harrison Kreiss, Mia Goth, Ashley Levinson, Len Blavatnik",Tyler Bates,6.2,80514,/ArvoFK6nlouZRxYmtIOUzKIrg90.jpg,7,2024,27,maxxxine,deadpool & wolverine,"los angeles, california (1), premiere (1), early access (1), limited (2), blank (31), motelx - festival internacional de cinema de terror de lisboa (1), motelx - lisbon international horror film festival (1), internet (1), tv release (1), taipei golden horse film festival (1), hong kong international film festival (1)",31,1,42,0.02,no,no
619778,Malignant,6.8,2494,Released,2021-09-01,34891791,111,40000000,tt3811906,en,Malignant,"Madison is paralyzed by shocking visions of grisly murders, and her torment worsens as she discovers that these waking dreams are in fact terrifying realities with a mysterious tie to her past.",5.4982,A new vision of terror.,"Horror, Mystery","new line cinema, atomic monster, starlight media, my entertainment",United States of America,English,"Ruben Pla, Jesus Trujillo, Susanna Thompson, Danielle Nottingham, Josh Rutgers, Emir Garc√≠a, Gregory Garcia, Halston Van Atta, Renee Harbek, Cord Walker, Christian Clemenson, Maddie Hasson, Janet Hsieh, Paula Marshall, Rachel Winfree, Louise Van Veenendaal, Mckenna Grace, Lisa Catara, Patrick Cox, Zo√´ Bell, Jacqueline McKenzie, Jon Lee Brody, Ingrid Bisu, Madison Wolfe, Patricia Vel√°squez, Gino Montesinos, Jake Abel, Amir Aboulela, Mercedes Colon, Jean Louisa Kelly, Paul Mabon, Christina Veronica, Kalina Vanska, Mike Mendez, Michole Briana White, Natalia Safran, Randy Haynie, Marina Mazepa, George Young, Ray Chase, Shaunte Lynette Johnson, Andy Bean, Annabelle Wallis",James Wan,Michael Burgess,"James Wan, Akela Cooper, Ingrid Bisu","Ingrid Bisu, Peter Luo, Judson Scott, Hans Ritter, Eric McLeod, Michael Clear, James Wan",Joseph Bishara,6.2,119431,/dGv2BWjzwAz6LB8a8JeRIZL8hSz.jpg,9,2021,35,malignant,shang-chi and the legend of the ten rings,"blank (50), internet (4), blu-ray release (1)",50,4,55,0.07,no,no
458423,Mamma Mia! Here We Go Again,7.1,3494,Released,2018-07-18,395607854,114,75000000,tt6911608,en,Mamma Mia! Here We Go Again,"Five years after meeting her three fathers, Sophie Sheridan prepares to open her mother‚Äôs hotel. In 1979, young Donna Sheridan meets the men who each could be Sophie‚Äôs biological father.",4.0361,Discover how it all began.,"Comedy, Romance","littlestar, playtone","United Kingdom, United States of America",English,"Daniella Bowen, Harry Carter, Imelda de los Reyes, Tommy Franzen, Zoe Purpuri, Zara Treherne, Robbie Culley, Jack Hinton, Leon Cooke, Elander Moore, William Bozier, Simone Sault, Alie Coste, Amy Trigg, Michael Skyers, Antonio Susinni, Anna Antoniades, Nick Len, Simon Slater, Luke Woolaston, Meryl Streep, Lisa Ritchie, Duncan Smith, Sonia Dorado, Jane Fowler, Alex Thomas, Matthew Seadon-Young, Maria Despina, Katherine Isles, Hugh Skinner, Alessio Scozzaro, Esther Scheills, Sarah Cortez, Linda Gibbs, Reece Darlington Delaire, Thierry Picaut, Clive Carter, Cher, Benny Andersson, Dominic Cooper, Andy Garc√≠a, Charis Murray, Jasmine Takacs, Hannah Bodenham, Myra McFadyen, Panos Mouzourakis, Andrew Monaghan, Charlie Bruce, Jeremy Irvine, Johnny White, Amanda Seyfried, Vanessa Campbell, Bj√∂rn Ulvaeus, Michael Simkins, Emma Deigman, Paul Leonard, Jo Darby, Julienne Schembri, Sharif Afifi, Charles Daish, Fergal McGoff, Alexa Davies, Mandy Montanez, Chrissie Cartwright, Crystal Hantig, Nuwan Hugh Perera, Helen Siveter, Cassie Macmillian, Tom Oakley, Dominic Clarson, Joe Allen, Mazz Murray, Celia Imrie, Kim Ismay, Togo Igawa, Mitchell Lathbury, Zach Robinson, Scott Mobley, Gregory Sims, Georgie Leatherland, Carolyn Jones, Melvin LeBlanc, Andrew Hamshire, Robert Nerantzoulis, Pierce Brosnan, Sharon Gomez, Laura Wilson, Mark Goldthorp, Elliot Collins, Lauren Bott, Jacqueline Braun, Jonathan Goldsmith, Jacqui Jameson, Liam Marcellino, Thomas Pitiris, Naoko Mori, Kenneth Tharp, Alison Jenkins, Amy Thornton, Philippa Stefani, Dawn Buckland, Gerard Monaco, Omid Djalili, Peter Challis, Adam Galbraith, Michael Peters, Tim Wallers, Joe Da Costa, Jeannine Desmier, Ava Brennan, Nicola Coates, Rory Furey-King, Claire Fishenden, Sebastien Torkia, Joseph Poulton, Frances Maassen Chiapetta, Javier Cid, Katy Osborne, Kieran Donovan, Pip Hersee, Nia Fisher, Nathalie Desmier, Joe Edward Mascot, Joshua Lacey, Todd Holdsworth, Billy Warren, Natalia Campbell, Amanda Wilkin, Christine Baranski, Nicole Bondzie, Linzi Hateley, Joe Toland, Michael Small, Layla Harrison, Teneisha Bonner, Anastasia Hille, Michael Anthony, Gemma Lawson, Christopher Blades, Elena Zacharia, Peter Le Brun, Aaron Renfree, Mikaela Taube, Tom Clark, Christopher Parkinson, James Paul McAllister, Caroline Bateson, Craig Anthony-Kelly, Alison Harding, Lukas Hunt, Wendy Baldock, Omari Bernard, Fiona McDonald, Nikki Mae, Holly Mitchell, Stella Segar, Paul Tomkinson, Robert Howie, Jemma Geanaus, Jamie Karitzis, Alim Jayda, Cherelle Jay, Josie Scamell, Justin Thomas, Julie Walters, Lizzie Stavrou, Gregor Stewart, James Alan-Evans, Dan Krikler, Emily Tierney, Ashley Campbell, Kathryn Akin, Wolfgang Mwanje, Sandy Strallen, Georgia Reid Hamilton, Colin Firth, Matt Ryan, Myles Brown, Susanne Barklund, Perry Meadowcroft, Parsifal James Hurst, Melissa Odette Teo, Yasmin Harrison, Sherrie Pennington, Nicola Keen, Chris George, Aaron Ashley Parker, Leonie Hill, Maria Vacratsis, Poppy Tierney, Pedro Etchepare, Chad Wilder, Marianna Neofitou, Jordan Nesbitt, Jenny Galloway, Rachel Muldoon, Eve Polycarpou, Ray Clarke, Anu Ogunmefun, Adi Suissa, Louise Gold, Rebecca Leung, Chanel Mian, Melli Matthews, Tom Wheatley, Jake Moyle, Beth Willetts, Tamara McKoy-Patterson, Dale Branston, Nathaniel Ellul, Leah Sue Morland, Josh Dylan, Cassie Clare, Parisa Shahmir, Dean Street, Matthew James Duff, Reece Kerridge, Emma Clayton, Jayde Nelson, Oliver Metzler, Natalie Davis, Lily James, Grace Cinque White, Stellan Skarsg√•rd, Sam Nesti, Jessica Keenan Wynn",Ol Parker,Robert D. Yeoman,"Stig Anderson, Catherine Johnson, Bj√∂rn Ulvaeus, Benny Andersson, Richard Curtis, Ol Parker","Claudia Balboa, Tom Hanks, Bj√∂rn Ulvaeus, Benny Andersson, Rapha√´l Benoliel, Anna Sofia M√∂rck, Phyllida Lloyd, Judy Craymer, Richard Curtis, Rita Wilson, Nicky Kentish Barnes, Gary Goetzman",Anne Dudley,6.6,117991,/aWicerX4Y7n7tUwRAVHsVcBBpj2.jpg,7,2018,29,mamma mia! here we go again,ant-man and the wasp,"stockholm (1), premiere (2), london (1), blank (59), genting highlands (1), dvd premiere (2), internet (1)",59,1,67,0.01,no,no
9539,Martyrs,7.3,2878,Released,2008-06-12,1100000,99,6500000,tt1029234,fr,Martyrs,"A young woman‚Äôs quest for revenge against the people who kidnapped and tortured her as a child leads her and her best friend, also a victim of child abuse, on a terrifying journey into a living hell of depravity.",23.6398,They haven't finished being alive.,"Horror, Drama, Thriller","wild bunch, tcb films, eskwad","Canada, France",Fran√ßais,"Robert Toupin, Tony Robinow, Catherine B√©gin, Patricia Tulasne, Isabelle Chasse, Patrick Dorval, Erika Scott, Michel Cormier, Louis Thevenon, Louise Boisvert, Anie Pascale, Morjana Alaoui, Juliette Gosselin, Jean-Marie Moncelet, Mathieu Samaille, Myl√®ne Jampano√Ø, Mike Chute, Jessie Pham, Emilie Miskdijan, Xavier Dolan, Jean-Fran√ßois Boudreau, Ga√´lle Cohen",Pascal Laugier,"St√©phane Martin, Nathalie Moliavko-Visotzky, Bruno Philip",Pascal Laugier,"Fr√©d√©ric Doniguian, Richard Grandpierre, Marcel Giroux","Alex Cort√©s, Willie Cort√©s",7.0,117172,/40qDGpnpa3nGDe8w6tFfv8GXehl.jpg,6,2008,24,martyrs,the incredible hulk,"fantasy filmfest (1), frightfest (1), blank (11), toronto international film festival (1), helsinki international film festival (1), austin fantastic fest (1), weekend de la peur festival (1), rome film festival (1), sitges film festival (1), screamfest horror film festival (1), horrorthon festival dublin (1), french speaking region (2), stockholm international film festival (1), iik!! horror film festival (1), limited (1), festival otrleho divaka (1), afm international independent film festival (1), dvd premiere (15), festival du film français au japon (1), imagine film festival (1), pifan international film festival (1), motelx - lisbon international horror film festival (1), festival de cine de terror de molins de rei (1), madrid - artistic metropol (2), subtitled version (3), event (2), blu-ray & dvd (1), premiere (1), cine universitario (1), madrid - cineteca (1), technical event release (1)",11,0,60,0.0,no,no
839369,May December,6.6,959,Released,2023-11-16,4232370,117,20000000,tt13651794,en,May December,"Twenty years after their notorious tabloid romance gripped the nation, a married couple buckles under the pressure when an actress arrives to do research for a film about their past.",2.7315,Some roles are transformative.,Drama,"gloria sanchez productions, killer films, mountaina, taylor & dodge, project infinity",United States of America,English,"Julianne Moore, Charles Melton, Piper Curda, Fatou Jackson, Elizabeth Yu, Mikenzie Taylor, Kelvin Han Yee, Allie McCulloch, Hailey Wist, Andrea Frankle, Lawrence Arancio, D.W. Moffett, Jocelyn Shelfo, Chris Tenzis, Hope Regina McElveen, Derrick Butler, Rocky Davis, Evan Zhu, Cory Michael Smith, Zachary Branch, Christopher Nguyen, Drew Scheid, Hans Obma, Gabriel Chung, Adam Woods, Julie Ivey, Joan Reilly, Natalie Portman, Charles Green, Mike Lopez, James R Williams",Todd Haynes,Christopher Blauvelt,"Samy Burch, Alex Mechanik","Madeleine K. Rudin, Sophie Mas, Elizabeth Niles, Samy Burch, Grant S. Johnson, Natalie Portman, Alex Brown, Thorsten Schumacher, Will Ferrell, Jonathan Montepare, Christine Vachon, Lee Broda, Jessica Elbaum, Tyler W. Konney, Jeff Rice, Thomas K. Richards, Pamela Koffler, Claire Taylor",Marcelo Zarvos,6.7,71236,/zhV7B610l7hjlri4ywikJ18ONuq.jpg,11,2023,46,may december,the marvels,"cannes film festival (1), sydney film festival (1), new zealand international film festival (1), deauville american film festival (1), new york film festival (1), el gouna film festival (1), reykjavik international film festival (1), zurich film festival (1), bfi london film festival (1), hamptons international film festival (1), rio de janeiro international film festival (1), mill valley film festival (1), filmekimi (1), newport beach film festival (1), chicago international film festival (1), adelaide film festival (1), filmcolumbia film festival (1), montclair film festival (1), middleburg film festival (1), scad savannah film festival (1), leiden international film festival (1), indie memphis film festival (1), moma - the contenders (1), blank (29), limited (2), academia de cine (1), madrid (1), premiere (1), internet (9), capri hollywood film festival (1), tromsø international film festival (1), göteborg film festival (1), limited release (1), shanghai international film festival (1)",29,9,71,0.13,no,no
780609,Men,6.089,1238,Released,2022-05-20,11152071,100,6500000,tt13841850,en,Men,"In the aftermath of a personal tragedy, Harper retreats alone to the beautiful English countryside, hoping to find a place to heal. But someone ‚Äî or something ‚Äî from the surrounding woods appears to be stalking her, and what begins as simmering dread becomes a fully-formed nightmare, inhabited by her darkest memories and fears.",2.3319,What haunts you will find you.,"Horror, Thriller, Fantasy","a24, dna films","United Kingdom, United States of America",English,"Rory Kinnear, Zak Rothera-Oxley, Paapa Essiedu, Sonoya Mizuno, Jessie Buckley, Sarah Twomey, Gayle Rankin",Alex Garland,Rob Hardy,Alex Garland,"Allon Reich, Andrew Macdonald","Ben Salisbury, Geoff Barrow",6.0,76125,/jo1Kv3P3UgDVk7JnUFr2Cl8WWUM.jpg,5,2022,20,men,doctor strange in the multiverse of madness,"blank (34), cannes film festival (1), neuchâtel international fantastic film festival (1), blu-ray release (3), opening film (1), bucheon international fantastic film festival (1), dvd premiere (1), internet (2)",34,2,44,0.05,no,no
696506,Mickey 17,6.857,2816,Released,2025-02-28,131847147,137,118000000,tt12299608,en,Mickey 17,"Unlikely hero Mickey Barnes finds himself in the extraordinary circumstance of working for an employer who demands the ultimate commitment to the job‚Ä¶ to die, for a living.",16.0881,He's dying to save mankind.,"Science Fiction, Comedy, Adventure","warner bros. pictures, plan b entertainment, offscreen, kate street picture company, domain entertainment","United States of America, United Kingdom",English,"Bronwyn James, Theo Ogundipe, Daniel Henshall, Ian Hanmore, Edward Davis, Ellen Robertson, Sabet Choudhury, Jude Mack, Cameron Britton, Spike White, Afolabi Alli, Kayla Meikle, Haydn Gwynne, Sam Woodhams, Steve Park, Mark Ruffalo, Anamaria Vartolomei, Toni Collette, Robert Pattinson, Anna Mouglalis, Jamila Wingett, Patsy Ferran, Michael Monroe, Thomas Turgoose, Tom Cawte, Milo James, Naomi Ackie, Steven Yeun, Tim Key, Lloyd Hutchinson, Rose Shalloo, Adam Colborne, Christian Patterson, Holliday Grainger, Angus Imrie, Samuel Blenkin",Bong Joon Ho,Darius Khondji,"Edward Ashton, Bong Joon Ho","Peter Dodd, Brad Pitt, Anthony Tittanegro, Jesse Ehrman, Marianne Jenkins, Pete Chiappetta, Dede Gardner, Jeremy Kleiner, Dooho Choi, Andrew Lary, Bong Joon Ho",Jung Jae-il,6.7,209420,/edKpE9B5qN3e559OuMCLZdW1iBZ.jpg,2,2025,9,mickey 17,captain america: brave new world,"london (1), premiere (2), berlin international film festival (1), paris (1), blank (55), limited (1), internet (4), dolby cinema (1), imax (1), digital (1), dvd,4k uhd,blu-ray (1)",55,4,69,0.06,no,no
353081,Mission: Impossible - Fallout,7.4,8793,Released,2018-07-25,791658205,147,178000000,tt4912910,en,Mission: Impossible - Fallout,"When an IMF mission ends badly, the world is faced with dire consequences. As Ethan Hunt takes it upon himself to fulfill his original briefing, the CIA begin to question his loyalty and his motives. The IMF team find themselves in a race against time, hunted by assassins while trying to prevent a global catastrophe.",8.0772,Some missions are not a choice.,"Action, Adventure","paramount pictures, bad robot, skydance media, tc productions",United States of America,"English, Fran√ßais","Rebecca Ferguson, Jag Patel, Jean Baptiste Fillon, Guy Remy, Maximilian Geller, Christophe de Choisy, Andrew Cazanave Pin, Lady Conny Sharples, Alexandre Poole, Stuart Davidson, Dean Ashton, Alix B√©n√©zech, Grahame Fox, Simon Pegg, Charlie Archer, Robert Ryan, Michelle Monaghan, Alec Baldwin, Joey Ansah, Vanessa Kirby, Julianne Binard, Wes Bentley, Kristoffer Joner, Wolf Blitzer, Harvey Djent, David Mumeni, Thierry Picaut, Ffion Jolly, Ross O'Hennessy, Pamela Cook, Stephen Erhirhi, Vincent Latorre, Caspar Phillipson, Henry Cavill, Olivier Huband, Velibor Topic, Tracey Saunders, Lolly Adefope, Raphael Desprez, Hiten Patel, Christopher McQuarrie, Alicia Menc√≠a Casta√±o, Sean Harris, Ving Rhames, Nigel Allen, Liang Yang, Russ Bain, Jessie Vinning, Angela Bassett, Raphael Acloque, Tom Cruise, Godiva Marshall, Frederick Schmidt",Christopher McQuarrie,"Hugues Espinasse, Rob Hardy","Bruce Geller, Christopher McQuarrie","Matt Grimm, Jake Myers, J.J. Abrams, Dana Goldberg, Don Granger, Christopher McQuarrie, David Ellison, Tommy Harper, Rapha√´l Benoliel, Bryan Burk, Tom Cruise",Lorne Balfe,7.7,411800,/AkJQpZp9WoNdj7pLYSj1L0RcMMN.jpg,7,2018,30,mission: impossible - fallout,ant-man and the wasp,"paris (1), premiere (2), london (1), blank (64), special summer preview (1), preikestolen (1), digital (1), dvd,4k uhd,blu-ray (1), moma - the contenders (1), blu-ray release (1), internet (2)",64,2,76,0.03,no,no
177677,Mission: Impossible - Rogue Nation,7.2,9369,Released,2015-07-28,682716636,131,150000000,tt2381249,en,Mission: Impossible - Rogue Nation,"Ethan and team take on their most impossible mission yet‚Äîeradicating 'The Syndicate', an International and highly-skilled rogue organization committed to destroying the IMF.",6.2897,Desperate times. Desperate measures.,"Action, Adventure","paramount pictures, bad robot, odin, skydance media",United States of America,"Deutsch, English, svenska","James Cleverton, Fernando Abadie, Robert Maaser, Rachel Handshaw, William Roberts, Tim Breyvogel, Laurence Rupp, Alana Maria, Sean Harris, Eva-Marie Becker, Martin Cochrane, Amra Mallassi, Jens Hult√©n, Romeo Visca, Ash Merat, Nicholas Sharratt, Martin Bermoser, Adam Ganne, Tom Coulston, Zhang Jingchu, Wolfgang Stegemann, Tyler Fayose, Teddy Newton, Martin Nelson, Jeremy Renner, Ving Rhames, America Olivo, Patrick Poletti, Simon Pegg, Rupert Wickham, Peter Stark, David Peart, Georgina Redhead, Shamir Dawood, Jorge Leon, Nina Hartmann, Noor Dillan-Night, Hermione Corfield, Wolfgang Cerny, Walles Hamonde, Stella Stocker, Tom Hollander, James McOran Campbell, James Weber Brown, Mateo Rufino, Jesus Alvarez, Julian Moore-Cook, Mingus Johnston, Simon McBurney, Tom Cruise, Barnab√°s R√©ti, Tom Lowe, Volkan Ay, Emilio Aniba, Steven G√§tjen, Alec Baldwin, Benjamin Plautz, Hadrian Howard, Jessica Allain, Ulli Ackermann, Carola Niederhuber, Nigel Allen, Anna-Marie Sullivan, Judith Bogner, Nigel Barber, Bruce Lawrence, Rebecca Ferguson, Yasen Atour, Nicholas Lupu, Femi Ogunbanjo, Saif Al-Warith, Katie Pattinson, Daniela Nitsch, Sagar Radia, Osy Ikhile, Robert Luckay, Tarrick Benham, Sean Cronin, Alec Utgoff",Christopher McQuarrie,Robert Elswit,"Christopher McQuarrie, Bruce Geller, Drew Pearce","Tom Cruise, Bryan Burk, Jake Myers, J.J. Abrams, David Ellison, Dana Goldberg, Don Granger",Joe Kraemer,7.4,439503,/fRJLXQBHK2wyznK5yZbO7vmsuVK.jpg,7,2015,31,mission: impossible - rogue nation,ant-man,"vienna (1), premiere (4), london (1), new york city, new york (1), blank (74), jakarta (1), limited (1), vod (1), blu-ray and dvd (1), 4k uhd (1), dvd premiere (1), internet (2)",74,2,89,0.02,no,no
277834,Moana,7.6,13365,Released,2016-10-13,690860472,107,150000000,tt3521164,en,Moana,"In Ancient Polynesia, when a terrible curse incurred by Maui reaches an impetuous Chieftain's daughter's island, she answers the Ocean's call to seek out the demigod to set things right.",2.5439,The ocean is calling.,"Adventure, Comedy, Family, Animation",walt disney animation studios,United States of America,English,"Puanani Cravalho, Dwayne Johnson, Rachel House, Louise Bush, Jemaine Clement, Auli ªi Cravalho, Nicole Scherzinger, Lin-Manuel Miranda, Troy Polamalu, Oscar Kightley, Temuera Morrison, Christopher Jackson, Alan Tudyk","Ron Clements, John Musker",,"Aaron Kandell, David G. Derrick Jr., Don Hall, Jared Bush, Ron Clements, Chris Williams, Pamela Ribon, Jordan Kandell, John Musker","Osnat Shurer, John Lasseter",Mark Mancina,7.6,428786,/9tzN8sPbyod2dsa0lwuvrwBDWra.jpg,10,2016,41,moana,doctor strange,"afi fest (1), paris (1), limited (1), blank (73), mar del plata film festival (1), comic con experience (1), dvd premiere (2), re-release (6), tv premiere (1), disney 100th anniversary (1)",73,0,88,0.0,no,no
376867,Moonlight,7.366,7311,Released,2016-10-21,65046687,111,4000000,tt4975722,en,Moonlight,"The tender, heartbreaking story of a young man‚Äôs struggle to find himself, told across three defining chapters in his life as he experiences the ecstasy, pain, and beauty of falling in love, while grappling with his own sexuality.",3.4424,This is the story of a lifetime,Drama,"a24, plan b entertainment, pastel",United States of America,English,"Herveline Moncion, Rudi Goblen, Jaden Piner, Stephon Bron, Fransley Hyppolite, Andr√© Holland, Alex R. Hibbert, Shariff Earp, Larry Anderson, Edson Jean, Justin Ebenhack, Jharrel Jerome, Kamal Ani-Bellow, Don Seward, Trevante Rhodes, Herman 'Caheei McGloun, Mahershala Ali, Duan Sanderson, Patrick Decile, Ashton Sanders, Naomie Harris, Eddie Blanchard, Keomi Givens, Jesus Mitchell, Tanisha Cidel, Janelle Mon√°e",Barry Jenkins,James Laxton,"Tarell Alvin McCraney, Barry Jenkins","Jeremy Kleiner, Tarell Alvin McCraney, Dede Gardner, Sarah Esberg, Brad Pitt, Adele Romanski",Nicholas Britell,7.4,346830,/qLnfEmPrDjJfPyyddLJPkXmshkp.jpg,10,2016,42,moonlight,doctor strange,"internet (2), telluride film festival (1), toronto international film festival (1), edmonton international film festival (1), new york film festival (1), bfi london film festival (1), vancouver international film festival (1), hamptons international film festival (1), mill valley film festival (1), rome film festival (1), middleburg film festival (1), limited (2), philadelphia international film festival (1), chicago international film festival (1), american film festival (1), hawaii film festival (1), camerimage film festival (1), blank (48), mar del plata film festival (1), berlin (1), premiere (1), international film festival rotterdam (1), mexico city (1), iffr in groningen (1), göteborg film festival (1), belgrade film festival (1), american independence film festival (1), french speaking region (1), sofia film festival (1), kino pavasaris - vilnius film festival (1), biografilm festival (1), shanghai international film festival (1), blu ray premiere (1), bali international film festival (1), tv release (1), dvd premiere (1), blu-ray release (1)",48,2,86,0.02,no,no
103731,Mud,7.1,2947,Released,2013-04-26,32613173,130,10000000,tt1935179,en,Mud,Two teenage boys find a fugitive hiding out on an island in the Mississippi River and help him reunite with his lover and escape an avenging family and their armed posse.,5.2759,Running from his past. Hiding from the law. Only one way out.,Drama,"everest entertainment, filmnation entertainment, brace cove productions",United States of America,English,"Ryan Jacks, Michael Shannon, Matt Newcomb, Sam Shepard, Stuart Greer, Mary Alice Jones, Johnny Cheek, Joe Don Baker, Michael Abbott Jr., Allie Wade, Bonnie Sturdivant, John Ward Jr., Richard Ledbetter, Earnest McCoy, Matthew McConaughey, Tate Smalley, Kenneth Hill, Ray McKinnon, Douglas Ligon, Tye Sheridan, Paul Sparks, Kristy Barrington, Sarah Paulson, Reese Witherspoon, Jimmy Dinwiddie, Jacob Lofland",Jeff Nichols,Adam Stone,Jeff Nichols,"Sarah Green, Gareth Smith, Tom Heller, Michael Flynn, Aaron Ryder, Lisa Maria Falcone, Glen Basner",David Wingo,7.4,197243,/o2jT5jQdKh1HAF0fMKuGwBOwOYB.jpg,4,2013,17,mud,iron man 3,"cannes film festival (1), arras film festival (1), sundance film festival (1), south by southwest film festival (1), atlanta film and video festival (1), alès film festival (1), dallas international film festival (1), riverrun international film festival (1), new york city, new york (1), premiere (1), limited (4), blank (22), dvd premiere (1), beirut international film festival (1), stockholm international film festival (1), dvd and blu-ray premiere (1)",22,0,40,0.0,no,no
136797,Need for Speed,6.4,4537,Released,2014-03-12,203277636,131,66000000,tt2369135,en,Need for Speed,"The film revolves around a local street-racer who partners with a rich and arrogant business associate, only to find himself framed by his colleague and sent to prison. After he gets out, he joins a New York-to-Los Angeles race to get revenge. But when the ex-partner learns of the scheme, he puts a massive bounty on the racer's head, forcing him to run a cross-country gauntlet of illegal racers in all manner of supercharged vehicles.",5.5325,For honor. For love. For redemption.,"Action, Crime, Drama, Thriller","dreamworks pictures, reliance entertainment, bandito brothers, mark sourian productions, john gatins productions, touchstone pictures, electronic arts","India, United States of America",English,"Libby Blake, Sir Maejor, Harrison Gilbertson, Kerry Gatins, Michael Keaton, Logan Holladay, Rick Shuster, Frank Brennan, Nick Chinlund, Charles Black, Mike Massa, Adora Dei, Alan Pflueger, Michael C. Smith, Dakota Johnson, Jill Jane Clements, Paul Dallenbach, Tony Brakohiapa, Carmela Zumbado, Rich Rutherford, Chad Randall, Kanin Howell, Tim Gilbert, John C. Meier, AnnaCorey, Jalil Jay Lynch, Thomas Rosales Jr., Chelsea Small, Tara Jones, Han Soto, Beth Waugh, Buddy Joe Hooker, Imogen Poots, Aaron Paul, Jacki Hill, Tierre Turner, Stevie Ray Dallimore, Michael Rose, E. Roger Mitchell, Chloe Warren, Antoni Corone, Lil Cory, Rami Malek, Dominic Cooper, Brian Keaulana, John Gatins, Brent Fletcher, Ram√≥n Rodr√≠guez, Kid Cudi",Scott Waugh,Shane Hurlbut,"John Gatins, George Gatins","Mark Sourian, Patrick Soderlund, Max Leitman, Tim Moore, Scott Waugh, John Gatins, Patrick O‚ÄôBrien, Frank Gibeau, Stuart M. Besser",Nathan Furst,6.4,185014,/z42kyMizgDKetejusZgucSQsQ4l.jpg,3,2014,11,need for speed,captain america: the winter soldier,"hollywood, california (1), premiere (1), blank (57), tv premiere (1), dvd premiere (1)",57,0,61,0.0,no,no
621587,Next Goal Wins,6.4,534,Released,2023-11-16,18062279,104,14000000,tt10767052,en,Next Goal Wins,Dutch coach Thomas Rongen attempts the nearly impossible task of turning the American Samoa soccer team from perennial losers into winners.,1.7164,Be happy.,"Comedy, Drama","the imaginarium, searchlight pictures, tsg entertainment, garrett basch productions, defender films, archer's mark","New Zealand, United Kingdom, United States of America",English,"Armani Makaiwa, Semu Filipo, Taika Waititi, David Tu'itupou, William Chun, Arlo Sarinas, Rachel House, Loretta Ables Sayre, Rhys Darby, Sisa Grey, Uli Latukefu, Levy Tuiala, Kaitlyn Dever, Jonathan J.I. Knox, Wil Kahele, David Fane, Elisabeth Moss, Ioane Goodhue, Chris Alosio, Roland Tupola, Oscar Kightley, Kaimana, Hio Pelesasa, Luke Hemsworth, Michael Fassbender, Angus Sampson, James Burghardt, Beulah Koale, Don Nahaku, Lori Pelenise Tuisano, Martin Tyler, Will Arnett, Tulalagalaga Tatalo Wily, Lehi Makisi Falepapalangi, Russell Satele, Patrick Mullen",Taika Waititi,Lachlan Milne,"Taika Waititi, Iain Morris","Kathryn Dean, Mike Brett, Taika Waititi, Will Tennant, Steve Jamison, Andy Serkis, Garrett Basch, Jonathan Cavendish",Michael Giacchino,6.5,30327,/xTQCL1zGugIck8MgvJ2lXSrxENR.jpg,11,2023,46,next goal wins,the marvels,"toronto international film festival (1), leiden international film festival (1), mar del plata film festival (1), american film festival (1), blank (38), limited (1), internet (1)",38,1,44,0.02,no,no
597208,Nightmare Alley,6.964,3172,Released,2021-12-02,39629195,151,60000000,tt7740496,en,Nightmare Alley,An ambitious carnival man with a talent for manipulating people with a few well-chosen words hooks up with a female psychologist who is even more dangerous than he is.,5.6655,Man or beast.,"Crime, Drama, Thriller","searchlight pictures, double dare you",United States of America,English,"Willem Dafoe, James Collins, Clyde Whitham, Martin Julien, Dani Klupsch, Vikki Ring, Mary Steenburgen, Vanessa Botbyl, Romina Power, Keith Lukowski, Will Conlon, Troy James, Cate Blanchett, David Strathairn, Lara Jean Chorostecki, Samantha Rodes, Catherine McGregor, Calvin Desautels, David Hewlett, Dian Bachar, Richard Jenkins, Mike Hill, Paul Anderson, Toni Collette, Stephen McHattie, Grant Bradley, Charles Langille, Tim Post, Tim Blake Nelson, Andrew Locke, Linden Porco, Mark Povinelli, Holt McCallany, Walter Rinaldi, Caleb Ellsworth-Clark, Matthew MacCallum, Dan Lett, Rooney Mara, Derrick Moore, Paul Taylor, Danny Waugh, Natalie Brown, Bradley Cooper, Lili Connor, Bill MacDonald, Jesse Buck, Peter MacNeill, Daniel Falk, Ron Perlman, Perry Mucci, Sarah Mennell, Jim Beaver, Michael Bridgeman, Clifton Collins Jr.",Guillermo del Toro,Dan Laustsen,"Kim Morgan, Guillermo del Toro, William Lindsay Gresham","Guillermo del Toro, Bradley Cooper, J. Miles Dale",Nathan Johnson,7.0,178809,/vfn1feL0V9HNSXuLLpaxAW8O6LO.jpg,12,2021,48,nightmare alley,spider-man: no way home,"new york city, new york (1), premiere (1), blank (49), los angeles (1), limited (3), black and white version (1), moma - the contenders (1), internet (2), tv premiere (1), beyond fest (1)",49,2,61,0.03,no,no
370172,No Time to Die,7.353,6746,Released,2021-09-29,774153024,163,250000000,tt2382320,en,No Time to Die,"Bond has left active service and is enjoying a tranquil life in Jamaica. His peace is short-lived when his old friend Felix Leiter from the CIA turns up asking for help. The mission to rescue a kidnapped scientist turns out to be far more treacherous than expected, leading Bond onto the trail of a mysterious villain armed with dangerous new technology.",8.5167,The mission that changes everything begins‚Ä¶,"Action, Thriller, Adventure","eon productions, metro-goldwyn-mayer","United Kingdom, United States of America","Espa√±ol, Fran√ßais, P—É—Å—Å–∫–∏–π, English, Italiano","Eliot Sumner, Andrei Nova, Ross Donnelly, Christoph Waltz, Ralph Fiennes, Lisa-Dorah Sonnet, Chi Chan, Toby Sauerback, David Dencik, Svitlana Karabut, Daniel Craig, Gemmar Mcfarlane, Adnan Rashed, Rami Malek, Amy Morgan, Lizzie Winkler, Mathilde Bourbin, Michael Mercer, Gediminas Adomaitis, Giansalvatore Duca, Rod Hunt, Davina Moon, Pio Amato, Mattia Lacovone, Ernest Gromov, Rory Kinnear, Dali Benssalah, Priyanga Burford, Leighton Laing, L√©a Seydoux, Naomie Harris, Jeffrey Wright, Nicola Olivieri, Joe Grossi, Brigitte Millar, Philip Philmar, Steve Barnett, Michael G. Wilson, Mark Addison, Lashana Lynch, Rae Lim, John Farrer, Winston Ellis, Dennis Good, Kimo Armstrong, Hugh Dennis, Tuncay Gunes, Douglas Bunn, Andy Cheung, Coline Defaud, Michael Herne, Raymond Waring, Clem So, Julian Ferro, Ana de Armas, Gordon Alexander, Billy Magnussen, Javone Prince, Lourdes Faberes, Paul O'Kelly, Hayden Phillips, David Olawale Ayinde, Ben Whishaw",Cary Joji Fukunaga,Linus Sandgren,"Robert Wade, Phoebe Waller-Bridge, Cary Joji Fukunaga, Ian Fleming, Neal Purvis","Barbara Broccoli, Chris Brigham, Michael G. Wilson",Hans Zimmer,7.3,475300,/iUgygt3fscRoKWCV1d0C7FbM9TP.jpg,9,2021,39,no time to die,shang-chi and the legend of the ten rings,"zurich film festival (1), premiere (3), london (1), blank (65), french speaking region (1), monte carlo (1), limited (1), stockholm international film festival (1), closing night film (1), energacamerimage international film festival (1), re-release (1), imax (1), internet (1)",65,1,79,0.01,no,no
86834,Noah,5.7,6412,Released,2014-03-07,362600000,138,125000000,tt1959490,en,Noah,A man who suffers visions of an apocalyptic deluge takes measures to protect his family from the coming flood.,5.7284,The end of the world‚Ä¶ is just the beginning.,"Drama, Adventure","paramount pictures, regency enterprises, protozoa pictures",United States of America,English,"Emma Watson, Julian Murdoch, Danielle Kay, Ludovic Coutaud, Nurit Monacelli, Marek Radin, Eythor Atli Hilmarsson, Jonathan Haltiwanger, R√≥is√≠n Monaghan, Ray Zupp, Greg Sammis, Davy J. Marr, Joseph Piazza, Ezra Barnes, Adam M. Griffith, Stephen Stanton, Chris Kapcia, Maria Shamkalian, Rick Bolander, David Madison, Arnar Dan, David Shannon, Finn Wittrock, Bradley Growden, Leo McHugh Carroll, Sophie Nyweide, Don Harvey, Vera Fried, Joe Fionda, Max Abe Plush, Dakota Goyo, Paul Nandzik, Jeff El Eini, Hayden Oliver, Douglas Booth, Logan Lerman, Branden Marlowe, Jerry Lobrow, Nick Nolte, Jon Michael, Bjarni Kristj√°nsson, Austin Kennedy, Andres Bjornsson, Anthony Hopkins, Arna Magnea Danks, Joe Barlam, Sami Gayle, Thor Kjartansson, Anna Kuchma, Ariane Rinehart, Frank Langella, Simon Pearl, Kevin Medina, Chris Kepford, Marton Csokas, Boriana Williams, Jim Ford, Tommi Thor Gudmundsson, Jennifer Connelly, Adam Celentano, Max Kolby, Shana Kaplan, Raymond Mamrak, Gavin Casalegno, Kirk Larsen, Gregg Bello, Ray Winstone, Lawrence Smith, Mellie Maissa Rei Campos, Gabriel F. Bellotti, Brian Matthews, Lucas McHugh Carroll, Rob Scebelo, Skylar Burke, Barry Sloane, Kevin Durand, Jean Burns, Lauren Meley, George Schroeder, Oliver Lee Saunders, Sarah Schoofs, Nolan Gross, David Itchkawitz, J√≥hannes Haukur J√≥hannesson, Madison Davenport, Thomas W. Stewart, Angela Dee, Mark Margolis, Christian Paul Sherwood, Anne Bergstedt Jordanova, Joseph Basile, Giovanni Sanseviero, Russell Crowe, Mara McCann, McKenzie Shea",Darren Aronofsky,Matthew Libatique,"Darren Aronofsky, Ari Handel","Ari Handel, Scott Franklin, Mary Parent, Arnon Milchan, Chris Brigham, Darren Aronofsky",Clint Mansell,5.8,273939,/9ftKmR9dXmI4aSJJikXNWHNSDq3.jpg,3,2014,10,noah,captain america: the winter soldier,"mexico city (1), premiere (9), berlin (1), madrid (1), blank (65), new york city, new york (1), cardiff (1), edinburgh (1), dublin (1), london (1), paris (1), german speaking region (1), french speaking region (1), italian speaking region (1), dvd premiere (2), internet (2), deauville film festival (1)",65,2,91,0.02,no,no
762504,Nope,6.8,4589,Released,2022-07-20,170823080,130,68000000,tt10954984,en,Nope,"Residents in a lonely gulch of inland California bear witness to an uncanny, chilling discovery.",7.153,What‚Äôs a bad miracle?,"Horror, Science Fiction","universal pictures, monkeypaw productions",United States of America,"English, Portugu√™s, Espa√±ol","Steven Yeun, Keke Palmer, Liza Treyger, Malcolm Jae O'Shea, Jennifer Lafleur, Donna Mills, Courtney Elizabeth, Roman Gross, Barbie Ferreira, Jacob Kim, Ryan W. Garcia, Sophia Coto, Wrenn Schmidt, Brandon Perea, Devon Graye, Andrew Patrick Ralston, Michael Wincott, Daniel Kaluuya, Lincoln Lambert, Caden J. Lovgren, Haley Babula, Evan Shafran, Keith David, Alex Hyde-White, Mark Casimir Dyniewicz Jr., Pierce Kang, Terry Notary, Eddie Jemison, Hetty Chang, Osgood Perkins",Jordan Peele,Hoyte van Hoytema,Jordan Peele,"Jordan Peele, Robert Graf, Ian Cooper, Win Rosenfeld",Michael Abels,6.8,308647,/AcKVlWaNVVVFQwro3nLXqPljcYA.jpg,7,2022,29,nope,thor: love and thunder,"hollywood, california (1), premiere (2), blank (59), london (1), spain (1), technical premiere (1), internet (2), imax (1), toronto international film festival (1), moma - the contenders (1), 4k version (1), dolby cinema (1), beijing international film festival (1), imax version (1), shanghai international film festival (1), tv release (1)",59,2,76,0.03,no,no
75612,Oblivion,6.662,11128,Released,2013-04-10,286168572,124,120000000,tt1483013,en,Oblivion,"Jack Harper is one of the last few drone repairmen stationed on Earth. Part of a massive operation to extract vital resources after decades of war with a terrifying threat known as the Scavs, Jack‚Äôs mission is nearly complete. His existence is brought crashing down when he rescues a beautiful  stranger from a downed spacecraft. Her arrival triggers a chain of events that  forces him to question everything he knows and puts the fate of humanity in his hands.",8.5308,Earth is a memory worth fighting for.,"Action, Science Fiction, Adventure, Mystery","universal pictures, relativity media, monolith pictures, chernin entertainment, radical studios, anonymous content",United States of America,English,"Tom Cruise, Andrea Riseborough, Booch O'Connell, Olga Kurylenko, Morgan Freeman, Zo√´ Bell, Nikolaj Coster-Waldau, Melissa Leo, Abigail Lowe, Isabelle Lowe",Joseph Kosinski,Claudio Miranda,"Joseph Kosinski, Karl Gajdusek, Michael Arndt","Jesse Berger, Justin Springer, Peter Chernin, Dylan Clark, Duncan Henderson, Joseph Kosinski, Barry Levine, Dave Morrison","Joseph Trapanese, Anthony Gonzalez",7.0,578879,/eO3r38fwnhb58M1YgcjQBd3VNcp.jpg,4,2013,15,oblivion,iron man 3,"buenos aires (1), premiere (7), dublin (1), london (1), taipei (1), brussels international fantastic film festival (1), internet (1), blank (65), los angeles, california (1), tokyo (1), beijing (1), blu-ray and dvd (1), 4k uhd (1), tokyo international film festival (1)",65,1,84,0.01,no,no
631843,Old,6.3,4701,Released,2021-07-21,90146510,108,18000000,tt10954652,en,Old,A group of families on a tropical holiday discover that the secluded beach where they are staying is somehow causing them to age rapidly ‚Äì reducing their entire lives into a single day.,8.5071,It's only a matter of time.,"Thriller, Mystery, Horror","universal pictures, perfect world pictures, blinding edge pictures","China, United States of America",English,"Jeffrey Holsman, Margaux Da Silva, Louise Walter, Embeth Davidtz, Daniel Ison, Abbey Lee, Luca Faustino Rodriguez, Aaron Pierre, Gustaf Hammarsten, Eliza Scanlen, Kathleen Chalfant, Deidra Ciolko, Julietta Rodr√≠guez, Matthew Shear, Nikki Amuka-Bird, Emun Elliott, Rufus Sewell, Nolan River, Vicky Krieps, Alejandra Useche, Mikaya Fisher, Arturo A. Baez, Kailen Jude, Francesca Eastwood, Alexa Swinton, Kylie Begley, Ken Leung, John Twohy, Gael Garc√≠a Bernal, Thomasin McKenzie, Alex Wolff, M. Night Shyamalan",M. Night Shyamalan,Mike Gioulakis,"Pierre Oscar L√©vy, Fr√©d√©rik Peeters, M. Night Shyamalan","Steven Schneider, Ashwin Rajan, Marc Bienstock, M. Night Shyamalan",Trevor Gureckis,5.8,180386,/vclShucpUmPhdAOmKgf3B3Z4POD.jpg,7,2021,29,old,black widow,"new york city, new york (1), premiere (2), blank (80), madrid (1), blu-ray release (1), dvd premiere (1)",80,0,86,0.0,no,no
760161,Orphan: First Kill,6.6,2232,Released,2022-07-27,9572765,99,10000000,tt11851548,en,Orphan: First Kill,"After escaping from an Estonian psychiatric facility, Leena Klammer travels to America by impersonating Esther, the missing daughter of a wealthy family. But when her mask starts to slip, she is put against a mother who will protect her family from the murderous ‚Äúchild‚Äù at any cost.",4.2582,There's always been something wrong with Esther.,"Horror, Thriller","dark castle entertainment, entertainment one, eagle vision","Canada, United States of America","English, Eesti","Maxine Sanders, Stephanie Sy, Kristen Sawatzky, Lauren Cochrane, Samantha Walkes, Marina Stephenson Kerr, Alec Carlos, Jade Michael, Bradley Sawatzky, Matthew Finlan, Maxwell Nelson, Erik Athavale, Andrea del Campo, Sharon Bajer, Adam Hurtig, Hiro Kanagawa, Alicia Johnston, Sarah Luby, Sadie Lee, Isabelle Fuhrman, Kennedy Irwin, Parker Bohotchuk, Julia Stiles, Liam Stewart-Kanigan, Morgan Easton-Fitzgerald, Jeff Strome, Rossif Sutherland, David Lawrence Brown, Gwendolyn Collins",William Brent Bell,Karim Hussain,"Alex Mace, David Coggeshall, David Leslie Johnson-McGoldrick","James Tomlinson, Paul Marcaccio, Josie Liang, Kyle Irving, Daryl Katz, Alex Mace, Hal Sadoff, Chloe Katz, Ethan Erwin, David Leslie Johnson-McGoldrick, Jen Gorton, Victor Moyers",Brett Detar,5.9,52682,/pHkKbIRoCe7zIFvqan9LFSaQAde.jpg,7,2022,30,orphan: first kill,thor: love and thunder,"blank (34), limited (13), internet (2), digital (1), unknown (1), blu-ray and dvd (1), night visions international film festival (1), dvd premiere (1)",34,2,54,0.04,no,no
134374,Pain & Gain,6.3,4647,Released,2013-04-18,87305549,130,25000000,tt1980209,en,Pain & Gain,"Daniel Lugo, manager of the Sun Gym in 1990s Miami, decides that there is only one way to achieve his version of the American dream: extortion. To achieve his goal, he recruits musclemen Paul and Adrian as accomplices. After several failed attempts, they abduct rich businessman Victor Kershaw and convince him to sign over all his assets to them. But when Kershaw makes it out alive, authorities are reluctant to believe his story.",5.4999,Their American dream is bigger than yours.,"Comedy, Crime, Action","paramount pictures, de line pictures, bay films",United States of America,English,"Andrea Bennetti, Mark Wahlberg, Yolanthe Cabau, Keili Lefkovitz, Bar Paly, Brian Stepanek, Zack Moore, Rebel Wilson, Jennifer Nicole Lee, Dwayne Johnson, Bill Kelly, Persei Caputo, Kurt Angle, Jessica Dykstra, Nikki Benz, Patrick Bristow, Gwendalyn Barker, Kory Getman, Rob Corddry, Vivi Pineda, Emily Rutherfurd, Larry Hankin, Michael Rispoli, Amanda Cerny, Tony Plana, Wladimir Klitschko, Corinne Ferrer, Tony Shalhoub, Ed Harris, Christopher Jestin Langstaff, Anthony Mackie, Ken Jeong, Vannessa Nevader, Gustavo Escobar, Peter Stormare, Anthony ""Ace"" Thomas",Michael Bay,Ben Seresin,"Christopher Markus, Stephen McFeely","Scott Gardenhour, Wendy Japhet, Ian Bryce, Donald De Line, Michael Bay, Matthew Cohan",Steve Jablonsky,6.4,238773,/9WqA0Ry9wmTzFvom8mNbcyKZQgP.jpg,4,2013,16,pain & gain,iron man 3,"miami, florida (1), premiere (1), blank (70), internet (3), german speaking region (1), french speaking region (1), deauville american film festival (1), italian speaking region (1), dvd premiere (2)",70,3,81,0.04,no,no
205220,Philomena,7.4,1655,Released,2013-11-01,100100000,98,12000000,tt2431286,en,Philomena,"A woman searches for her adult son, who was taken away from her decades ago when she was forced to live in a convent.",2.9312,These two unlikely companions are on a journey to find her long lost son.,Drama,"baby cow productions, bbc film, magnolia mae films, bfi, pathe",United Kingdom,English,"Jon Wennington, Charles Edwards, Steve Coogan, Wunmi Mosaku, Marie Jones, Tadhg Bowen, Peter Hermann, Gary Lilburn, Nika McGuigan, Michelle Fairley, Charlie Murphy, Cathy Belton, Charissa Shearer, Amy McAllister, Rachel Wilcock, Jordan King, Kate Fleetwood, Sophie Kennedy Clark, Timothy Paul Jobe, Harrison D'Ampney, George Michael Rados, Florence Keith-Roach, Roxanne Gregory, Nicholas Jones, Judi Dench, Simone Lahbib, Saoirse Bowen, Sean Mahon, Vaughn Johseph, Rita Hamill, George Fisher, Frankie McCafferty, Barbara Jefford, Paris Arrowsmith, Mare Winningham, Amber Batty, Elliot Levey, Anna Maxwell Martin, Martin Glyn Murray, Sara Stewart, Ruth McCabe, D.J. McGrath",Stephen Frears,Robbie Ryan,"Jeff Pope, Steve Coogan, Martin Sixsmith","Henry Normal, Steve Coogan, Christine Langan, Tracey Seaward, Gabrielle Tana, Cameron McCracken, Carolyn Marks Blackwood, Fran√ßois Ivernel",Alexandre Desplat,7.6,106545,/eBUv2GmGdXmCk1AaSOmyiu70hN8.jpg,11,2013,44,philomena,thor: the dark world,"venice film festival (1), toronto international film festival (1), mill valley film festival (1), hamptons international film festival (1), hawaii film festival (1), bfi london film festival (1), chicago international film festival (1), philadelphia international film festival (1), austin film festival (1), blank (44), ljubljana international film festival (1), afi fest (1), napa valley film festival (1), stockholm international film festival (1), st. louis international film festival (1), panorama of european cinema (1), limited (1), kinomania (1), les arcs international film festival (1), belgrade film festival (1), shanghai international film festival (1), blu-ray release (1), film by the sea film festival (1), arras film festival (1), hanoi international film festival (1), internet (1)",44,1,69,0.01,no,no
635731,Pig,6.7,1598,Released,2021-07-16,4638959,92,3000000,tt11003218,en,Pig,A truffle hunter who lives alone in the Oregon wilderness must visit Portland to find the mysterious person who stole his beloved foraging pig.,3.6112,We don‚Äôt get a lot of things to really care about.,"Drama, Mystery, Thriller","ai film, pulse films, saturn films, valparaiso pictures, blockbox entertainment, endeavor content","United Kingdom, United States of America",English,"Jamie Martin Stewart, Gretchen Corbett, Parker Green, Alex Wolff, Elijah Ungvary, Troy Oelke, Sean Tarjyoto, Christian Wilson, Nicolas Cage, Cody Burns, Nina Belforte, Brian Sutherland, Dalene Young, Darius Pierce, Davis King, October Moore, Bill Salfelder, Dana Millican, Tom Walton, Julia Bray, Daniel Vasic, Kent W. Luttrell, David Knell, Kevin-Michael Moore, Adam Arkin, Jovani Ridler, Beth Harper, Cassandra Violet, David Shaughnessy, Kieran Thomas",Michael Sarnoski,Pat Scola,"Vanessa Block, Michael Sarnoski","Aviv Giladi, Dimitra Tsingou, Thomas Benski, Robert Bartner, Yara Shoemaker, Nicolas Cage, Marisa Clifford, Tim O'Shea, Adam Paulsen, Dori A. Rath, Michael Sarnoski, Len Blavatnik, Bobby Hoppey, Ben Giladi, Vanessa Block, David Carrico, Danny Cohen, Steve Tisch, Vince Holden, Joseph Restaino, Michael Diamond","Philip Klein, Alexis Grapsas",6.9,102292,/1InMm4Mbjx8wCKvIy5gglo5i3HN.jpg,7,2021,28,pig,black widow,"blank (23), melbourne international film festival (1), edinburgh international film festival (1), internet (6), deauville american film festival (1), film by the sea film festival (1), helsinki international film festival (1), oldenburg international film festival (1), dvd premiere (1), haifa film festival (1), film fest gent (1), la roche-sur-yon international film festival (1), fantasy filmfest (1), leiden international film festival (1), american film festival (1), limited (2), coronado island film festival (1), dvd and blu-ray premiere (1), tv premiere (1), barcelona - bcn film fest (1), madrid - academia de cine (1), subtitled version (2), technical premiere (1), madrid (1), barcelona (1), premiere (1), beijing international film festival (1)",23,6,56,0.11,no,no
257344,Pixels,5.8,7809,Released,2015-07-16,244900000,106,88000000,tt2120120,en,Pixels,Video game experts are recruited by the military to fight 1980s-era video game characters who've attacked New York.,8.1168,Play for the planet.,"Action, Comedy, Science Fiction, Fantasy","columbia pictures, happy madison productions, 1492 pictures, lstar capital, china film group corporation, film croppers entertainment, prime focus","China, France, India, United States of America, Canada",English,"Serena Williams, Dan Patrick, Anthony Ippolito, Sara Haines, Bill Lake, Jane Krakowski, Jack Fulton, Kevin Grady, Dave Reachill, Jacob Shinder, Abigail Covert, Josh Gad, Adam Sandler, Michelle Monaghan, Rob Archer, Holly Beavon, Mark Whelan, Dan Aykroyd, Brian Cox, Derwin Philips, Annika Pergament, Andrew Bambridge, Tim Herlihy, Allen Covert, Sadie Sandler, Andrew McMichael, Peter Dinklage, Susie McLean, Jackie Sandler, Joshua Holmes, Steve Koren, Tucker Smallwood, Lainie Kazan, Steve Wiebe, Michael Boisvert, Bridget Graham, Colleen Reynolds, Tom McCarthy, Jared Sandler, Sunny Sandler, Emily Jenkins, Jonathan Loughran, Sistah Lois, Denis Akiyama, Daryl Hall, Bola Olubowale, Meher Pavri, Carlos Alazraqui, James Preston Rogers, Billy West, Hannah Covert, Toru Iwatani, Ron Mustafaa, Matt Lintz, Jocelyn Hudon, Shea James, Sienna James, John Oates, Kevin James, Jimi Shlag, Rose Rollins, Robert Smigel, Mark Sparks, Fiona Shaw, Jean Christophe Loustau, Nick Swardson, William S. Taylor, Eric Trask, Martha Stewart, Lamont James, Ashley Benson, Tyler Malazo, Chris Titone, Matt Frewer, Affion Crockett, Margaret Killingbeck, Jared Riley, Gary Douglas, Sean Bean",Chris Columbus,Amir Mokri,"Tim Herlihy, Patrick Jean, Timothy Dowling","Seth Gordon, La Peikang, Heather Parry, Ben Waisbren, Steve Koren, Chris Columbus, Jack Giarraputo, Johnny Alves, Allen Covert, Benjamin Darras, Barry Bernardi, Michael Barnathan, Adam Sandler, Mark Radcliffe, Patrick Jean, Matias Boucard",Henry Jackman,5.6,174796,/d26S5EfVXLNxRXqyFy1yyl3qRq3.jpg,7,2015,29,pixels,ant-man,"blank (80), internet (1)",80,1,81,0.01,no,no
427641,Rampage,6.456,7305,Released,2018-04-11,428028233,107,120000000,tt2231461,en,Rampage,"Primatologist Davis Okoye shares an unshakable bond with George, the extraordinarily intelligent, silverback gorilla who has been in his care since birth.  But a rogue genetic experiment gone awry mutates this gentle ape into a raging creature of enormous size.  To make matters worse, it‚Äôs soon discovered there are other similarly altered animals.  As these newly created alpha predators tear across North America, destroying everything in their path, Okoye teams with a discredited genetic engineer to secure an antidote, fighting his way through an ever-changing battlefield, not only to halt a global catastrophe but to save the fearsome creature that was once his friend.",5.3335,Big meets bigger.,"Action, Adventure, Science Fiction","wrigley pictures, new line cinema, asap entertainment, flynn picture company, twisted media, seven bucks productions, access entertainment, warner bros. pictures",United States of America,"English, Espa√±ol","Brandon Bowens, John Crow, Michael David Yuhl, Dwayne Johnson, Gary Weeks, Valentina Latyna Plascencia, Will Yun Lee, Lauren Michele, Jamin Thompson, Naomie Harris, Andrew Morgado, Joey Thurmond, Camden Haydon, Willow Notary, Malin √Ökerman, Lex Elle, Andrea Antonio Canal, Jack Quaid, Jason Liles, Skye Notary, Matthew Ewald, Demetrius Grosse, Pete Burris, Wendy Yang, Joe Manganiello, Rekkhan, Eric Ian, Jessica Medina, Breanne Hill, Robert Tinsley, Andy John Roesgen, Bruce Blackshear, Robin Meade, Marley Shelton, Perry Zulu Jr., Alan Boell, Adam Sztykiel, Gregory Hoyt, Ross Philips, Tyler Jackson, Lane Carlock, Chase Anderson, Urijah Faber, Stephen Dunlevy, Jason Sloss, Giota Trakas, David Dunston, Jake Lacy, Jeff Baird, P.J. Byrne, Jasmine Bolton, Zion Bly, Shannon Halligan, Jeffrey Dean Morgan, DJames Jones, Arnold Chun, Matt Gerald, Danny Le Boyer, Suzanne Cotsakos, Chris Murphy, Allyssa Brooke, Maria Arcega-Dunn, Timothy Carr, David An, Mac Wells, David Oelert, Henardo Rodriguez, Bernard Dowdell",Brad Peyton,Jaron Presant,"Carlton Cuse, Adam Sztykiel, Ryan Condal, Ryan Engle","Jeffrey Fierson, Dany Garcia, Toby Emmerich, Brad Peyton, John Rickard, Michael Disco, Dwayne Johnson, Marcus Viscidi, Beau Flynn, Richard Brener, Hiram Garcia",Andrew Lockington,6.1,198021,/MGADip4thVSErP34FAAfzFBTZ5.jpg,4,2018,15,rampage,avengers: infinity war,"beijing international film festival (1), premiere (1), blank (65), blu-ray release (1), dvd premiere (1)",65,0,69,0.0,no,no
512195,Red Notice,6.8,6134,Released,2021-11-04,178143,118,160000000,tt7991608,en,Red Notice,"An Interpol-issued Red Notice is a global alert to hunt and capture the world's most wanted. But when a daring heist brings together the FBI's top profiler and two rival criminals, there's no telling what will happen.",7.9167,Pro and cons.,"Action, Comedy, Crime","flynn picture company, seven bucks productions, bad version",United States of America,"English, Bahasa indonesia, Italiano, P—É—Å—Å–∫–∏–π, Espa√±ol","Robert Mata, George Tsai, Joseph A. Garcia, Martin Harris, Ryan Reynolds, Yosef Podolski, Ethan Herschenfeld, Daniel Bernhardt, Jay Romero, Elbert Kim, Brenna Marie Narayan, Nick Arapoglou, Victoria Paige Watkins, Robert Clotworthy, Guy Nardulli, Seth Michaels, Chris Diamantopoulos, Ivan Mbakop, Ritu Arya, Vincenzo Amato, Alexander Perkins, Dwayne Johnson, Anthony Belevtsov, Gonzalo Escudero, Tom Choi, Sebastien Large, Andrew Hunter, Rafael Petardi, Steve Eifert, Robert Tinsley, Rawson Marshall Thurber, Ed Sheeran, Gal Gadot",Rawson Marshall Thurber,Markus F√∂rderer,Rawson Marshall Thurber,"Dwayne Johnson, Hiram Garcia, David B. Householter, Scott Sheldon, Beau Flynn, Dany Garcia, Rawson Marshall Thurber, Wendy Jacobson",Steve Jablonsky,6.3,346812,/lAXONuqg41NwUMuzMiFvicDET9Y.jpg,11,2021,44,red notice,eternals,"limited (4), blank (7), internet (35), camerimage international film festival (1)",7,35,47,0.74,yes,no
401981,Red Sparrow,6.532,6196,Released,2018-02-15,151572634,140,69000000,tt2873282,en,Red Sparrow,"Prima ballerina Dominika Egorova faces a bleak and uncertain future after she suffers an injury that ends her career. She soon turns to Sparrow School, a secret intelligence service that trains exceptional young people to use their minds and bodies as weapons. Dominika emerges as the most dangerous Sparrow after completing the sadistic training process. As she comes to terms with her new abilities, she meets a CIA agent who tries to convince her that he is the only person she can trust.",4.5537,Seduce. Deceive. Repeat.,"Thriller, Mystery","chernin entertainment, 20th century fox, tsg entertainment",United States of America,English,"Hugh Quarshie, Ingeborga Dapk≈´naitƒó, Chris O'Hara, Zsolt Anger, Zsolt Viczei, Lauren Glazier, Sakina Jaffrey, Karen Gagnon, Simon Szab√≥, Jeremy Irons, Attila √Årpa, Kristof Konrad, Scott Alexander Young, D√°vid Miller, B√°lint Adorj√°ni, Sasha Frolova, Charlotte Rampling, Matthias Schoenaerts, Ciar√°n Hinds, Jennifer Lawrence, Thekla Reuten, Judit Rezes, Sebastian H√ºlk, Douglas Hodge, Sergei Polunin, Joel de la Fuente, Joely Richardson, Kata P√°lfi, Judit Viktor, Kincs√∂ Peth√∂, Mary-Louise Parker, Louis Hofmann, Sergej Onopko, Joel Edgerton, Nicole O'Neill, Makar Zaporozhskiy, Bill Camp, Isabella Boylston, Tom Morley, Tanya Vital",Francis Lawrence,Jo Willems,"Justin Haythe, Jason Matthews","David Ready, Steven Zaillian, Peter Chernin, Garrett Basch, Mary McLaglen, Jenno Topping",James Newton Howard,6.6,214778,/a2YVxRnqwAkunqzYXWutMZYCMaG.jpg,2,2018,7,red sparrow,black panther,"london (1), premiere (1), buenos aires (1), blank (60), jameson dublin international film festival (1), belgrade film festival (1), internet (2)",60,2,67,0.03,no,no
460458,Resident Evil: Welcome to Raccoon City,5.953,2596,Released,2021-11-24,41914915,107,25000000,tt6920084,en,Resident Evil: Welcome to Raccoon City,"Once the booming home of pharmaceutical giant Umbrella Corporation, Raccoon City is now a dying Midwestern town. The company‚Äôs exodus left the city a wasteland‚Ä¶with great evil brewing below the surface. When that evil is unleashed, the townspeople are forever‚Ä¶changed‚Ä¶and a small group of survivors must work together to uncover the truth behind Umbrella and make it through the night.",5.7455,Witness the beginning of evil.,"Action, Horror, Science Fiction","constantin film, screen gems, davis raccoon films","Germany, United States of America, Canada",English,"Tom Hopper, Lily Gao, Holly de Barros, Pamela MacDonald, Stephannie Hawkins, Kalie Hunter, Sammy Azero, Lily Gail Reid, Nathaniel McParland, Janet Porter, Avan Jogia, Sophia Ann Pead Galvin, Heloise Catherine Pead Galvin, Josh Cruddas, Kaya Scodelario, Robert Chaumont, Nathan Dales, Marina Mazepa, Avaah Blackwell, Chad Rook, Dylan Taylor, Carson Manning, Daxton Gujral, Pat Thornton, Jason Lee Bell, Kelly Reich, Donal Logue, Robbie Amell, Hannah John-Kamen, Jenny Young, Neal McDonough, Matthew MacCallum, Andrea Ciacci",Johannes Roberts,Maxime Alexandre,Johannes Roberts,"Victor Hadida, Jeremy Bolt, James Harris, Martin Moszkowicz, Hartley Gorenstein, Paul W. S. Anderson, Robert Kulzer",Mark Korven,5.2,69998,/bArhvjRHl535XMaSh9VjInF2mSZ.jpg,11,2021,47,resident evil: welcome to raccoon city,eternals,"paris (1), premiere (1), blank (46), limited (1), internet (5), video premiere (2)",46,5,56,0.09,no,no
930564,Saltburn,6.965,2681,Released,2023-11-16,21013738,131,20000000,tt17351924,en,Saltburn,"Struggling to find his place at Oxford University, student Oliver Quick finds himself drawn into the world of the charming and aristocratic Felix Catton, who invites him to Saltburn, his eccentric family's sprawling estate, for a summer never to be forgotten.",7.372,We're all about to lose our minds.,"Drama, Comedy, Thriller","luckychap entertainment, mrc, lie still","United Kingdom, United States of America",English,"Archie Madekwe, Will Gibson, Julian Lloyd Patten, Reece Shearsmith, Tom√°s Barry, Carey Mulligan, Gabriel Bisset-Smith, Richard Cotterell, Glyn Grimstead, Paul Rhys, Lolly Adefope, Aleah Aberdeen, Dorothy Atkinson, Rosamund Pike, Tasha Lim, Joshua Samuels, Joshua McGuire, Alison Oliver, Matt Carver, Jacob Elordi, Shaun Dooley, Ewan Mitchell, Olivia Hanrahan-Barnes, Millie Kent, Sadie Soverall, Saga Spjuth-S√§ll, Andy Brady, Richard E. Grant, Barry Keoghan",Emerald Fennell,Linus Sandgren,Emerald Fennell,"Margot Robbie, Tom Ackerley, Emerald Fennell, Tim Wellspring, Josey McNamara",Anthony B. Willis,7.0,253488,/zGTfMwG112BC66mpaveVxoWPOaB.jpg,11,2023,46,saltburn,the marvels,"telluride film festival (1), world premiere (1), fantastic fest (1), opening night film (1), bfi london film festival (1), beyond fest (1), zurich film festival (1), mill valley film festival (1), chicago international film festival (1), middleburg film festival (1), scad savannah film festival (1), adelaide film festival (1), austin film festival (1), philadelphia film festival (1), brisbane international film festival (1), stockholm international film festival (1), los angeles premiere (1), blank (5), limited (1), academia de cine (1), madrid (1), internet (15)",5,15,40,0.38,yes,no
41446,Scream 4,6.47,3967,Released,2011-04-13,97231420,111,40000000,tt1262416,en,Scream 4,"Ten years have passed, and Sidney Prescott has put herself back together thanks to her writing. However, her return to Woodsboro sparks the return of the Ghostface Killer.",11.0922,New decade. New rules.,"Horror, Mystery","dimension films, outerbanks entertainment, corvus corax productions",United States of America,English,"Aimee Teegarden, Britt Robertson, Kristen Bell, Alison Brie, Gordon Michaels, Tim Doty, Emma Roberts, Kim Adams, John Lepard, Mary McDonnell, Nancy O'Dell, Anthony Anderson, Erik Knudsen, Peter Carey, Marley Shelton, David Arquette, Courteney Cox, Neve Campbell, Roger L. Jackson, Mark Aaron Buerkle, Adam Brody, Dane Farwell, Wes Craven, Glenda Lewis, Shenae Grimes-Beech, Julia Ho, Hayden Panettiere, Devin Scillian, William Spencer, Lucy Hale, Justin Michael Brandt, Alexander Punch, Rory Culkin, Anna Paquin, Marielle Jaffe, Nico Tortorella",Wes Craven,Peter Deming,Kevin Williamson,"Kevin Williamson, Ron Schmidt, Matthew Stein, Wes Craven, Harvey Weinstein, Ehren Kruger, Bob Weinstein, Cathy Konrad, Marianne Maddalena, Iya Labunka",Marco Beltrami,6.2,185135,/tcrI37K98TVopLbcZBa55mWhLT1.jpg,4,2011,15,scream 4,thor,"hollywood, california (1), premiere (2), the hague (1), blank (55), limited (1), blu-ray premiere (1), dvd premiere (1)",55,0,62,0.0,no,no
238615,Self/less,6.4,3204,Released,2015-07-10,31807156,117,26000000,tt2140379,en,Self/less,An extremely wealthy elderly man dying from cancer undergoes a radical medical procedure that transfers his consciousness to the body of a healthy young man but everything may not be as good as it seems when he starts to uncover the mystery of the body's origins and the secret organization that will kill to keep its secrets.,4.4831,God Created Man. Man Created Immortality.,"Science Fiction, Action, Thriller","ram bergman productions, endgame entertainment",United States of America,English,"Keiton Crump, Brendan McCarthy, Sandra Ellis Lafferty, Clay Chamberlin, Emily Tremaine, Alvin Santana, Mariana Paola Vicente, Steffie Grote, Sam Page, Hannah Jelinovic, Ashley Laliberty, Shelby Skipper, Jimmy Gonz√°les, Jesica Ahlberg, Victor Garber, Anne Speed, Ryan Reynolds, Antionique Price, Douglas M. Griffin, Griff Furst, Dylan Lowe, Cedric Palmisano, Marcus Lyle Brown, Big Freedia, Robert Harvey, Tom Waite, Ben Kingsley, Thomas Francis Murphy, Claire McReynolds, Dakota Buchanan, Natalie Martinez, Dacia Fernandez, Katherine Grace Yeaton, Melora Hardin, Kristin Erickson, Christopher Heskey, Julian Niccolini, Kate Ransome Wilcox, Matthew Goode, Stephanie Bertrand, Anna Dudnik, Rashod Singleton, Michelle Dockery, Gary Weeks, Jaynee-Lynne Kinchen, Derek Luke, Lola Phillips, Teri Wyble",Tarsem Singh,Brendan Galvin,"√Älex Pastor, David Pastor, Evan Trent","Peter Schlessel, James D. Stern, Julie Goldstein, Ram Bergman, Lia Buman","Dudu Aram, Antonio Pinto",6.5,106902,/jhzjPJnwiQwBzW0nIHBC01fr9GG.jpg,7,2015,28,self/less,ant-man,"blank (45), neuchâtel international fantastic film festival (1), blu-ray release (1), dvd premiere (2), internet (1)",45,1,50,0.02,no,no
566525,Shang-Chi and the Legend of the Ten Rings,7.5,10022,Released,2021-09-01,432243292,132,150000000,tt9376612,en,Shang-Chi and the Legend of the Ten Rings,Shang-Chi must confront the past he thought he left behind when he is drawn into the web of the mysterious Ten Rings organization.,10.0442,You can't outrun your destiny.,"Action, Adventure, Fantasy",marvel studios,United States of America,"English, ÊôÆÈÄöËØù","Awkwafina, Simu Liu, Dee Bradley Baker, Tsai Chin, Stella Ye, Lydia Sarks, Jodi Long, Jayden Tianyi Zhang, Stephanie Hsu, Fala Chen, Johnny Carr, Elodie Fong, Michelle Yeoh, Benjamin Wang, Tim Roth, Bingchen Ye, Raymond Ma, Michael-Anthony Taylor, Jade Xu, Louis Abdilla, Arnold Sun, Shelley Xu, Zhang Chongwei, David Chea, Dallas Liu, Tony Leung Chiu-wai, John Harding, Florian Munteanu, Thau Shen Lim, Zhou Yeye, Mark Ruffalo, Lynette Curran, Ben Kingsley, Alistair Bates, Brie Larson, Lau Ga-Yung, Ronny Chieng, Daniel Liu, Andy Le, Kunal Dudheker, Harmonie He, Fernando Chien, Yuen Wah, Paul He, Zach Cherry, Benedict Wong, Meng'er Zhang",Destin Daniel Cretton,Bill Pope,"Steve Englehart, Jim Starlin, Andrew Lanham, David Callaham, Destin Daniel Cretton","Jonathan Schwartz, Victoria Alonso, Kevin Feige, Charles Newirth, Louis D'Esposito",Joel P. West,7.3,476907,/d08HqqeBQSwN8i8MEvpsZ8Cb438.jpg,9,2021,35,shang-chi and the legend of the ten rings,shang-chi and the legend of the ten rings,"hollywood, california (1), premiere (2), blank (60), madrid (1), internet (5), dvd and blu-ray premiere (1)",60,5,70,0.07,no,no
287947,Shazam!,6.988,9887,Released,2019-03-29,367799011,132,80000000,tt0448115,en,Shazam!,A boy is given the ability to become an adult superhero in times of need with a single magic word.,6.5375,Just say the word.,"Action, Comedy, Fantasy","new line cinema, the safran company, seven bucks productions, dc films",United States of America,English,"David Kohlsmith, Craig Henry, Ken Mohabir, Meagan Good, Damir Andrei, Faithe Herman, Angelica Lisk-Hann, Ali Badshah, Neil Morrill, Pearl Sun, Pamela Matthews, David F. Sandberg, Zachary Levi, Eli Martyr, Aria Anthony, Manuel Rodriguez-Saenz, Jeff Sanca, Emily Nixon, Deborah Tennant, Seth Green, Tosh Robertson, Lisa Truong, Ian Chen, Paul Braunstein, Ryan Handley, John Stead, Jesse Bond, Lisa Codrington, Ava Preston, Marta Milans, Harper Gunn, Luke Gallo, Cassandra Ebner, Michael Xavier, D.J. Cotrona, Adam Rodness, Mitra Suri, Natalia Safran, Ethan Pugiotto, Nneka Elliott, Rachel Boyd, Ilan O'Driscoll, Caroline Palmer, Stephannie Hawkins, Dan Skene, Anthony Gritsyuk, Steve Newburn, Shawn Stewart, Jim Pagiamtzis, Asher Angel, Andi Osho, Keisha T. Fraser, Landon Doak, Martin Roach, Lotta Losten, Jhaleil Swaby, Jack Dylan Grazer, Misha Rasaiah, Steve Blum, Violetta Pioro, Lovina Yavari, John Glover, Brian Kaulback, Matthew Binkley, Ross Butler, Michelle Borth, Simon Northwood, Chemika Bennett-Heath, Wayne Ward, Paloma Nu√±ez, Stephen Alexander, Allen Keng, Djimon Hounsou, Grace Caroline Currey, Joseph Pierre, Fred Tatasciore, Adam Brody, Cliff Saunders, Bryce Arden Poe, Bill R. Dean, Callie Presniak, Darin De Paul, Craig Warnock, Carson MacCormac, Evan Marsh, Mark Strong, Kerri Kamara, Jovan Armand, Hazel Gorin, Tabitha Tao, Allison Brennan, Jackson Reid, Nadine Whiteman, Cooper Andrews",David F. Sandberg,Maxime Alexandre,"Henry Gayden, Bill Parker, Darren Lemke, C.C. Beck","Richard Brener, Dany Garcia, Dwayne Johnson, Dave Neustadter, Christopher Godsick, Hiram Garcia, Adam Schlagman, Toby Emmerich, Jeffrey Chernov, Walter Hamada, Peter Safran, Geoff Johns",Benjamin Wallfisch,7.0,407578,/xnopI5Xtky18MPhK40cZAGAOVeV.jpg,3,2019,13,shazam!,captain marvel,"pathé unlimited night (1), blank (58), blu-ray release (1), dvd premiere (1), internet (1)",58,1,62,0.02,no,no
837881,She Said,7.218,662,Released,2022-11-17,13900000,129,32000000,tt11198810,en,She Said,New York Times reporters Megan Twohey and Jodi Kantor break one of the most important stories in a generation ‚Äî a story that helped launch the #MeToo movement and shattered decades of silence around the subject of sexual assault in Hollywood.,4.3253,"""Will you go on the record?""","Drama, History","plan b entertainment, annapurna pictures, universal pictures",United States of America,"Espa√±ol, English, Portugu√™s","Alex Hurt, Hilary Greer, James Austin Johnson, Patricia Clarkson, Frank Wood, Ashley Chiu, Zoe Kazan, Zabryna Guevara, Ruby Thomas, Wesley Holloway, Mary Higgins, Sarah Ann Masse, Anita Sabherwal, Nicole Betancourt, Zach Grenier, Mike Spara, Roxanna Hope Radja, Emery Ellis Harper, Makia Martin, Kathleen Mary Carthy, Justine Colan, Harvey Friedman, Stephanie Heitman, Dalya Knapp, Katie Nisa, Lola Petticrew, Tom Pelphrey, Samantha Morton, Tina WongLu, Makayla Patton, Brad Aldous, Lauren O'Connor, Ashley Judd, Elle Graham, Carey Mulligan, Traci Wolfe, Judith Godr√®che, John Mazurek, George Walsh, Anastasia Barzee, Peter Friedman, Jason Babinsky, Emma Clare O'Connor, Molly Windsor, Tessa Lee, Sujata Eyrick, Mike Houston, Richard Busser, Jennifer Ehle, Keilly McQuail, Sean Cullen, Katherine Kendall, Maren Heary, Safia Oakley-Green, Angela Yeoh, Katherine Laheen, Shirley Rumierk, Dipa Anitia, Marceline Hugot, Celia Au, Leah Kreitz, Davram Stiefler, Adam Shapiro, Edward Astor Chin, Andre Braugher, Catherine LeFrere, Gregg Edelman",Maria Schrader,Natasha Braier,"Rebecca Corbett, Rebecca Lenkiewicz, Megan Twohey, Jodi Kantor","Sue Naegle, Lila Yacoub, Lexi Barta, Brad Pitt, Megan Ellison, Jeremy Kleiner, Dede Gardner",Nicholas Britell,7.3,48411,/jG4UI2dbNWlWtTTupjeU3fRJ5Fn.jpg,11,2022,46,she said,black panther: wakanda forever,"new york film festival (1), premiere (1), bfi london film festival (1), heartland international film festival (1), middleburg film festival (1), hamptons international film festival (1), mill valley film festival (1), bergen international film festival (1), san diego italian film festival (1), montclair film festival (1), brisbane film festival (1), afi fest (1), miami film festival gems (1), virginia film festival (1), denver international film festival (1), belfast film festival (1), st. louis international film festival (1), stockholm international film festival (1), coronado island film festival (1), hawai'i international film festival (1), ljubljana international film festival (1), blank (39), qcinema international film festival (1), cork international film festival (1), torino film festival (1), internet (1), vancouver international women in film festival (1), tv release (1), tv premiere (1)",39,1,67,0.01,no,no
1233413,Sinners,7.503,2870,Released,2025-04-16,365878513,138,90000000,tt31193180,en,Sinners,"Trying to leave their troubled lives behind, twin brothers return to their hometown to start again, only to discover that an even greater evil is waiting to welcome them back.",21.0167,Dance with the devil.,"Horror, Action, Thriller","warner bros. pictures, proximity media, domain entertainment",United States of America,English,"Cuso Mora, Leroy Harris Jr., Donald Jones Jr., Andrea Peoples, Theodus Crane, Omar Benson Miller, Breonna Jordan, Jeoffrey Harris Jr., Jahaira Myers, Kendalyn Dene Breakfield, Nicoye Banks, Gralen Bryant Banks, Andrene Ward-Hammond, Hailee Steinfeld, Ja'Quan Monroe-Henderson, Helena Hu, Deneen Tyler, Kai Thompson, Sam Malone, Nathaniel Arcand, Emonie Ellison, Winnie Mu, Yao, Delroy Lindo, Peter Dreimanis, Aadyn Encalarde, Miles Caton, Jarrell Hamilton, Wunmi Mosaku, Li Jun Li, Saul Williams, Jeremy Denzel, Lola Kirke, Arouna Guindo, Tenaj L. Jackson, Jack O'Connell, Christian Robinson, Jayme Lawson, Mark L. Patrick, Michael B. Jordan, David Maldonado, Akeem J. Edwards, Percy Bell, Alex Huynh, Ian Monroe, Justin William Davis, Buddy Guy, Airelle Brooks, Ritho Johnson, Phyouture, Tyler Wilson, Michael A. Newcomer, Gabriel Cavallini, Le'Andre Douglas, Trinity Jaden Mitchell, Faith Rockward, Ahmari Vaughn",Ryan Coogler,Autumn Durald Arkapaw,Ryan Coogler,"Will Greenfield, Andrew Lary, Anthony Tittanegro, Zinzi Coogler, Pete Chiappetta, Rebecca Cho, Sev Ohanian, Ryan Coogler, Ludwig G√∂ransson",Ludwig G√∂ransson,7.6,309000,/4CkZl1LK6a5rXBqJB2ZP77h3N5i.jpg,4,2025,16,sinners,thunderbolts*,"blank (55), imax (2), 70mm (2), early access (1), re-release (4), limited (2), vod (1), internet (2), tv release (1), dvd,4k uhd,blu-ray (1), denver film festival (1), moma - the contenders (1)",55,2,73,0.03,no,no
447200,Skyscraper,6.319,5192,Released,2018-07-11,304870828,102,125000000,tt5758778,en,Skyscraper,"Framed and on the run, a former FBI agent must save his family from a blazing fire in the world's tallest building.",2.9545,Don't look down,"Action, Thriller, Adventure","flynn picture company, legendary pictures, seven bucks productions, universal pictures, dentsu, fuji television network","Canada, Japan, United States of America","ÂπøÂ∑ûËØù / Âª£Â∑ûË©±, ÊôÆÈÄöËØù, English","Colin Corrigan, Dwayne Johnson, Jason William Day, Adrian Holmes, Omari Newton, Dimitry Tsoy, Pablo Schreiber, Paul Wu, Rene Wang, Sam Yunussov, Allen Keng, Nelson Wong, McKenna Roberts, Lawrence Chau, Ryan Handley, Rick Chambers, Kevin Rankin, Wendy Jacobson, Grace Wang, Kayden Magnuson, Roland M√∏ller, Hannah Quinlivan, Elfina Luk, Paul McGillion, Kathy Wu, Evan Lai, Marcus Sim, Sarah K. Thurber, Tina Tong, Rob 'Sluggo' Boyce, Matt O'Leary, Byron Mann, Venus Terzo, Carlo Yu, Tzi Ma, Noah Cottrell, Gretal Montgomery, Aaron Au, Leanne Suter, Shamel Hashish, Jett Klyne, Beatrice King, Byron Lawson, Glenn Chow, Shawn Stewart, Neve Campbell, Fabio Tassone, Brian Ho, Lasaundra Gibson, Vivian Full, Sean Kohnke, Malin Barr, Mike Li, Noah Taylor, Chin Han, Matthew Wolf",Rawson Marshall Thurber,Robert Elswit,"Rawson Marshall Thurber, Thomas Brungardt","Dany Garcia, Mary Parent, Wendy Jacobson, Eric McLeod, Eric Hedayat, Dwayne Johnson, Rawson Marshall Thurber, Beau Flynn, Hiram Garcia",Steve Jablonsky,5.8,142841,/52ml62vClzrlqvXZq2FEW6UF6c1.jpg,7,2018,28,skyscraper,ant-man and the wasp,"blank (59), internet (1)",59,1,60,0.02,no,no
568620,Snake Eyes: G.I. Joe Origins,6.5,1647,Released,2021-07-22,36964325,121,88000000,tt8404256,en,Snake Eyes: G.I. Joe Origins,"After saving the life of their heir apparent, tenacious loner Snake Eyes is welcomed into an ancient Japanese clan called the Arashikage where he is taught the ways of the ninja warrior. But, when secrets from his past are revealed, Snake Eyes' honor and allegiance will be tested ‚Äì even if that means losing the trust of those closest to him.",5.8483,Every warrior has a beginning.,"Action, Adventure","paramount pictures, metro-goldwyn-mayer, di bonaventura pictures, entertainment one, skydance media, hasbro","Canada, Japan, United States of America","ÿßŸÑÿπÿ±ÿ®Ÿäÿ©, English, Italiano, Êó•Êú¨Ë™û","Henry Golding, Sean Owen Roberts, Ryan Klarenbach, Gui DaSilva-Greene, Brandon Melendy, Solomon Brende, Iko Uwais, Haruka Abe, √örsula Corber√≥, Samara Weaving, Nicholas Dohy, Simon Chin, Kojun Notsu, Steven Allerick, Kento Matsunami, Max Archibald, Dean Muhtadi, Samuel Finzi, James Hiroyuki Liao, Derrick DeVilliers, Neal Honda, Kenji Tanigaki, Owen Szabo, Andrew Koji, Shota Kakibata, Hugh Aodh O'Brien, Jason William Day, Peter Mensah, Eri Ishida, Takehiro Hira",Robert Schwentke,Bojan Bazelli,"Joe Shrapnel, Evan Spiliotopoulos, Anna Waterhouse","Don Granger, David Ellison, Jeff G. Waxman, Dana Goldberg, Greg Mooradian, Erik Howsam, Brian Goldner, Lorenzo di Bonaventura",Martin Todsharow,5.4,47473,/uIXF0sQGXOxQhbaEaKOi2VYlIL0.jpg,7,2021,29,snake eyes: g.i. joe origins,black widow,"internet (2), blank (53), dvd and blu-ray premiere (2), night visions international film festival (1)",53,2,58,0.03,no,no
592508,Sooryavanshi,5.8,164,Released,2021-11-05,35000000,145,13000000,tt9531772,hi,‡§∏‡•Ç‡§∞‡•ç‡§Ø‡§µ‡§Ç‡§∂‡•Ä,"A fearless, faithful albeit slightly forgetful Mumbai cop, Veer Sooryavanshi, the chief of the Anti-Terrorism Squad in India pulls out all the stops and stunts to thwart a major conspiracy to attack his city.",2.1231,Police is coming.,"Action, Crime, Thriller","reliance entertainment, dharma productions, rohit shetty productionz",India,‡§π‡§ø‡§®‡•ç‡§¶‡•Ä,"Javed Jaffrey, Rajendra Gupta, Mrunal Jain, Amritpal Singh, Ashish Warang, Siddharth Jadhav, Katrina Kaif, Shaji Choudhary, Jackie Shroff, Sofiya Khan, Niharica Raizada, Asif Basra, Gulshan Grover, Uday Tikekar, Anil Charanjeett, Abhimanyu Singh, Sikandar Kher, Krishna Kotian, Vivan Bhatena, Ajay Devgn, Kishor Mahabole, Akshay Kumar, Sukanya Dhanda, Anuradha Chandan, Jayant Sawarkar, Kumud Mishra, Nikitin Dheer, Pradeep Kabra, Meenal Sahu, Shruti Ulfat, Micky Makhija, Ranveer Singh",Rohit Shetty,Jomon T John,"Shabbir Ahmed, Ritesh Shah, Rashmi Virag, Anand Bakshi, Sanchit Bedre, Farhad Samji, Vidhi Ghodgaonkar, Yunus Sajawal","Akshay Kumar, Apoorva Mehta, Hiroo Johar, Rohit Shetty, Karan Johar, Aruna Bhatia",JAM8,5.8,80834,/oCymRm6FG62zrKnXiHHJvDgkYoA.jpg,11,2021,44,sooryavanshi,eternals,"blank (10), barcelona (1), madrid (1), english subtitled version (4), santa cruz de tenerife (1), event release (2), limited (3), internet (4)",10,4,26,0.15,no,no
424781,Sorry to Bother You,6.8,1632,Released,2018-07-06,18200000,112,3200000,tt5688932,en,Sorry to Bother You,"In an alternate present-day version of Oakland, black telemarketer Cassius Green discovers a magical key to professional success ‚Äì which propels him into a macabre universe.",3.2286,Destiny is calling.,"Fantasy, Science Fiction, Comedy","cinereach, significant productions, macro, mnm creative, the space program",United States of America,English,"W. Kamau Bell, Patricia Simmons, Akia Greybill, Annie Chen, William W. Barbour, Brandon E. Lee, Kate Berlant, Gabby La La, Oumie Garba, Sara Melekova, Rosario Dawson, Keniece Ford, Ajani Perkins, David Fine, Anthony Cabello, Ed Moy, Gina Madrid, Victor M. Slone, Tom Woodruff Jr., Stephanie Vandagriff, Marcella Bragio, Chad Briggs, Mahal Montoya, Darlene Nesson, Talon Crow, Jayson Johnson, Tony Toste, Kali Victor, Tina Gilton, Cabran E. Chamberlain, Makiah Green, John Demakas, Akilah A. Walker, LaKeith Stanfield, Lily James, Mel Powell, Danny Glover, James D. Weston II, Steven Yeun, Elaine A. Clark, M. Shawn Cunningham, Beteal Mahari, Mary Lu Marr, Terel Gibson, Spy Emerson, Shelley Mitchell, Ken Baggott, Steve Dakota, Michael X. Sommers, Michael Rhys Kan, Lyrics Born, John Lobato, Safiya Fredericks, Mahari Crown, Sara Buskirk, Jimi Wheeler, Eric Arnold, Yhana Sibelle, Ryan Coursey, Dawayne Jordan, Tom Hart, Cyl'Nita, Val Garrahan, Forest Whitaker, Jonathan Duffy, Brian Sampson, Kelly Williams, Indigo Jackson, Molly Brady, Ken Gamble, Krystle Piamonte, Robert Longstreet, Mistah F.A.B., Yin Dumela, Terry Crews, Teresa Navarro, David Cross, Patton Oswalt, Jacinta Kaumbulu, Damion Gallegos, Thessaly Lerner, Steve Tanabe, Linda Joy Henry, Jerry McDaniel, Rayna Ang√©lique, Silk E, Tessa Thompson, Jermaine Fowler, Sara Anders, Eric Jacobus, Nato Green, Armie Hammer, Omari Hardwick",Boots Riley,Doug Emmett,Boots Riley,"Kelly Williams, George Rush, Forest Whitaker, Nina Yang Bongiovi, Jonathan Duffy, Charles D. King, Caroline Kaplan, Philipp Engelhorn, Gus Deardoff, Poppy Hanks, Michael K. Shen, Kim Roth, Michael Y. Chow","Boots Riley, Merrill Garbus",6.9,92895,/peTl1V04E9ppvhgvNmSX0r2ALqO.jpg,7,2018,27,sorry to bother you,ant-man and the wasp,"sundance film festival (1), south by southwest film festival (1), san francisco international film festival (1), seattle international film festival (1), bamcinemafest (1), opening film (1), limited (5), blank (12), internet (5), cph: pix (1), digital platforms (1), dvd and blu-ray premiere (1), los cabos international film festival (1), singapore international film festival (1), paris international fantastic film festival (1), blu-ray premiere (1), american independent film festival (1), dvd premiere (1), feeling film festival (1), tv release (1), a coruña (1), subtitled version (1), event (1), tv premiere (1)",12,5,43,0.12,no,no
379686,Space Jam: A New Legacy,6.7,4132,Released,2021-07-08,163692228,115,150000000,tt3554046,en,Space Jam: A New Legacy,"When LeBron and his young son Dom are trapped in a digital space by a rogue A.I., LeBron must get them home safe by leading Bugs, Lola Bunny and the whole gang of notoriously undisciplined Looney Tunes to victory over the A.I.'s digitized champions on the court. It's Tunes versus Goons in the highest-stakes challenge of his life.",4.0218,Welcome to the Jam!,"Family, Comedy, Adventure, Animation, Science Fiction","warner animation group, proximity media, warner bros. pictures, the springhill company",United States of America,English,"Lil Rel Howery, Sonequa Martin-Green, Rosario Dawson, Jeff Bergman, Fred Tatasciore, Kimberly Brooks, Sarah Silverman, Ernie Johnson, Gabriel Iglesias, LeBron James, Candi Milo, Draymond Green, Randy Mims, Diana Taurasi, Nneka Ogwumike, Stephen Kankole, Klay Thompson, Wood Harris, Michael B. Jordan, Bob Bergen, Khris Davis, Don Cheadle, Ceyair J Wright, Jalyn Hall, Damian Lillard, Jordan Thomas, Gerald 'Slink' Johnson, Steven Yeun, Skyler Bible, A‚Äôja Wilson, Zendaya, Harper Leigh Alexander, Sue Bird, Justin Roiland, Eric Bauza, Cedric Joe, Xosha Roquemore, Anthony Davis",Malcolm D. Lee,Salvatore Totino,"Leo Benvenuti, Steve Rudnick, Jesse Gordon, Celeste Ballard, Herschel Weingrod, Tony Rettenmaier, Keenan Coogler, Terence Nance, Taha Neyestani, Juel Taylor, Timothy Harris","Justin Lin, Zinzi Coogler, Troy Nethercott, Jamal Henderson, Ivan Reitman, Ryan Coogler, Jesse Ehrman, Maverick Carter, LeBron James, Allison Abbate, Sev Ohanian, Duncan Henderson, Terence Nance, Spencer Beighley",Kris Bowers,4.5,85330,/mDACFTANR34u6lvucazoYiFJOp7.jpg,7,2021,27,space jam: a new legacy,black widow,"los angeles, california (1), premiere (1), blank (51), internet (4)",51,4,57,0.07,no,no
716612,Spencer,6.8,1753,Released,2021-11-04,25246967,117,18000000,tt12536294,en,Spencer,"During her Christmas holidays with the royal family at the Sandringham estate in Norfolk, England, Diana decides to leave her marriage to Prince Charles.",3.4074,Every fairy tale ends.,"Drama, History","filmnation entertainment, komplizen film, shoebox films, fabula, fabula","Chile, Germany, United Kingdom, United States of America",English,"James Gerard, Christin Schreiber, Olga Hellsing, James Harkness, Amy Manson, Stella Gonet, Wendy Patterson, Greta B√ºcker, Jack Nielen, Sally Hawkins, John Keogh, Richard Sammel, Ben Plunkett-Reynolds, Matthias Wolkowski, Emma Darwall Smith, Kristen Stewart, Oriana Gordon, Kimia Schmidt, Sami Amber, Ian Ashpitel, Thomas Douglas, Freddie Spry, Camille Loup Moltzen, Mudassar Dar, Sean Harris, Jack Farthing, Michael Epp, Lore Stefanek, Libby Rodliffe, Niklas Kohrt, Peter Lee, Elizabeth Berrington, Timothy Spall, Laura Benson, Marianne Graffam, Henry Castello, Tom Hudson, Ryan Wichert",Pablo Larra√≠n,Claire Mathon,Steven Knight,"Isabell Wiegand, Paul Webster, Ryan Heller, Maria Zuckerman, Christina Zisa, Pablo Larra√≠n, Jeff Deutchman, Michael Bloom, Maren Ade, Tom Quinn, Janine Jackowski, Juan de Dios Larra√≠n, Jonas Dornbach, Steven Knight, Ben von Dobeneck, Sarah Nagel",Jonny Greenwood,6.5,80879,/j0XxLH1QcOrnyxBLvMYWJZSzLfH.jpg,11,2021,44,spencer,eternals,"venice film festival (1), telluride film festival (1), toronto international film festival (1), zurich film festival (1), bfi london film festival (1), hamptons international film festival (1), heartland international film festival (1), mill valley film festival (1), film fest gent (1), san diego international film festival (1), independent film festival boston (1), newport beach international film festival (1), philadelphia international film festival (1), chicago international film festival (1), montclair film festival (1), vienna international film festival (1), leiden international film festival (1), austin film festival (1), scad savannah film festival (1), virginia film festival (1), blank (45), moma - the contenders (1), miami film festival (1), ljubljana international film festival (1), stockholm international film festival (1), madrid (1), premiere (1), international film festival of india (1), palm springs international film festival (1), internet (1), 4k version (1), shanghai international film festival (1)",45,1,76,0.01,no,no
569094,Spider-Man: Across the Spider-Verse,8.337,7997,Released,2023-05-31,690897910,140,100000000,tt9362722,en,Spider-Man: Across the Spider-Verse,"After reuniting with Gwen Stacy, Brooklyn‚Äôs full-time, friendly neighborhood Spider-Man is catapulted across the Multiverse, where he encounters the Spider Society, a team of Spider-People charged with protecting the Multiverse‚Äôs very existence. But when the heroes clash on how to handle a new threat, Miles finds himself pitted against the other Spiders and must set out on his own to save those he loves most.",16.5158,It's how you wear the mask that matters.,"Animation, Action, Adventure, Science Fiction","columbia pictures, sony pictures animation, lord miller, pascal pictures, arad productions, marvel entertainment",United States of America,"English, ‡§π‡§ø‡§®‡•ç‡§¶‡•Ä, Italiano, Espa√±ol","Shea Whigham, Amandla Stenberg, Michelle Ruff, Lashana Rodriguez, Antonina Lentini, Natalia Castellanos, Caitlin McKenna, Warren Sroka, Ruth Zalduondo, Miguel Jiron, Luisa Leschin, Sohm Kapila, Karan Soni, Richard Miro, Jharrel Jerome, Peter Sohn, Jake Johnson, Erika Scopelli, Andrea Navedo, Ayo Edebiri, Oscar Camacho, Angelo Sekou Kouyate, James Pirri, Libby Thomas Dickey, Taran Killam, Ben Pronsky, Kimberly Bailey, Al Rodrigo, Melissa Sturm, J.K. Simmons, Shakira Ja'nai Paye, Metro Boomin, Jason Schwartzman, Oscar Isaac, Mayuri Bhandari, Amanda Troop, Deepti Gupta, Sofia Barclay, Marabina Jaimes, Sanjay Chandani, Pradnya Kuwadekar, Kimiko Glenn, Lakshmi Patel, Deepti Kingra-Mickelsen, Andy Samberg, Mike Rianda, Jack Quaid, Sumit Naig, Josh Keaton, Christopher Miller, Issa Rae, Gredel Berrios Calladine, Rita Rani Ahuja, Rachel Dratch, Daniel Kaluuya, Yuri Lowenthal, Luna Lauren Velez, Phil Lord, Narender Sood, Atsuko Okatsuka, Nicole Delaney, Ziggy Marley, Jorma Taccone, Ismail Bashey, Jacqueline Pinol, Arthur Ortiz, Eliana A. Perez, Jasper Johannes Andrews, Marley Ralph, Andrew Leviton, Rez Kempton, Kerry Gutierrez, Jaswant Dev Shrestha, Brian Tyree Henry, Jorge R. Gutierrez, Danielle Perez, Stan Sellers, Freddy Ferrari, Shameik Moore, Juan Pacheco, Greta Lee, Eliyas Qureshi, Lorraine Velez, Dennis Singletary, Kathryn Hahn, Andrew Morgado, Cedric L. Williams, Sitara Attaie, Jason Linere-White, Mahershala Ali, Peggy Lu, David Michie, Ashley London, June Christopher, Doug Nicholas, Kamal Khan, Donald Glover, Russell Tyre Francis, Michelle Jubilee Gonzalez, Juan Pope, Chrystee Pharris, Nic Novicki, Hailee Steinfeld, Melanie Duke, Lex Lang, Elizabeth Perkins","Joaquim Dos Santos, Kemp Powers, Justin K. Thompson",,"Eugene Lee, Ben Choi, Miguel Jiron, Stephanie Garcia Rizo, Caitlin VanArsdale, Mark Ackland, Christopher Miller, Darnell Johnson, Max Perkins, David Callaham, Wynton Redmond, Gabriela Carolina Camarillo, Matt Jones, Kasey Fagerquist, Octavio E. Rodriguez, Denise Koyama, Violaine Briat, Anthony Holden, Lauren Sassen, Sarah Jean Partington, Melanie Duke, Phil Lord, Chris Mitchell","Avi Arad, Christopher Miller, Peter Ramsey, Aditya Sood, Brian Michael Bendis, Amy Pascal, Bob Persichetti, Phil Lord, Christina Steinberg, Rodney Rothman",Daniel Pemberton,8.5,488575,/8Vt6mWEReuy4Of61Lnj5Xj704m8.jpg,5,2023,22,spider-man: across the spider-verse,guardians of the galaxy vol. 3,"blank (133), french speaking region (1), german speaking region (1), italian speaking region (1), internet (2), dvd,4k uhd,blu-ray (1), moma - the contenders (1), re-release (3), limited (2), tv release (1)",133,2,146,0.01,no,no
429617,Spider-Man: Far From Home,7.4,16435,Released,2019-06-28,1131927996,129,160000000,tt6320628,en,Spider-Man: Far From Home,"Peter Parker and his friends go on a summer trip to Europe. However, they will hardly be able to rest - Peter will have to agree to help Nick Fury uncover the mystery of creatures that cause natural disasters and destruction throughout the continent.",11.6478,It‚Äôs time to step up.,"Action, Adventure, Science Fiction","marvel studios, pascal pictures, columbia pictures",United States of America,"ƒåesk√Ω, Nederlands, English, Deutsch, Italiano","Hiten Patel, Clare Dunne, Kristen Alminta, H√©l√®ne Cardona, Jaylen Davis, Dawn Michelle King, Davina Sitaram, Zach Barack, Roman Ibragimov, Charlie Esqu√©r, Michael de Roos, Joakim Skarli, Anjana Vasan, Giuseppe Andriolo, Remy Hii, Mari Alexandrova, Joshua Sinclair-Evans, Chris Hyacinthe, Samuel L. Jackson, Camille Kinloch, Karen-J Sear, Tom Holland, Kimberly Collison, Tyler Luke Cunningham, Luigi Boccanfuso, Vincent Angel, Jessica VanOss, Brian Law, Maurice Sardison, Sokol Cahani, Zendaya, Meagan Holder, Gavin Lee Lewis, Peter Arpesella, Michael Hennessy, Peter Billingsley, Lucas Antoine Starrets, Nicholas Gleaves, Emily Ng, Marisa Tomei, Peter Bankol√©, Toni Garrn, Vincent Frattini, Numan Acar, Graham Burton, Sergio Pierattini, Annie Pisapia, G√©raldine Lamarre, Amanda Musso, Anton√≠n Ma≈°ek, Jivan Xander Ramesh, Nicholle Hembra, Faith Tarby, Sean Coleman, Andrew Dunkelberger, Jo Wheatley, Sofia Renee, Martin Starr, Luigi Petrazzuolo, Kristianne-Kaith Domingo, Keon Kendrick, Kat Leroy, Michael Iacono, J.K. Simmons, Lasco Atkins, Cailan Robinson, Joe David Walters, Timothy Christian Jansen, Evelyn Mok, Daniel Olson, Paolo Braghetto, Sitara Attaie, Rich Lawton, Bruno Bilotta, Ruth Clarson, Dian Cathal, Patrick Loh, Brendan Murphy, Yasmin Mwanza, Hannah Kurczeski, Jake Cerny, Aristou Meehan, Ken Byrd, Tiziana Coste, Victoria Coburn, Samantha Mishinski, Ketan Majmudar, Patrick Doran, Cobie Smulders, Thomas Goodridge, Tony Mardon, Sebasti√°n Viveros, Daniel Ryves, Ben Mendelsohn, Anthony Molinari, Blair Barnette, Giada Benedetti, Rocco Wu, Angourie Rice, Jake Gyllenhaal, Massi Furlan, Melissa Beth Miller, Michal Kubal, Alessandro Giuggioli, Cynthia Garbutt, Pat Kiernan, Ria Fend, Ilya Tank Shilov, Lesdy Vanessa, Tony Revolori, Jan-Paul Buijs, JB Smoove, Luk√°≈° Bech, Zoha Rahman, Anna Benamati, Joseph Long, Ray Rosario, Jimena Larraguivel, Emily Tebbutt, Tatiana Lunardon, Ferroz Fernandez, Sam Chuck, Claire Rushbrook, Sonia Goswami, Mike Ray, Petr Opava, Bradley Wj Miller, Adrian Mozzi, Sharon Blynn, Shari Abdul, Jon Favreau, Tuwaine Barrett, Daphne Cheung, Jorge Lendeborg Jr., Aleksandrs Petukhovs, Theo Ip, Dante Brattelli, Jacob Batalon, Jeroen van Koningsbrugge, Darren Lee Campbell",Jon Watts,Matthew J. Lloyd,"Joe Simon, Steve Ditko, Chris McKenna, Erik Sommers, Stan Lee, Jack Kirby","Matt Tolmach, Louis D'Esposito, Rachel O'Connor, Amy Pascal, Eric Hauserman Carroll, Victoria Alonso, Avi Arad, Stan Lee, Kevin Feige, Thomas M. Hammel",Michael Giacchino,7.3,617892,/4q2NNj4S5dG2RLF9CpXsej7yXl.jpg,6,2019,26,spider-man: far from home,spider-man: far from home,"los angeles, california (1), premiere (1), blank (67), extended version (1), re-release (1), blu-ray release (1)",67,0,72,0.0,no,no
315635,Spider-Man: Homecoming,7.329,22596,Released,2017-07-05,880166924,133,175000000,tt2250912,en,Spider-Man: Homecoming,"Following the events of Captain America: Civil War, Peter Parker, with the help of his mentor Tony Stark, tries to balance his life as an ordinary high school student in Queens, New York City, with fighting crime as his superhero alter ego Spider-Man as a new threat, the Vulture, emerges.",13.4776,Homework can wait. The city can't.,"Action, Adventure, Science Fiction","marvel studios, pascal pictures, lstar capital, columbia pictures",United States of America,English,"Jennifer Connelly, Michael Keaton, Nitin Nohria, John Penick, Kirk R. Thatcher, Doug Scroggins III, Robert Downey Jr., Hannibal Buress, Gina Cordan, Tyne Daly, Manuel LAMBERT, Tiffany Espensen, Bob Adrian, Kevin LaRosa Jr., Logan Marshall-Green, Tom Holland, Miles Mussenden, Kerry Condon, Joe Hang, Christopher Berry, Ren Colley, Zendaya, Chris Adams, Chris Evans, Ari Groover, Marisa Tomei, Donald Glover, Melissa Kay Glaze, Josh Turner, Tunde Adebimpe, Wayne P√©re, Rebeca Donovan, Hemky Madera, Jennifer Kim, Marmee Regine Cosico, Martin Starr, Gary Weeks, Ethan Dizon, Michael Mando, Elli, Laura Harrier, Louis Gonzalez, Garcelle Beauvais, Maiya Boyd, Cassidy Alexandra Kahler, Selenis Leyva, Andy Powers, Harrison Osterfield, Jaine Ye, Omar Capra, Chris Silcox, Angourie Rice, Wesley Kuykendoll, Stan Lee, Jacob Batalon, Hallie Ricardo, Nickolas Wolf, Michael Barbieri, Josie Totah, Tony Revolori, Friday Chamberlain, Clam Sepulveda, Donald K. Overstreet, Gwyneth Paltrow, Zach Cherry, Liza Fagin, Martha Kelly, Sondra James, Vince Foster, Brian Schaeffer, Gary Richardson, Yu Lew, Alexa Laraki, Amy Hill, Stewart Steinberg, Isabella Amara, Abraham Attah, Jon Favreau, Jorge Lendeborg Jr., Kenneth Choi, Dante Brattelli, Bokeem Woodbine, Michael Chernus",Jon Watts,Salvatore Totino,"Jon Watts, Joe Simon, Steve Ditko, Jonathan Goldstein, Chris McKenna, Erik Sommers, Andrea Datzman, Christopher Ford, Stan Lee, John Francis Daley, Jack Kirby","Matt Tolmach, Louis D'Esposito, Amy Pascal, Victoria Alonso, Avi Arad, Patricia Whitcher, Jeremy Latcham, Kevin Feige, Stan Lee",Michael Giacchino,7.4,777355,/c24sv2weTHPsmDa7jEMN0m2P3RT.jpg,7,2017,27,spider-man: homecoming,spider-man: homecoming,"los angeles, california (1), premiere (2), blank (67), cine&comic fest genova (1), newfoundland (1), colombo (1), tokyo (1), tokyo international film festival (1), internet (1)",67,1,76,0.01,no,no
634649,Spider-Man: No Way Home,7.9,21259,Released,2021-12-15,1921847111,148,200000000,tt10872600,en,Spider-Man: No Way Home,"Peter Parker is unmasked and no longer able to separate his normal life from the high-stakes of being a super-hero. When he asks for help from Doctor Strange the stakes become even more dangerous, forcing him to discover what it truly means to be Spider-Man.",16.732,Enter the Multiverse.,"Action, Adventure, Science Fiction","marvel studios, pascal pictures, columbia pictures",United States of America,"English, ","Alfred Molina, Jonathan Sam, Frederick A. Brown, Tom Hardy, Benedict Cumberbatch, Cristo Fern√°ndez, Benedict Wong, Charlie Cox, Gabriella Cila, Gary Weeks, JB Smoove, B. Clutch Dunlap, Willie D. Burton, Glenn Keogh, Rolando Fernandez, Marisa Tomei, Andrew Garfield, Emily Fong, Anisa Nyell Johnson, Paris Benjamin, Robert Tinsley, Andrew Dunlap, Thomas Haden Church, Michael Le, Arian Moayed, Jacob Batalon, Taylor St. Clair, Willem Dafoe, Robert Mitchel Owenby, Tobey Maguire, Edward Force, Carol Anne Dines, Jay Karales, Ben VanderMey, Hannibal Buress, Regina Ting Chen, Jon Favreau, Darnell Appling, Mary Rivera, Clay Savage, Harry Holland, Minnah Dunlap, Angourie Rice, Rhys Ifans, Rudy Eisenzopf, Kathleen Cardoso, Tom Holland, Haroon Khan, Zany Dunlap, Cole Failing, Dean Meminger, Mallory Hoff, Zendaya, Jwaundace Candece, Greg Clarkson, Jamie Foxx, Paula Newsome, Martin Starr, J.K. Simmons, Gregory Konow, Justin East, John M. Maiers, Tony Revolori",Jon Watts,Mauro Fiore,"Stan Lee, Chris McKenna, Erik Sommers, Steve Ditko","Kevin Feige, Louis D'Esposito, JoAnn Perritano, Matt Tolmach, Avi Arad, Amy Pascal, Victoria Alonso, Rachel O'Connor",Michael Giacchino,8.2,985761,/1g0dhYtq4irTY1GPXvft6k4YLjm.jpg,12,2021,50,spider-man: no way home,spider-man: no way home,"los angeles, california (1), blank (69), limited (2), vod (1), dvd,4k uhd,blu-ray (1), internet (1), tv release (1), re-release (18), extended version (16), re-release, extended version (1), screenx version (1)",69,1,112,0.01,no,no
616651,Stillwater,6.6,1340,Released,2021-07-29,19754272,139,20000000,tt10696896,en,Stillwater,"Bill Baker, an American oil-rig roughneck from Oklahoma, travels to Marseille to visit his estranged daughter, Allison, who is in prison for a murder she claims she did not commit. Confronted with language barriers, cultural differences, and a complicated legal system, Bill builds a new life for himself in France as he makes it his personal mission to exonerate his daughter.",4.6478,Secrets run deep.,"Drama, Crime, Thriller","participant, dreamworks pictures, slow pony, anonymous content, 3dot productions, supernatural pictures, focus features, mandate international, firstep","France, United States of America","English, Fran√ßais, Espa√±ol","Pierre-Jean Ta√Øeb-Renassia, Marc Boubli, Sophia Johnson, Idir Azougli, Carlos Ramirez, Jean-Marc Michelangeli, Abigail Breslin, Gr√©gory Di Meglio, Hamza Baggour, Nicolas Dubus, J√©rome Care-Aulanier, Lilou Siauvaud, Berth√©l√©my Giulj, Abdeljalil Belbrail, Sarah Brooks, Clarisse Tennessy, Gilbert Tra√Øna, Chris Tomneer, Victor Sansano, Mohamed-Yassine Ferrat, Karim Traikia, Sabri Siad, Mama Bouras, Lakhdar Mouissette, Florine Mullard, Youghorta Mimouni, Jacques Kounta, Isabelle Tanakil, Pierre Piacentino, Guillaume Le-Xuan, Michel Bompoil, Leah McCormick, Olivier Ho Hio Hen, Mahia Zrouki, C√©line Defay, Ludovic Marchand, Jean-Pierre Gourdain, Adel Ferrat, Messad Souane, Olivier Cruveiller, Alban Casterman, Paul Limonche, Leesa Neidel, Khalid Sabirh, Robert Peters, Mathilde Granguillot, Naidra Ayadi, Camille Cottin, Jacinto Segundo Rodriguez III, Kelly Bellacci, Laurent Perez, Anne Le Ny, Matt Damon, Eric Marcel, Philippe Callec, William Nadylam, Louise Desmullier, Kelly Martins, Justin France, Deanna Dunagan, Nassiriat Mohamed, Moussa Maaskri, Gilles Gontier, Jake Washburn, Bastien d'Asni√®res, Eric Starkey, Fabio Montale",Tom McCarthy,Masanobu Takayanagi,"Marcus Hinchey, Thomas Bidegain, No√© Debr√©, Tom McCarthy","Jonathan King, Liza Chasin, Mari-Jo Winkler, No√© Debr√©, Steve Golin, Tom McCarthy, Jeff Skoll, David Linde, Robert Kessel, Thomas Bidegain",Mychael Danna,6.6,62763,/1lrPR7ah1KElPKnCsxmIRE1OlIh.jpg,7,2021,30,stillwater,black widow,"cannes film festival (1), blank (25), internet (7), deauville american film festival (1), festival image de ville (1), são paulo international film festival (1), blu-ray premiere (1), american film festival (1), geneva international film festival (1), blu-ray release (1), dvd premiere (1), tv premiere (1)",25,7,42,0.17,no,no
877269,Strange World,6.3,1364,Released,2022-11-23,73621640,102,180000000,tt10298840,en,Strange World,"A journey deep into an uncharted and treacherous land, where fantastical creatures await the legendary Clades‚Äîa family of explorers whose differences threaten to topple their latest, and by far most crucial, mission.",2.5209,Journey to a place where nothing is as it appears!,"Animation, Family, Adventure, Science Fiction, Fantasy",walt disney animation studios,United States of America,English,"Jaboukie Young-White, Karan Soni, Reed Buck, LaNisa Renee Frederick, Alice Kina Diehl, Dennis Quaid, Jonathan Melo, Lucy Liu, Francesca Reale, Katie Lowes, Abraham Benrubi, Adelina Anthony, Gabrielle Union, Dave Kohut, Nik Dodani, Alan Tudyk, Jake Gyllenhaal, Emily Kuroda",Don Hall,,"Amy Henkels, David G. Derrick Jr., Burny Mattinson, Hannah Leung, Qui Nguyen, Carrie Liao, Teny Issakhanian","Roy Conli, Jennifer Lee",Henry Jackman,5.7,49639,/jXGMJUq9zcrScs02qkQuCtmWwaI.jpg,11,2022,47,strange world,black panther: wakanda forever,"cork international film festival (1), blank (55), internet (4)",55,4,60,0.07,no,no
1266,Street Kings,6.6,1594,Released,2008-04-10,66476363,109,20000000,tt0421073,en,Street Kings,"Tom Ludlow is a disillusioned L.A. Police Officer, rarely playing by the rules and haunted by the death of his wife. When evidence implicates him in the execution of a fellow officer, he is forced to go up against the cop culture he's been a part of his entire career, ultimately leading him to question the loyalties of everyone around him.",5.0477,Their city. Their rules. No prisoners.,"Action, Crime, Drama, Thriller","fox searchlight pictures, regency enterprises, dune entertainment iii, yari film group, emmett/furla films",United States of America,"English, T√ºrk√ße","Noel Gugliemi, Kate Clarke, Jaime FitzSimons, David Ayer, Paul Anthony Barreras, Chris Evans, Genesis Codina, Carlos Amezcua, Terry Crews, Keanu Reeves, Michaela Pereira, Martha Higareda, Daniel Van Dyke, Garret Sato, Daryl Gates, Jay Mohr, Hugh Laurie, Game, Cle Sloan, Kel Ann Hsieh, Joanne Chew, Angela Sun, Kevin Benton, Siobhan Parisi, Amy Dudgeon, Aaron McPherson, Candice A. Buenrostro, Kami Jones, Emilio Rivera, Naomie Harris, Michael D. Roberts, Masen Faison, Forest Whitaker, Patrick Gallagher, Cedric the Entertainer, Kenneth Choi, Amaury Nolasco, Michael Monks, Kerry Wong, Common, Wally Rudolph, Kirstin Pierce, Yonda Davis, John Corbett, Clifton Powell, Jernard Burks",David Ayer,Gabriel Beristain,"Kurt Wimmer, Jamie Moss, James Ellroy","Arnon Milchan, Lucas Foster, Erwin Stoff, Alexandra Milchan, Bruce Berman",Graeme Revell,6.8,125535,/csXyZ1BsDBlH0PXkOFWxggEf9WF.jpg,4,2008,15,street kings,iron man,"hollywood, california (1), premiere (2), blank (49), german speaking region (1), buenos aires (1), taormina film festival (1), french speaking region (1), dvd premiere (2), tv premiere (1)",49,0,59,0.0,no,no
1061474,Superman,7.416,3780,Released,2025-07-09,615800000,130,225000000,tt5950044,en,Superman,"Superman, a journalist in Metropolis, embarks on a journey to reconcile his Kryptonian heritage with his human upbringing as Clark Kent.",63.3492,Look up.,"Science Fiction, Adventure, Action","dc studios, troll court entertainment, the safran company, domain entertainment",United States of America,English,"Christopher McDonald, Theo Kypri, Nicholas Hoult, Lon Gowan, Pruitt Taylor Vince, Ira Amyx, Michael Rosenbaum, Paige Mobley, Tatiana Piper, Xingu Del Rosario, Zlatko Buriƒá, Paul Kim, Martin Harris, James Gunn, Terence Rosemore, Christian Lees, Fahim Fazli, Bradley Cooper, Trevor Newlin, Austin Freeman, Jay Westbrook, Rudy Quintanilla, Grace Chan, Beck Bennett, Edi Gathegi, Luis R. Hernandez, Jake Tapper, Savannah Lumar, Jai Soundar, Alan Tudyk, Will Reeve, Milli M., Anthony Carrigan, Eric Nally, James Hiroyuki Liao, Pierce Lackey, Nathan Fillion, Nea Dune, Sharon Carpenter, George Howard Adams, Adriana Leonard, Michael Rooker, Skyler Gisondo, Michael Ian Black, Kimmy Suzuki, Jimmy Chhiu, Stephen Blackehart, Greg Clarkson, Natasha Halevi, David Corenswet, Alexis Prewitt, Sara Sampaio, Lloyd Kaufman, Neva Howell, Angela Sarafyan, Giovannie Cruz, Torsten Kellar, Sean Gunn, Louisa Krause, Jennifer Holland, Rachel Brosnahan, Chaim Jeraffi, Bobby Hernandez, Melissa O. Bowen, Darla Delgado, Alayna Bernard, Abel F. Alvarado, David E. Collier, Bonnie Discepolo, Annika Mazumdar, Isabela Merced, Frank Grillo, Mikaela Hoover, Mary Chatmon, Karla Suyeon Kim, Kim Brunhuber, Mar√≠a Gabriela de Far√≠a, Pom Klementieff, Ryan J. Pezdirc, Milly Alcock, Wendell Pierce, Dinesh Thyagarajan, Taylor Valentine Lupini, Tinashe Kajese, Zach Lane, Oliver Diego Silva, John Cena, Johanna Braddy, Suzanne Hobbs, Ashleigh Morghan, Jonah Lees, Lawrence Gilligan, AJ Bernard",James Gunn,Henry Braham,"Jerry Siegel, Joe Shuster, James Gunn","Nik Korda, Chantal Nong Vo, Andrew Lary, Anthony Tittanegro, Pete Chiappetta, Peter Safran, Lars P. Winther, James Gunn","David Fleming, John Murphy",7.1,345897,/wPLysNDLffQLOVebZQCbXJEv6E6.jpg,7,2025,28,superman,the fantastic four: first steps,"london (1), premiere (4), los angeles, california (1), limited (3), blank (57), beijing (1), imax fan event (1), vod (1), internet (2), blu-ray and dvd (1)",57,2,72,0.03,no,no
1071215,Thanksgiving,6.5,1448,Released,2023-11-16,46553280,106,15000000,tt1448754,en,Thanksgiving,"After a Black Friday riot ends in tragedy, a mysterious Thanksgiving-inspired killer terrorizes Plymouth, Massachusetts - the birthplace of the holiday. Picking off residents one by one, what begins as random revenge killings are soon revealed to be part of a larger, sinister holiday plan.",14.9343,There will be no leftovers.,"Horror, Mystery","electromagnetic productions, dragonfly entertainment, spyglass media group",United States of America,English,"Andriah Bryan, Adam MacDonald, Jake Gosden, Jordan Poole, Karen Cliche, Jeff Teravainen, Derek Herd, Andy Boorman, Addison Rae, Jenna Warren, Chris Sandiford, James Magwood, Derek McGrath, Frank J. Zupancic, Daniel Beiser-Hunt, Piret J√µgeda, Joe Bostick, James Goldman, Nell Verlaque, Hailey Kittle, Sylvain Plasse, Dorian Giordano, Lynne Griffin, Tonic, Patrick Dempsey, Katherine Trowell, Rick Hoffman, Charlie Storey, Erika Nonato, Milo Manheim, Tim Dillon, Xavier Sabeta, Shiloh O‚ÄôReilly, Mika Amonsen, Joseph Claude Dubois, Alexander Elliot, Hannah Storey, Yusuf Zine, Christopher Creamer, Gabriel Davenport, Gina Gershon, Nicholas DeCoulos, Aaron J. La Fleur, Nicholas Reynoldson, Shawn Gordon Fraser, Neil Robles, Shailyn Griffin, Joe Delfin, Tomaso Sanelli, Amanda Barker, Tom Keat, Julie Leedes, Ty Olsson, Geoff Rutherford, Russell Yuen, Jalen Thomas Brooks, Carlisle J. Williams, Pat Smith, J. Timothy Hunt, Daniel Ryan-Astley",Eli Roth,Milan Chadima,"Eli Roth, Jeff Rendell","Eli Roth, Gary Barber, Kate Harrison Karman, Jeff Rendell, Peter Oillataguerre, Chris Stone, Roger Birnbaum, Greg Denny",Brandon Roberts,6.2,77095,/f5f3TEVst1nHHyqgn7Z3tlwnBIH.jpg,11,2023,46,thanksgiving,the marvels,"mórbido film fest (1), premiere (1), blank (38), comic con experience (1), internet (1), red lorry film festival (1)",38,1,43,0.02,no,no
302946,The Accountant,7.129,7032,Released,2016-10-13,155160045,128,44000000,tt2140479,en,The Accountant,"As a math savant uncooks the books for a new client, the Treasury Department closes in on his activities and the body count starts to rise.",6.8851,Calculate your choices.,"Crime, Thriller, Drama","zero gravity management, electric city entertainment, ratpac entertainment, warner bros. pictures",United States of America,English,"Ben Affleck, Jeffrey Tambor, Scott Hunter, Randall Taylor, Carrie Walrond Hood, Johnny Giacalone, Malachi Malik, Scott Poythress, Mary Kraft, Angel Giuffria, Alex Collins, Alex Huynh, Richard Pearson, Joe Hardy Jr., Robert Hatch, Tait Fletcher, Gregory Alan Williams, Eric Goins, Anna Kendrick, Daeg Faerch, Jake Presley, Jason Davis, Inder Kumar, Gary Basaraba, Robert T. McKnight II, Michael Beasley, Curtis Lyons, David de Vries, Jon Bernthal, Izzy Fenech, John Lithgow, Victor McCay, Nick Arapoglou, Alison Wright, Susan Williams, Samantha Janco, Jade Halley Bartlett, Sheila Maddox, Fernando Chien, Dennis Keiffer, Angela Davis, Viviana Chavez, Roman Spink, Joseph Levine, Buster Reeves, Kelly Collins Lintz, Greg Sproles, J.K. Simmons, Jean Smart, Nicholas Martin, Jason MacDonald, Seth Lee, Cynthia Addai-Robinson, David Anthony Buglione, Robert Kistenberg, Andy Umberger, Robert C. Treveiler, Zachary James Rukavina, Ron Yuan, Ron Prather, Christian Mendoza",Gavin O'Connor,Seamus McGarvey,Bill Dubuque,"Mark Williams, Lynette Howell Taylor, Marty P. Ewing, Jamie Patricof, Gavin O'Connor, Steven Mnuchin",Mark Isham,7.3,386177,/fceheXB5fC4WrLVuWJ6OZv9FXYr.jpg,10,2016,41,the accountant,doctor strange,"rome film festival (1), beyond fest (1), hollywood, california (1), premiere (2), blank (70), haifa film festival (1), german speaking region (1), buenos aires (1), italian speaking region (1), french speaking region (1), internet (1)",70,1,81,0.01,no,no
870028,The Accountant¬≤,7.128,1445,Released,2025-04-23,102123366,133,80000000,tt7068946,en,The Accountant¬≤,"When an old acquaintance is murdered, Wolff is compelled to solve the case. Realizing more extreme measures are necessary, Wolff recruits his estranged and highly lethal brother, Brax, to help. In partnership with Marybeth Medina, they uncover a deadly conspiracy, becoming targets of a ruthless network of killers who will stop at nothing to keep their secrets buried.",18.6048,Do you like puzzles?,"Mystery, Crime, Thriller","artists equity, 51 entertainment, zero gravity management, filmtribe",United States of America,"Deutsch, English, Espa√±ol","Nik Sanchez, Ben Affleck, Megan Grano, John Patrick Jordan, Vincent Juskalian, Betsy Baker, Michael Tourek, Erica Johnson, Grant Harvey, Daniella Pineda, Catherine Adell, Laura G. Chirinos, Lombardo Boyar, David Reivers, Anna Platen, Melissa Kaye Bontempt, Monica Bhatnagar, Alberto Manquero, Troy Christian, Charlie Bodin, Cassandra Blair, Yael Ocasio, Alan Barinholtz, James P. Harkins, Elliot Bodin, Zoey Chung, Liesel Kopp, Dominique Domingo, Michelle N. Carter, Beatrice Naomi Nathanson, Todd Stashwick, Jon Bernthal, Robert Morgan, Alex Campbell, Donna Kim, Kristen Ariza, Alison Wright, Gio Zavala, Andrew Howard, Dustin Stern-Garcia, Matt Linton, Lincoln Bodin, Fernando Chien, Corwin Ireland, Abner Lozano, Michael John Benzaia, Yuri Chung, Abhinav Gopisetty, Mariel Mart√≠nez, Nichole Palacios, Nicholas Walker, Ian Merrigan, Talia Thiesfield, Jeremy Radin, J.K. Simmons, Brian Oerly, Avery Taylor, Cynthia Addai-Robinson, Mariel Suarez, Heidi Amundson, Presley Alexander, Robert Keith, Cynthia Valenzuela, Christopher Alvarenga, Frank Scozzari, Alain Ali Washnevsky, Ramon Cortes, Paula Rhodes, Allison Robertson, Joe Holt",Gavin O'Connor,Seamus McGarvey,Bill Dubuque,"Mark Williams, Matt Damon, Ben Affleck, Scott LaStaiti, Lynette Howell Taylor, Jamie Patricof, Dani Bernfeld, Gavin O'Connor, Alison Winter, Michael Joe, Kevin Halloran",Bryce Dessner,6.6,114611,/lUvfTcOZiK0sdcX0WNLPbMyKjGm.jpg,4,2025,17,the accountant¬≤,thunderbolts*,"sxsw film festival (1), mexico city (1), premiere (1), early access (1), blank (41), limited (1), dolby cinema (1), internet (3)",41,3,50,0.06,no,no
293863,The Age of Adaline,7.478,6922,Released,2015-04-16,65663276,112,25000000,tt1655441,en,The Age of Adaline,"After 29-year-old Adaline recovers from a nearly lethal accident, she inexplicably stops growing older. As the years stretch on and on, Adaline keeps her secret to herself  until she meets a man who changes her life.",4.6165,Love is timeless.,"Romance, Fantasy, Drama","lakeshore entertainment, sidney kimmel entertainment, lionsgate",United States of America,English,"Amanda Crew, Peter J. Gray, Robert Moloney, Hugh Ross, Demord Dann, Hiro Kanagawa, Anjali Jay, Richard Harmon, Primo Allon, Mark Ghanim√©, Noel Johansen, Fulvio Cecere, Alison Wandzura, Anthony Ingruber, Chris William Martin, Ellen Burstyn, Barclay Hope, Toby Levins, Jane Craven, Cate Richardson, Daniel Bacon, Darren Dolynski, Shaker Paleja, Kathy Baker, Harrison Ford, Michiel Huisman, Blake Lively, Keith McCafferty, Izabel Pearce, Aaron Craven, Dee Jay Jackson, Lane Edwards, Lynda Boyd, Grace Chin, Serge Houde",Lee Toland Krieger,David Lanzenberg,"Salvador Paskowitz, J. Mills Goodloe","Sidney Kimmel, Gary Lucchesi, Tom Rosenberg",Rob Simonsen,7.2,224422,/MbILysGhjAbnZi1Okae9wYqLMx.jpg,4,2015,16,the age of adaline,avengers: age of ultron,"blank (49), buenos aires (1), premiere (1), internet (1), dvd and blu-ray premiere (1)",49,1,53,0.02,no,no
1087891,The Amateur,6.975,1296,Released,2025-04-09,95956038,123,60000000,tt0899043,en,The Amateur,"After his life is turned upside down when his wife is killed in a London terrorist attack, a brilliant but introverted CIA decoder takes matters into his own hands when his supervisors refuse to take action.",18.9639,Don't underestimate him.,"Thriller, Action","20th century studios, hutch parker entertainment, joel b. michaels productions, tsg entertainment",United States of America,"English, Fran√ßais, Deutsch, P—É—Å—Å–∫–∏–π, Espa√±ol, T√ºrk√ße","Jean-Yves Cylly, Tiffany Gray, Julianne Nicholson, Marthe Keller, Jon Bernthal, Adrian Martinez, Ryan Chilcote, Christy Meyer, Anna Francolini, Lars Anund Larsson, Alice Hewkin, Bettina Kenney, Eli James, Nick Mills, Laurence Fishburne, Rachel Brosnahan, David Mills, Tammie Rhee, Holt McCallany, Rami Malek, Marc Rissmann, Doug Cockle, Micha√´l Troude, Evan Milton, Michael Monicatti, Lanna Joffrey, Christophe Dupuis, Caitr√≠ona Balfe, Tom Clarke Hill, Danny Sapani, Anita Anand, Kate Sumpter, J√©r√©my Lagniez, Barbara Probst, Joseph Millson, Michael Stuhlbarg, Henri Faudou, Philippe De Grossouvre, Lily Sinko, Henry Garrett",James Hawes,Martin Ruhe,"Ken Nolan, Robert Littell, Gary Spinelli","Hutch Parker, Rami Malek, Jonathan Hook, Joel B. Michaels, Dan Wilson",Volker Bertelmann,6.5,85370,/SNEoUInCa5fAgwuEBMIMBGvkkh.jpg,4,2025,15,the amateur,thunderbolts*,"early access (1), blank (53), vod (1), 4k uhd (1), blu-ray (1), internet (2)",53,2,59,0.03,no,no
24428,The Avengers,7.847,33870,Released,2012-04-25,1518815515,143,220000000,tt0848228,en,The Avengers,"When an unexpected enemy emerges and threatens global safety and security, Nick Fury, director of the international peacekeeping agency known as S.H.I.E.L.D., finds himself in need of a team to pull the world back from the brink of disaster. Spanning the globe, a daring recruitment effort begins!",37.4148,Some assembly required.,"Science Fiction, Action, Adventure",marvel studios,United States of America,"English, ‡§π‡§ø‡§®‡•ç‡§¶‡•Ä, P—É—Å—Å–∫–∏–π","Brent Reichert, Fernanda Toker, Joti Nagra, Jamie McShane, Chris Evans, Gina Sarno, Tom Hiddleston, Warren Kole, Momoko Komatsu, Ricardo Andres, Caleb Pieplow, Mark Ruffalo, Robert Downey Jr., Harry Dean Stanton, Seth Zielicke, Tai Urban, Robert P. Thitoff, M'laah Kaur Singh, Jenny Agutter, Jesse Garc√≠a, Cobie Smulders, Scarlett Johansson, Paul Bettany, Robin Swoboda, Pat Kiernan, Christina Shaffer, Jerry Lee Tucker, Jerzy Skolimowski, Holly Neelie, Andrea-Nichole Olivas, Jason Botsford, Andrea Vecchio, Rick Dremann, Rod Fielder, Jaime Powers, Romy Rosemont, Enver Gjokaj, Damion Poitier, Dieter Riesle, Kelley Robins Hicks, Kimberly J. Mahoney, Stan Lee, Josh Cowdery, William-Christopher Stephens, Shane Thompson, Alicia Sixtos, Martin Palmer, Jeremy Orr, Tina Grimm, Logan Bennett, Yumiko Komatsu, Michael McMillan, Robert Dean, Ashley Johnson, Alex DeCourville, Alexis Denisof, Gwyneth Paltrow, Demoine Kinney, Alexander Christopher Jones, Carmen Dee Harris, Alexander Daniel Pimentel, Lou Ferrigno, Arthur Darbinyan, Samuel L. Jackson, Sean Meehan, James Eckhouse, Mike Karban, Jeremy Renner, Colin Strause, Kelly Ruble, Eric Frank, Maximiliano Hern√°ndez, Frank Powers, Evan Kole, Annette Lawless, Walter Perez, Douglas Slygh, Maria Perossa, Rashmi Rustagi, Thomas Roberts, Gene N. Chavez, Stellan Skarsg√•rd, Layla Cushman, Caleb Daniel Noal, Michael Zhang, Jorge Mardel, Donald Li, Nate Paige, Israel Hall, Jillian Morgese, Sharita Bone, Robert B. Schneider IV, Jeff Wolfe, Andrew Knode, Chris Hemsworth, Kirill Nikiforov, Brent McGee, Tina Benko, Robert Clohessy, Mayank Bhatter, Sandra Weston, Mary Kate Campbell, George Thomas, Katsumi Komatsu, Catherine Anderson, Hank Amos, Kenneth Tigar, Clark Gregg, Powers Boothe, Todd Manes, Chris Vaina, Jeff Seich",Joss Whedon,Seamus McGarvey,"Stan Lee, Joss Whedon, Joe Simon, Jack Kirby, Zak Penn","Alan Fine, Jeremy Latcham, Kevin Feige, Victoria Alonso, Jon Favreau, Stan Lee, Avi Arad, Chris Brigham, Louis D'Esposito",Alan Silvestri,8.0,1532938,/RYMX2wcKCBAr24UyPD7xwmjaTn.jpg,4,2012,17,the avengers,the avengers,"los angeles, california (1), premiere (1), blank (83), tribeca film festival (1), catalina film festival (1), greek film archive (1), dvd and blu-ray premiere (1), beijing international film festival (2), 3-d version (1), imax re-release (1), disney+ premiere (1)",83,0,94,0.0,no,no
532408,The Boogeyman,6.4,1005,Released,2023-05-31,82344833,99,35000000,tt3427252,en,The Boogeyman,"Still reeling from the tragic death of their mother, a teenage girl and her younger sister find themselves plagued by a sadistic presence in their house and struggle to get their grieving father to pay attention before it‚Äôs too late.",3.1625,It's not real. It's not real. It's not real.,Horror,"21 laps entertainment, 20th century studios",United States of America,English,"David Dastmalchian, Maisie Bogert, Aadyn Encalarde, Noah Brand, LisaGay Hamilton, Madison Hu, Ellie Bogert, Marin Ireland, Leeann Ross, Shauna Rappold, Sophie Thatcher, Chris Messina, Rio Sarah Machado, Mabel Tyler, Maddie Nichols, Shayla Bagir, Seylan Baxter, Han Soto, Cristala Carter, Vivien Lyra Blair",Rob Savage,Eli Born,"Stephen King, Bryan Woods, Scott Beck, Mark Heyman","Dan Levine, Adam Kolbrenner, Scott Beck, Bryan Woods, John H. Starke, Ryan H. Cunningham, Dan Cohen, Robyn Meisinger, Shawn Levy, Emily Morris",Patrick Jonsson,5.9,52449,/pYwZdnXVnVxAr7dx4MEK7tTK9gI.jpg,5,2023,22,the boogeyman,guardians of the galaxy vol. 3,"blank (41), early access (1), internet (1)",41,1,43,0.02,no,no
22970,The Cabin in the Woods,6.64,8241,Released,2012-04-12,71038838,95,30000000,tt1259521,en,The Cabin in the Woods,"Five friends set out for a weekend at a remote cabin in the woods, expecting nothing more than fun and relaxation. As night falls, they discover that something far more unsettling is at work and that nothing about their getaway is what it seems.",12.2566,You think you know the story.,"Horror, Mystery, Comedy",mutant enemy productions,United States of America,"English, Êó•Êú¨Ë™û","Emili Kawashima, Miku Katsuura, Alicia Takase Lui, Lori Stewart, Jodelle Ferland, Tom Lenk, Patrick Sabongui, Ellie Harvie, Chelah Horsdal, Sara Taira, Brian J. White, Tim DeZarn, Dan Shea, Amy Acker, Kristen Connolly, Peter Kelamis, Heather Doerksen, Maya Massar, Greg Zach, Simon Pidgeon, Jodi Tabuchi, Serena Akane Chi, Matt Phillips, Dan Payne, Matt Drake, Chris Hemsworth, Anna Hutchison, Phillip Mitchell, Jesse Williams, Terry Chen, Terry Notary, Sigourney Weaver, Rukiya Bernard, Nels Lennarson, Phoebe Galvan, Richard Cetrone, Maria Go, Marina Ishibashi, Fran Kranz, Adrian Holmes, Bradley Whitford, Abbey Imai, Alyssandra Yamamoto, Patrick Gilmore, Aya Furukawa, Brad Dryborough, Naomi Dane, Richard Jenkins",Drew Goddard,Peter Deming,"Drew Goddard, Joss Whedon","Joss Whedon, Jason Clark",David Julyan,7.0,482873,/zZZe5wn0udlhMtdlDjN4NB72R6e.jpg,4,2012,15,the cabin in the woods,the avengers,"butt-numb-a-thon film festival (1), south by southwest film festival (1), atlanta film fest (1), dead by dawn horror film festival (1), blank (42), night visions film festival (1), imagine film festival (1), limited (3), neuchâtel international fantastic film festival (1), new zealand film festival (1), old town taito international comedy film festival (2), dvd premiere (4), sitges film festival (1), subtitled version (2), barcelona - phenomena (1), event (1), tv premiere (1), dubbed version (1), event re-release (1)",42,0,67,0.0,no,no
339988,The Circle,5.5,4506,Released,2017-04-27,40651864,110,18000000,tt4287320,en,The Circle,"A young tech worker takes a job at a powerful Internet corporation, quickly rises up the company's ranks, and soon finds herself in a perilous situation concerning privacy, surveillance and freedom. She comes to learn that her decisions and actions will determine the future of humanity.",5.1244,Knowing is good. Knowing everything is better.,"Drama, Thriller, Science Fiction","parkes+macdonald image nation, route one entertainment, playtone, likely story, 1978 films, image nation abu dhabi","United Arab Emirates, United States of America",English,"Amie McCarthy Winn, Jimmy Wong, Poorna Jagannathan, Punnavith Koy, Jason Sheridan, Rob Morris, Steven Klein, Emma Watson, Joey Waronker, Nick Peine, Smith Cho, Hunter Burke, Beck, Ara Woland, Roger Joseph Manning Jr., Michael Dean Russell Jr, Alana Aimaq, Kelli Barksdale, Lauren Baldwin, Glenne Headly, Allyson Nicole Jones, Drew Droege, Regina Saldivar, Jedediah Jenk, Samir Patel, Reverend John Atom, Alan Trujillo, Nick Valensi, Abraham Lim, Judy Reyes, Slim Khezri, Nicola Bertram, Adam Aseem Tiwari, John Boyega, Henry Nolin, Patrick Russo, Ellar Coltrane, Elvy, Bill Paxton, Michael Shuman, Andrew Hwang, Brandon Van Vliet, Nate Corddry, Mele Ihara, Parker Russell, Claudia O'Doherty, Karen Gillan, Ellen Wong, Ken Narasaki, Frederick Koehler, Daniel William Jordan, Jasper Salon, Dez Mabunga, Steven Adkins, Eve Gordon, Matt Van Beck, Sandeep Parikh, Katie Costick, Afsheen Olyaie, Mamoudou Athie, Julian von Nagel, James O'Connor, Troy Murray, Johny Walsh, Jenine Giusto, Melanie Steinmann, Tom Hanks, Lizzie Prestel, Jennifer Fernandez, Amir Talai, Stephen Michael Joseph, Lori Crow, Patton Oswalt, Shandel Love, Derek Sulek",James Ponsoldt,Matthew Libatique,"James Ponsoldt, Dave Eggers","Evan Hayes, Steven Shareshian, Walter F. Parkes, Sally Wilcox, Russell Levine, Tom Hanks, Laurie MacDonald, Gary Goetzman, Peter Cron, Anthony Bregman, Stefanie Azpiazu",Danny Elfman,5.4,104376,/bQVqd5rWrx5GbXhJNuvKy4Viz6j.jpg,4,2017,17,the circle,guardians of the galaxy vol. 2,"tribeca film festival (1), blank (47), internet (1), dvd premiere (2)",47,1,51,0.02,no,no
109091,The Counselor,5.28,1923,Released,2013-10-25,71009334,117,25000000,tt2193215,en,The Counselor,A lawyer finds himself in far over his head when he attempts to get involved in drug trafficking.,3.369,Sin is a choice.,"Thriller, Crime, Drama","fox 2000 pictures, nick wechsler productions, chockstone pictures, tsg entertainment, scott free productions","United States of America, United Kingdom","English, Espa√±ol","Natalie Dormer, Cesar Aguirre, Dar Dash, Richard Brake, Carlos Julio Molina, Alex Hafner, Provence Maydew, Alejandro Marzal, Juan Jos√© Rodr√≠guez, Daniel Holgu√≠n, Julien Vialon, Rosie Perez, Edgar Ram√≠rez, Frank Spano, Lidia Cardona, Goran Vi≈°njiƒá, Alexander Biggie, Richard Cabral, John Leguizamo, Brad Pitt, Javier Bardem, Eben Young, Sam Spruell, Marco Tulio Luna, Bruno Ganz, Chris Obi, Michael Fassbender, Andrea Deck, Toby Kebbell, Cameron Diaz, Pablo Paredes, Pen√©lope Cruz, Emma Rigby, Roger Dalmases, Donna Air, Cavassa Ventura, Fernando Cayo, Max Hausmann, Paris Jefferson, Rub√©n Blades, Giannina Facio, Gerard Monaco, Dean Norris, Barbara Durkin, Velibor Topic",Ridley Scott,Dariusz Wolski,Cormac McCarthy,"Mark Huffam, Cormac McCarthy, Steve Schwartz, Michael Schaefer, Paula Mae Schwartz, Nick Wechsler, Ridley Scott, Michael Costigan",Daniel Pemberton,5.4,108886,/aNiLkGnzVb5CorZHKk16w9S4COt.jpg,10,2013,43,the counselor,thor: the dark world,"london (1), premiere (2), blank (50), internet (1), buenos aires (1), arras film festival (1), blu-ray premiere (1), dvd premiere (1), shanghai international film festival (1), blu-ray release (1)",50,1,60,0.02,no,no
402897,The Death of Stalin,7.0,2027,Released,2017-10-20,24600000,107,13000000,tt4686844,en,The Death of Stalin,"When dictator Joseph Stalin dies, his parasitic cronies square off in a frantic power struggle to become the next Soviet leader. As they bumble, brawl and back-stab their way to the top, the question remains ‚Äî just who is running the government?",1.882,"In the Kremlin, no one can hear you scheme","Comedy, Drama, History","gaumont, quad productions, main journey, france 3 cin√©ma, la compagnie cin√©matographique, panache productions, afpi","Belgium, Canada, France, United Kingdom, United States of America",English,"Steve Buscemi, Jeffrey Tambor, Henry Helm, Sylvestra Le Touzel, Diana Quick, Michael Ballard, Jeremy Limb, Dave Wong, Adam Shaw, Tim Steed, Daniel Tatarsky, Justin Edwards, Nicholas Woodeson, Alla Binieieva, Daniel Smith, Adrian McLoughlin, Alexander Piskunov, June Watson, Daniel Tuite, Jason Isaacs, Andrey Korzhenevskiy, Eva Sayer, Katie McCreedy, Nastya Koshevatskaya, Oleh Drach, Julia Mulligan, Sheng-Chien Tsai, Andrea Riseborough, Elaine Caxton, Adam Ewan, Olga Dadukevich, Gerald Lepkowski, Sergey Korshkov, Alexander Grigorivev, Keely Smith, Ruslav Neupokoev, Olga Kurylenko, Cara Horgan, David Crow, Paul Ready, Paddy Considine, Danya Bochkov, Paul Chahidi, Jonathan Aris, Daniel Chapple, Nastya Karpenko, Michael Palin, Richard Brake, Paul Whitehouse, Alex Harvey-Brown, Rupert Friend, Leeroy Murray, Simon Russell Beale, Andy Gathergood, Nicholas Sidi, Ewan Bailey, Roger Ashton-Griffiths, Ellen Evans, Dan Mersh, Tom Brooke, James Barriscale, Luke D'Silva, Daniel Fearn, Dermot Crowley, Phil Deguara, Emilio Iannucci, Jonny Phillips, George Potts, Karl Johnson, Daniel Booroff, Sebastian Anton",Armando Iannucci,Zac Nicholson,"Ian Martin, Fabien Nury, Thierry Robin, David Schneider, Armando Iannucci","Jean-Christophe Colson, Laurent Zeitoun, Yann Zenou, Kevin Loader, Nicolas Duval Adassovsky",Christopher Willis,7.3,123619,/AqH7q89NxGRDAyRWKqsL3OBtYfV.jpg,10,2017,42,the death of stalin,thor: ragnarok,"toronto international film festival (1), blank (35), torino film festival (1), dubai international film festival (1), limited (2), sundance film festival (1), yerevan (1), göteborg film festival (1), clique film festival (1), portland international film festival (1), luxembourg city film festival (1), barcelona (1), subtitled version (2), premiere (2), madrid (1), toronto (1), hong kong international film festival (1), movies that matter festival (1), dvd premiere (1), transatlantyk film festival (1), video premiere (1), midnight sun film festival (1)",35,0,59,0.0,no,no
345887,The Equalizer 2,6.777,5676,Released,2018-07-19,190400157,121,62000000,tt3766354,en,The Equalizer 2,"Robert McCall, who serves an unflinching justice for the exploited and oppressed, embarks on a relentless, globe-trotting quest for vengeance when his former partner is murdered.",7.9365,There is no equal.,"Action, Thriller, Crime","lonetree entertainment, fuqua films, escape artists, sony pictures, zhiv productions, mace neufeld productions, columbia pictures",United States of America,"ÿßŸÑÿπÿ±ÿ®Ÿäÿ©, English, Fran√ßais, ◊¢÷¥◊ë÷∞◊®÷¥◊ô◊™, Espa√±ol, T√ºrk√ße","Drew Cooper, Elena Capaldi, Antoine de Lartigue, Gabrielle Lorthe, Kazy Tauginas, Nathaniel Chaney, Denzel Washington, Enku Gubaie, Abigail Marlowe, Garrett Golden, David Carrasquillo, Gerry Pucci, Karen Strong, Liam McNeill, GeGe Jackson, Ken Baltin, Junior Cius, Tamara Hickey, Ashton Sanders, Wesley Pereira, Jonathan Scarfe, Rex Baning, Jermaine Holt, Pen√©lope de la Rosa, Arthur Hiou, Jeff Bellin, Melissa Leo, Rhys Olivia Cote, Colin Allen, Andrei Arlovski, Caroline Day, Gloria Papert, Phil Tavares, Johnny L. Hernandez, Alessandra Noelle Rosenfeld, Orson Bean, Donald Cerrone, Lillie Dickens, Maximillian McNamara, Ted Arcidi, Sakina Jaffrey, Tim Doherty, Phyllis Kay, Alican Barlas, Adam Karst, Bill Pullman, Jim Loutzenhiser, Rory Benjamin Smith, Jay Hieron, Miguel Nascimento, Lance Norris, Lance A. Williams, Naheem Garcia, Marley Dauphin, Pedro Pascal, CJ Stuart",Antoine Fuqua,Oliver Wood,"Michael Sloan, Richard Wenk, Richard Lindheim","Jason Blumenthal, Richard Wenk, Molly Allen, Steve Tisch, Antoine Fuqua, Tony Eldridge, Michael Sloan, Mace Neufeld, Todd Black, Alex Siskin, Denzel Washington",Harry Gregson-Williams,6.7,222738,/cQvc9N6JiMVKqol3wcYrGshsIdZ.jpg,7,2018,29,the equalizer 2,ant-man and the wasp,"blank (54), locarno film festival (1), dvd premiere (1), internet (2)",54,2,58,0.03,no,no
804095,The Fabelmans,7.575,2583,Released,2022-11-11,45629909,151,40000000,tt14208870,en,The Fabelmans,"Growing up in post-World War II era Arizona, young Sammy Fabelman aspires to become a filmmaker as he reaches adolescence, but soon discovers a shattering family secret and explores how the power of films can help him see the truth.",3.2115,Capture every moment.,Drama,"amblin entertainment, reliance entertainment",United States of America,"Portugu√™s, English","Seth Rogen, Andrew Goodman, Michelle Williams, Chloe East, Paige Locke, Cooper Dodson, Paul Chepikian, Nicolas Cantu, Molly Renze, Larkin Campbell, Greg Grunberg, Julian Lerma, Nick W. Nicholson, Harper Dustin, David Lynch, Orion Hunter, Jan Hoag, Mason Bumba, Alejandro Fuenzalida, Paul Dano, Judd Hirsch, Sam Rechner, Ari Davis, Carlos Javier Castillo, Julyah Rose, Chandler Lovelle, Robin Bartlett, Cameron Hennings, Caroline Anna-Kaye Green, Trang Vo, Gustavo Escobar, Nicco Caruso, Tia Nalls, Oakes Fegley, Jake Kidwell, Jeannie Berlin, Gabriel LaBelle, April Elize, Taylor Stone, Art Bonilla, Marissa McBride, Alex Quijano, Rob Shiells, Colt Carville, Birdie Borria, Samantha Rose Gomez, Jonathan Moorwood, Ezra Buzzington, Seth Fuentes, Lucy Schmidt, Cat Heinen, Cody Mitchell Key, Nicole Singh, Adriel Porter, James Urbaniak, Brandon Keith Rogers, Julia Butters, Crystal the Monkey, Gabriel Bateman, Stephen Matthew Smith, Vera Myers, Lane Factor, Kendal Evans, Cody Miller, Mateo Zoryan Francis-DeFord, Sophia Kopera, Mary M. Flynn, Meredith VanCuyk, Malachi Mickelonis, Sarah Hamilton, Connor Trinneer, Phoebe Grant, Nicole Alicia Xavier, Keeley Karsten, Isabelle Kusman, Alina Brace, Brinly Marum, Kalama Epstein, Max David Weinberg, Jared Becker, Nikolai Bazan, Paige Robberstad, Ure Egbuho",Steven Spielberg,Janusz Kami≈Ñski,"Steven Spielberg, Tony Kushner","Steven Spielberg, Tony Kushner, Kristie Macosko Krieger, Josh McLaglen, Carla Raij",John Williams,7.5,131276,/h7llKkqkkJtJrTOaDLuVeUYDQ7I.jpg,11,2022,45,the fabelmans,black panther: wakanda forever,"toronto international film festival (1), grand lyon film festival (1), rome film festival (1), opening film (2), thessaloniki international film festival (1), afi fest (1), miami film festival (1), moma - the contenders (1), closing night film (1), miami film festival gems (1), limited (2), tallinn black nights film festival (1), cairo international film festival (1), lisbon & sintra film festival (1), blank (50), barcelona - academia de cine (1), closing film (1), tromsø international film festival (1), ostend film festival (1), berlin international film festival (1), kosmorama trondheim international film festival (1), screenwave international film festival (1), internet (1)",50,1,74,0.01,no,no
617126,The Fantastic Four: First Steps,7.081,2317,Released,2025-07-23,520652419,115,200000000,tt10676052,en,The Fantastic 4: First Steps,"Against the vibrant backdrop of a 1960s-inspired, retro-futuristic world, Marvel's First Family is forced to balance their roles as heroes with the strength of their family bond, while defending Earth from a ravenous space god called Galactus and his enigmatic Herald, Silver Surfer.",114.2105,Welcome to the family.,"Science Fiction, Adventure, Action","marvel studios, kevin feige productions",United States of America,"English, ozbek","Savannah Ffrench, Julia Garner, Rebecca Staab, Mather Zickel, Krysten Peck, Alex J Sturman, Nahum McLean, Edward Bennett, Dana Myzer, Russ Whismore, Kasra Farahani, Ortis Deley, Isaiah Oyedele, Joseph Davidson, Nathaniel Brimmer-Beller, Iverson Yabut, Isla McRae, Dale Mathurin, Vienna Norris, Ebon Moss-Bachrach, Greg Haiste, Louis Sparks, Mark Weinman, Lizzie Clarke, Martin Wilkinson, Ankur Bahl, Eric Stroud, John Schwab, Dede Ma, Michael Bailey Smith, Vanessa Kirby, Ralph Ineson, Richard Summers-Calvert, Arina Ii, Kiff VandenHeuvel, Robert Downey Jr., Sarah Niles, Fintan Shevlin, Cecilia Blair, Iliana Norris, Corey Burton, Grace Durkin, Redmand Rance, Mark Gatiss, Ecow Smith-Asante, Jay Underwood, Maisie Shakman, Macaulay Cooper, Paul Walter Hauser, Riotafari Gardner, Bertie Caplan, Aamaya Oyedele, Pedro Pascal, Hunter del Valle Marfo, Joseph Quinn, Matthew Wood, Max Lester, Firdous Bamji, Ihla Omohegbe, Sarah Mardel, Alex Hyde-White, Simon Thorp, Ada Scott, Florence Odumosu, Angela Jones, Jack Parker, Natasha Lyonne, Cheyenne Dasri, Patrick Miller, Patricia Garc√≠a Rodr√≠guez",Matt Shakman,Jess Hall,"Jeff Kaplan, Stan Lee, Eric Pearson, Josh Friedman, Jack Kirby, Ian Springer, Kat Wood","Kevin Feige, Robert Kulzer, Grant Curtis, Louis D'Esposito, Tim Lewis",Michael Giacchino,7.0,194620,/cm8TNGBGG0aBfWj0LgrESHv8tir.jpg,7,2025,30,the fantastic four: first steps,the fantastic four: first steps,"bogotá (1), premiere (2), madrid (1), fan event (2), blank (54), internet (2), dvd and blu-ray premiere (1)",54,2,63,0.03,no,no
337339,The Fate of the Furious,6.861,10587,Released,2017-04-12,1236000000,136,250000000,tt4630562,en,The Fate of the Furious,"When a mysterious woman seduces Dom into the world of crime and a betrayal of those closest to him, the crew face trials that will test them as never before.",7.0405,Never give up on family.,"Action, Crime, Thriller","original film, one race, universal pictures",United States of America,"English, Espa√±ol","Eden Estrella, Elsa Pataky, Charles Poole, Olek Krupa, Pauline Nowakowski, Scott Proctor, Megan Marie Wilson, Zac Henry, Anna Duvall, Jaci Grace Edwards, Joe Fishel, Corey Maher, Vin Diesel, Michelle Rodriguez, Mya Levels, Kristofer Hivju, Alexander Babara, Friday Chamberlain, Anna MacKenzie Rogers, Jason Rhymer, Taylor Donaldson, Jordan Price, Celestino Cornielle, Don Omar, Oleg Prudius, James Ayoub, Brenda Nu√±ez L√≥pez, Nick Gracer, Zachary Vazquez, Andre Pushkin, √ñzcan √ñzdemir, Reese Edwards, Gary Lee Vincent, Yuliya Zelenskaya, Peter Hansen, Roberts Jekabsons, Karin Boesler, D66, Scott Hunter, Santiago Solis Chavez, Matthew Cornwell, William Cowboy Reed, Ludacris, Luke Evans, Jason Statham, Caroline Kimmel, Anita Farmer Bergman, Marina Lyn Serra, Carrie Lee Consolino, Lisandra Delgado, Branislav R. Tataloviƒá, Charlize Theron, Todd Cole, Sam Hadid, Madalyn Defler, Gary Weeks, Michael W. Broomer, Jordan Baumer, Gary Lavard, Helen Mirren, Alejandro Bosch, Kim Evans, Ramona Schwalbach, Katherine Kimmel, Carlos De La Hoz, Janmarco Santiago, Patrick St. Esprit, Tyrone C. Wiggins, Doug Stroup, Joyvan Guevara, Myrom Kingery, Apollo GT, Mark Salas, Jon Komp Shin, Tyrese Gibson, Caylin Ingram, Nathalie Emmanuel, Kurt Russell, Scott Eastwood, Jeremy Anderson, Tait Fletcher, Yassie Hawkes, Oren Hawxhurst, Isabel Downing, Alan Tuskes, Dwayne Johnson, Tego Calderon",F. Gary Gray,Stephen F. Windon,"Gary Scott Thompson, Chris Morgan","Vin Diesel, Michael Fottrell, Chris Morgan, Samantha Vincent, Amanda Lewis, Neal H. Moritz",Brian Tyler,6.6,269366,/dImWM7GJqryWJO9LHa3XQ8DD5NH.jpg,4,2017,15,the fate of the furious,guardians of the galaxy vol. 2,"berlin (1), premiere (1), blank (68), oran ciné gold printemps (1), colombo (1), blu-ray release (1)",68,0,73,0.0,no,no
394117,The Florida Project,7.4,2963,Released,2017-10-06,11303040,112,2000000,tt5649144,en,The Florida Project,"The story of a precocious six year-old and her ragtag group of friends whose summer break is filled with childhood wonder, possibility and a sense of adventure while the adults around them struggle with hard times.",2.8551,Find your kingdom.,Drama,"cre film, freestyle picture company, june pictures",United States of America,"English, Portugu√™s, Espa√±ol","Bronwyn Valley, Kelly Fitzgerald, Edward Pagan, Carl Bradfield, Joop Katana, Aiden Malik, Macon Blair, Jasineia Ramos, Josie Olivo, Sonya McCarter, Bria Vinaite, Terry Allen Jones, Carolina Grabova, Marisol Rivera, Angel Garcia, Betty Jeune, Giovanni Rodriguez, Gary B. Gross, Jim R. Coleman, Brooklynn Prince, Krystal Nicole Watts, Kit Sullivan, Willem Dafoe, Hannah Peterson, Sandy Kane, Christopher Rivera, Adina Sutton, Cecilia Quinan, Karren Karagulian, Joanne Moreno, Valeria Cotto, Jason Blackwater, Mela Murder, Shih-Ching Tsou, John Sutton, Caleb Landry Jones, Rosa Medina Perez, Troy Kohlmaier, Patti Wiley, Ginger Cook, Lauren O'Quinn, Sabina Friedman-Seitz, Latanya Ortiz, Andrew Romano, Shail Kamini Ramcharan",Sean Baker,Alexis Zab√©,"Sean Baker, Chris Bergoch","Sean Baker, Andrew Duncan, Darren Dean, Kevin Chinoy, Chris Bergoch, Francesca Silvestri, Alex Saks, Shih-Ching Tsou, Elayne Schneiderman Schmidt",Lorne Balfe,7.6,143596,/bnSTP1PY2fDyat0eUa4QouuGV7F.jpg,10,2017,40,the florida project,thor: ragnarok,"cannes directors' fortnight (1), champs-élysées film festival (1), toronto international film festival (1), athens film festival (1), donostia-san sebastián international film festival (1), zurich film festival (1), new york film festival (1), edmonton international film festival (1), maitland, florida (1), premiere (2), adelaide film festival (1), rio de janeiro international film festival (1), aspen film festival (1), limited (1), vancouver international film festival (1), hamptons international film festival (1), mill valley film festival (1), cph: pix (1), haifa film festival (1), hamburg film festival (1), mumbai film festival (1), toronto (1), bfi london film festival (1), busan international film festival (1), heartland film festival (1), twin cities film festival (1), philadelphia international film festival (1), vienna international film festival (1), american film festival (1), filmcolumbia festival (1), blank (43), los cabos international film festival (1), ljubljana international film festival (1), taipei golden horse film festival (1), stockholm international film festival (1), tallinn black nights film festival (1), paris (1), singapore international film festival (1), torino film festival (1), international film festival & awards macao (1), international film festival rotterdam (1), pac festival (1), iffr in groningen (1), american independence film festival (1), hong kong international film festival (1), 4k version (1), beijing international film festival (1), cyprus film days international festival (1), movies that matter film festival (1), internet (2), rtp 2 (1), tv premiere (1), dvd premiere (1), blu-ray release (1), re-release (2)",43,2,100,0.02,no,no
328425,The Gift,6.7,3366,Released,2015-07-31,58978653,108,5000000,tt4178092,en,The Gift,Simon and Robyn are a young married couple whose life is going as planned until a chance run-in with Simon's high school acquaintance sends their world into a tailspin.,2.7425,Not every gift is welcome.,"Thriller, Mystery, Drama","blumhouse productions, blue-tongue films, ahimsa films","Australia, United States of America",English,"Susan May Pratt, Allison Tolman, Rebecca Hall, Laura Drake Mancini, Darren P. Leis, Beau Knapp, Adam Lazarre-White, Mirrah Foulkes, Felicity Price, David Denman, Busy Philipps, Jason Bateman, David Joseph Craig, P.J. Byrne, Joel Edgerton, Melinda Allen, Katie Aselton, Nash Edgerton, Wendell Pierce, Tim Griffin",Joel Edgerton,Eduard Grau,Joel Edgerton,"Rebecca Yeldham, Jeanette Volturno, Oren Aviv, Robert Simonds, Couper Samuelson, Joel Edgerton, Luc Etienne, Adam Fogelson, Jason Blum","Danny Bensi, Saunder Jurriaans",7.0,182465,/kH3qLP8pn68Xq5XwvmPkCyaAU7W.jpg,7,2015,31,the gift,ant-man,"los angeles, california (1), premiere (2), blank (41), sitges international fantastic film festival (1), leiden international film festival (1), internet (2), madrid (1), pontevedra (1), dvd premiere (3), blu-ray premiere (1), barcelona (1)",41,2,55,0.04,no,no
346685,The Girl on the Train,6.441,5877,Released,2016-10-05,173200000,112,45000000,tt3631112,en,The Girl on the Train,"Rachel Watson, devastated by her recent divorce, spends her daily commute fantasizing about the seemingly perfect couple who live in a house that her train passes every day, until one morning she sees something shocking happen there and becomes entangled in the mystery that unfolds.",2.7671,What you see can hurt you.,"Crime, Mystery, Thriller","reliance entertainment, dreamworks pictures, marc platt productions","India, United States of America","Espa√±ol, English","Gregory Morley, Eddie Sellner, Craig Moruzzi, Laura Prepon, Kristina Nichole, Tamiel Paynes, Conor Hovis, Ross Gibby, Athena Stuebe, John Norris, Rachel Christopher, Johnny Otto, Tim Wiencis, Luke Evans, Peter Mayer-Klepchick, Guy Sparks, Haley Bennett, Kevin D. McGee, Emily Blunt, Doris McCarthy, Phil Oddo, Leilah Marie Giddens, Darren Goldstein, Fernando Medina, Rebecca Ferguson, Jesse VanDerveer, Alexander Jameson, Alice Niedermair, Justin Theroux, Nathan Shapiro, Sidney Beitz, Danielle M. Williamson, Lana Young, Frank Anello, Mauricio Ovalle, Edgar Ram√≠rez, Hannah Kurczeski, Cleta Elaine Ellington, Lisa Kudrow, Mac Tavares, Allison Janney",Tate Taylor,Charlotte Bruus Christensen,"Erin Cressida Wilson, Paula Hawkins","Marc Platt, Celia D. Costas, Kathleen Kennedy, Frank Marshall, Jared LeBoff",Danny Elfman,6.5,208424,/AhTO2QWG0tug7yDoh0XoaMhPt3J.jpg,10,2016,40,the girl on the train,doctor strange,"london (1), premiere (2), new york city, new york (1), blank (56)",56,0,60,0.0,no,no
725201,The Gray Man,6.9,3977,Released,2022-07-13,454023,129,200000000,tt1649418,en,The Gray Man,"When a shadowy CIA agent uncovers damning agency secrets, he's hunted across the globe by a sociopathic rogue operative who's put a bounty on his head.",5.5584,No identity. No limits. No mercy.,"Action, Thriller","agbo, roth-kirschenbaum films",United States of America,"ƒåesk√Ω, English, Fran√ßais, Deutsch, ‡∏†‡∏≤‡∏©‡∏≤‡πÑ‡∏ó‡∏¢","Shea Whigham, Bel√©n Cusi, Reg√©-Jean Page, Daz Crawford, Emanuel Felix, Billy Bob Thornton, Charlit Dae, Callan Mulvey, Kaipo Schwab, Mari√°n Mita≈°, Isaac Stephen Montgomery, Cameron Crovetti, Adam Bartlett, Alexandr Minajev, Patrick Newall, Grace Russo, Chris Evans, Michel Carliez, Paul Abell, Angela Russo-Otstot, Michelle Twarowska, Steffen Aaron Dziczek, Kate Blumberg, Andy Watts, Jimmy Jean-Louis, Steffen Oziczek, Joe Daru, Wagner Moura, Karen Jin Beck, Swen Gillberg, Ian Stone, Maria Darkina, Anthony J. Vorhies, ≈†tƒõp√°n Radina, R. Ben Parker, Gordon Tarpley, Jessica Henwick, Steven Sievert, Faouzi Brahimi, Kat Leroy, Dennis Kunkel, Marc Forget, Boone Platt, Gee Alexander, Becky Wu, Justin Walker White, Ryan Gosling, Dhanush, Faye Nightingale, Siri Schwartzberg, Michael Anthony Rogers, Brent McGee, Alfre Woodard, Dana Aliya Levinson, Julia Butters, William Barkley, Matthew Bellows, Petr Semer√°d, Oleg Kim, Deobia Oparei, Karel He≈ôm√°nek, Lia Mariella Russo, Jeremy Tichy, Joe Russo, Ana de Armas, Nadiv Molcho, Quinn R. Somasavachai, Kendall Wells, Camille Marquez, Irina Aylyarova, Eme Ikwuakor, Chris Castaldi, Robert Kazinsky, Martin Harris","Joe Russo, Anthony Russo",Stephen F. Windon,"Joe Russo, Stephen McFeely, Mark Greaney, Christopher Markus","Angela Russo-Otstot, Jake Aust, Anthony Russo, Christopher Markus, Palak Patel, Joe Russo, Mike Larocca, Jeff Kirschenbaum, Joe Roth, Stephen McFeely, Chris Castaldi, Patrick Newall, Zack Roth, Geoffrey Haley",Henry Jackman,6.5,265597,/8cXbitsS6dWQ5gfMTZdorpAAzEH.jpg,7,2022,28,the gray man,thor: love and thunder,"blank (3), limited (7), los angeles (1), premiere (1), cinema paradiso festival (1), internet (29)",3,29,42,0.69,yes,no
559907,The Green Knight,6.606,2067,Released,2021-07-29,18887953,130,15000000,tt9243804,en,The Green Knight,"An epic fantasy adventure based on the timeless Arthurian legend, The Green Knight tells the story of Sir Gawain, King Arthur's reckless and headstrong nephew, who embarks on a daring quest to confront the eponymous Green Knight, a gigantic emerald-skinned stranger and tester of men.",5.9447,When honor was everything.,"Adventure, Drama, Fantasy","a24, bron studios, sailor bear, ley line entertainment, wild atlantic pictures","Canada, Ireland, United States of America",English,"Lucy Waters, Kate Dickie, Megan Tiernan, Emmet O'Brien, Sarita Choudhury, Isabel Friosi, Emilie Hetland, Patrick Duffy, Noelle Brown, Joe Anderson, Tom Leavey, Dev Patel, Youssef Quinn, Sam Uppal Lynch, Ralph Ineson, Helena Browne, Janet Grene, Stuart Mackey, Joel Edgerton, Hannah Sjoden, Tara Mae, Alicia Vikander, Chris McHallem, Brendan Conroy, Atheena Frizzell, Anthony Morris, Ethan Dillion, Nita Mishra, Rose Patel, Rachel Quinn, Donncha Crowley, Aaron Edo, Andrea Deaskovic, Melinda Dempsey, Erin Kellyman, Aoife Gaffney, Ruth Patel, Ana√Øs Rizzo, Barry Keoghan, Adam Karim, Sean Harris, Aoibheann Garry",David Lowery,Andrew Droz Palermo,David Lowery,"Jason Cloth, Tim Headington, Tomas Deckaj, James M. Johnston, Eoin Egan, Theresa Page, Macdara Kelleher, Edmund Sampson, David Lowery, Aaron L. Gilbert, Toby Halbrooks",Daniel Hart,6.6,128444,/if4hw3Ou5Sav9Em7WWHj66mnywp.jpg,7,2021,30,the green knight,black widow,"blank (38), internet (9), odesa international film festival (1), karlovy vary international film festival (1), helsinki international film festival (1), blu-ray release (1), closing film (1), sitges film festival (1), camerimage international film festival (1), film festival ghent (1), limited (1)",38,9,56,0.16,no,no
67913,The Guard,7.0,1316,Released,2011-07-07,19560274,96,6000000,tt1540133,en,The Guard,"When a small-town Irish cop with a crass personality is partnered with a straight-laced FBI agent to bust an international drug-trafficking ring, they must settle their differences in order to take down a dangerous gang.",5.5333,The FBI are about to discover that things work a little differently around here.,"Action, Comedy, Thriller, Crime","prescience, uk film council, reprisal films, aegis film fund, element pictures, crescendo productions, eds pictures, f√≠s √âireann/screen ireland","Ireland, United Kingdom, United States of America","Gaeilge, English","Conor Moloney, David Pearse, Rory Keenan, Fionnula Flanagan, Liam Cunningham, Brendan Gleeson, M√≠che√°l √ìg Lane, Pat Shortt, Dominique McElligott, Darren Healy, Laurence Kinlan, Owen Sharpe, Laura Hitchings, Mark Strong, Gary Lydon, Katarina ƒåas, Don Cheadle, David Wilmot, Wale Ojo, Mark O'Halloran, Sarah Greene",John Michael McDonagh,Larry Smith,John Michael McDonagh,"Martin McDonagh, Flora Fern√°ndez-Marengo, Chris Clark, Ed Guiney, Andrew Lowe","Joey Burns, Calexico, John Convertino",7.3,100276,/dtQiStID0le2EMTmJXupPRybARB.jpg,7,2011,27,the guard,captain america: the first avenger,"sundance film festival (1), berlin international film festival (1), blank (21), limited (1), empire big screen (1), toronto (1), greek film archive (1), helsinki international film festival (1), dinard festival of british cinema (1), rio de janeiro international film festival (1), ljubljana international film festival (1), stockholm international film festival (1), oslo international film festival (1), osaka european film festival (1), les arcs international film festival (1), blu ray release (1), dvd premiere (3), eu film days (1), tv release (1)",21,0,41,0.0,no,no
8645,The Happening,5.397,3798,Released,2008-06-11,163403799,90,60000000,tt0949731,en,The Happening,"When a deadly airborne virus threatens to wipe out the northeastern United States, teacher Elliot Moore and his wife Alma flee from contaminated cities into the countryside in a fight to discover the truth. Is it terrorism, the accidental release of some toxic military bio weapon -- or something even more sinister?",7.062,We've sensed it. We've seen the signs. Now...it's happening.,"Thriller, Science Fiction","20th century fox, utv motion pictures, spyglass entertainment, blinding edge pictures, dune entertainment iii","United States of America, India","English, Fran√ßais","Edward James Hyland, Mark Wahlberg, Victoria Clark, Frank Collison, Keith Bullard, Robert Bizik, Greg SmithAldridge, Kerry O'Malley, Jann Ellis, Robert Bailey Jr., Brian Anthony Wilson, Wes Heywood, Zooey Deschanel, Kirk Penberthy, M. Night Shyamalan, Lisa Furst, St√©phane Debac, Jeremy Strong, Alex Van Kooy, Eoin O'Shea, Whitney Sugarman, Ashlyn Sanchez, Alex Harz, Marc H. Glick, Carmen Bitonti, Don Castro, Shayna Levine, Bill Shusta, James Breen, Roberto Lombardi, Spencer Breslin, Betty Buckley, John Ottavino, Sophia Burke, Michael Quinlan, Alex Craft, Alison Folland, Greg Wood, Julia Yorks, Cornell Womack, Peter Appel, Derege Harding, Allie Habberstad, Stephen Singer, Kristen Connolly, Lyman Chen, Adam Schoon, Curtis McClarin, Brian O'Halloran, Charlie Saxton, Mary Ellen Driscoll, Nancy Sokerka, Robert Lenzi, Ashley Brimfield, Rich Chew, Joel de la Fuente, Bill Chemerka, Lee Squire, Ukee Washington, Cyrille Thouvenin, Rick Foster, Alicia Warrington, Sid Doherty, Megan Grace, John Leguizamo, Kathy Hart, Mara Hobel, Armand Schultz, Alan Ruck, Babita Hariani",M. Night Shyamalan,Tak Fujimoto,M. Night Shyamalan,"John Rusk, Gary Barber, Ronnie Screwvala, Jose L. Rodriguez, Barry Mendel, Deven Khote, Roger Birnbaum, Sam Mercer, Zarina Screwvala, M. Night Shyamalan",James Newton Howard,5.0,224995,/fP4nBrtmc0teSDDHzYmDE7TLQBT.jpg,6,2008,24,the happening,the incredible hulk,"new york city, new york (1), premiere (2), blank (52), french speaking region (1), german speaking region (1), tokyo (1), limited (1), blu-ray release (1), blu ray release (1)",52,0,61,0.0,no,no
695721,The Hunger Games: The Ballad of Songbirds & Snakes,6.999,3250,Released,2023-11-15,337371917,157,100000000,tt10545296,en,The Hunger Games: The Ballad of Songbirds & Snakes,"64 years before he becomes the tyrannical president of Panem, Coriolanus Snow sees a chance for a change in fortunes when he mentors Lucy Gray Baird, the female tribute from District 12.",6.4161,Everyone hungers for something.,"Drama, Science Fiction, Adventure, Action","lionsgate, color force, about:blank, studio babelsberg","Germany, United States of America",English,"Josh Rivera, Vaughan Reilly, Max Raphael, Scott Folan, Clemens Schick, Samia Hofmann, Burn Gorman, Florian Burgkart, Tim Torok, Irene B√∂hm, Cameron MacConomy, Kyra Reinert, Luna Steeples, Am√©lie Hoeferle, Steven McMichael, Riley Chung, Kjell Brutscheidt, Honor Gillies, Viola Davis, Dexter Sol Ansell, Dakota Shapiro, Ghaith Saleh, Ayomide Adegun, Zo√´ Renee, Aamer Husain, Jonas Martens, Luna Kuse, Mackenzie Lansing, Emma Frieda Br√ºggler, Nick Benson, Konstantin Taffet, Yalany Marschner, Knox Gibson, Hunter Schafer, Marc Aden Gray, Mona Vojacek Koper, Joshua Kantara, Carl Spencer, Isobel Jesper Jones, Peter Dinklage, Athena Strates, Daniela Grubert, Tom Blyth, Jerome Lance, Aaron Finn Schultz, Flora Thiemann, Dimitri Abold, Hiroki Berrecloth, Levi Strasser, Lilly Cooper, Denise Hansen, George Somner, Varvara Kanellakopoulou, Jason Schwartzman, Serena Oexle, Chieloka Jairus, Ashley Liao, Seyna Sylla, Anni Baumann, Mekyas Mulugeta, Cooper Dillon, Kaitlyn Akinpelumi, Sofia Sanchez, Raphael Zari, Rachel Zegler, Kittipong Ace Cunjanagan, Aminata Lucia Yade Toscano, Eike Onyambu, Michael Greco, Rosa Gotzler, Fionnula Flanagan",Francis Lawrence,Jo Willems,"Michael Lesslie, Suzanne Collins, Michael Arndt","Nina Jacobson, Francis Lawrence, Suzanne Collins, Jim Miller, Tim Palen, Mika Saito, Brad Simpson",James Newton Howard,6.6,171683,/lrkOYL5GBTFW9cgs9RlojxAcZZF.jpg,11,2023,46,the hunger games: the ballad of songbirds & snakes,the marvels,"lucca comics & games (1), premiere (2), bfi imax waterloo (1), blank (50)",50,0,54,0.0,no,no
290595,The Huntsman: Winter's War,6.285,4929,Released,2016-04-06,164989338,114,115000000,tt2381991,en,The Huntsman: Winter's War,"As two evil sisters prepare to conquer the land, two renegades‚ÄîEric the Huntsman, who aided Snow White in defeating Ravenna in Snowwhite and the Huntsman, and his forbidden lover, Sara‚Äîset out to stop them.",4.6872,The story before Snow White.,"Action, Adventure, Drama","roth films, universal pictures, perfect world pictures","United States of America, China",English,"Nick Frost, David Mumeni, Annie Guy, Sheridan Smith, ·π¢·ªçp·∫πÃÅ D√¨r√≠s√π, Natahlia Colbourne, Sam Coulson, Tim Delap, Charlize Theron, Jessica Chastain, George Watkins, Colin Morgan, Sophie Cookson, Ryan Donaldson, Eshan Gopal, Conrad Khan, Amelia Crouch, Emily Blunt, Fred Tatasciore, Robert Portal, Karl Farrer, Chris Hemsworth, Maya Wasowicz, Kristen Stewart, Sam Hazeldine, Kara Lily Hayworth, Liam Neeson, Osi Okerafor, Nana Agyeman-Bediako, Chinna Wodu, Antony Acheampong, Aj Bediako, Alexandra Roach, Madeleine Worrall, Niamh Walter, Ralph Ineson, Andrew Rothney, Sam Claflin, Rob Brydon, Ian Davies, Lynne Wilmot, Robert Wilfort, Yusuf Hofri, Jadey Duffield",Cedric Nicolas-Troyan,Phedon Papamichael,"Evan Spiliotopoulos, Evan Daugherty, Craig Mazin","Palak Patel, Joe Roth, Sarah Bradshaw",James Newton Howard,6.1,125271,/ekHPrneEoa1EoDclWdillOKznqM.jpg,4,2016,14,the huntsman: winter's war,captain america: civil war,"hamburg (1), premiere (3), blank (75), limited (1), los angeles, california (1), dvd premiere (3), chofu film festival (1)",75,0,85,0.0,no,no
1724,The Incredible Hulk,6.225,12321,Released,2008-06-12,264770996,114,150000000,tt0800080,en,The Incredible Hulk,"Scientist Bruce Banner scours the planet for an antidote to the unbridled force of rage within him: the Hulk. But when the military masterminds who dream of exploiting his powers force him back to civilization, he finds himself coming face to face with a new, deadly foe.",8.9864,You'll like him when he's angry.,"Science Fiction, Action, Adventure","marvel studios, valhalla motion pictures, marvel entertainment",United States of America,"Portugu√™s, Espa√±ol, English","Jonathan Lipow, Jee-Yun Lee, P.J. Kerr, Carlos A. Gonzalez, Tim Blake Nelson, John Atkin, Scott Magee, Scott Murphy, Todd Hofley, Raimundo Camargo Nascimento, Tamsen McDonough, Jon Cesar, David L. Marston, Chris Owens, Rick Cordeiro, Liv Tyler, Tim Roth, Robin Wilcock, Tony Nappo, Tre Smith, Jason Burke, D√©bora Nascimento, Bill Bixby, Martin Starr, Adrian Hein, Julio Cesar Torres Dantas, J.D. Hall, Lenka Matuska, DI MacDonald, Aaron Berg, Javier Lambert, Deshaun Clarke, JB Blanc, Carla Nascimento, John Carvalho, Joris Jarsky, Genelle Williams, Nick Stankevich, Jay Hunter, Brandon Cruz, David Collins, Kieran Gallant, Jim Annan, Stephen Broussard, Wayne Robson, Joe La Loggia, Jeffrey W. Pike, Jason Hunter, Richard D. Leko, Billy Parrott, John Campea, Lou Ferrigno, Nick Alachiotis, Michael Kenneth Williams, Nicholas Rose, James Downing, Simon Wong, Arnold Pinnock, Paul Soles, Desmond Campbell, Imali Perera, Peter Mensah, Wes Berger, J.A. Worthington, Greg Bryk, Moses Nyarko, Maxwell McCabe-Lokos, Ty Burrell, Stephen Gartner, Dave Kiner, Kristina Pesic, Yan Regis, Matt Purdy, Fred Tatasciore, Russell Yuen, Miyoshi Umeki, Pedro Salv√≠n, Scoot DeVille, William Hurt, Mila Stromboni, Robert Downey Jr., Edward Norton, Krista Vendy, Max Topplin, Al Vrkljan, Christina Cabot, Grant Nickalls, Kevin Lise, Ruru Sacha, Ish Morris, Avi Phillips, Dylan Taylor, Stan Lee, David Meunier, Chris Ratz, Shaun McComb, Fabio Dorea, David Bianchi, Roberto Bakker, Tig Fong, Fran√ßois Mequer, Robert Morse, T.J. Smith, Rickson Gracie, Johnny Prince, John MacDonald",Louis Leterrier,Peter Menzies Jr.,"Zak Penn, Jack Kirby, Stan Lee","Gale Anne Hurd, Kevin Feige, Avi Arad, Jim Van Wyck, Stan Lee, David Maisel",Craig Armstrong,6.6,554880,/gKzYx79y0AQTL4UAk1cBQJ3nvrm.jpg,6,2008,24,the incredible hulk,the incredible hulk,"blank (59), universal city, california (1), premiere (1), french speaking region (1), german speaking region (1), dvd and blu-ray premiere (1), imax version (1), tv premiere (1), hbo max premiere (1), internet (1)",59,1,68,0.01,no,no
306947,The Invitation,6.4,2725,Released,2016-04-08,354835,100,1000000,tt2400463,en,The Invitation,"Will and his new girlfriend Kira are invited to a dinner with old friends at the house of Will‚Äôs ex Eden and her new partner David. Although the evening appears to be relaxed, Will soon gets a creeping suspicion that their charming host David is up to something.",2.3317,There is nothing to be afraid of.,"Thriller, Horror","xyz films, gamechanger films, lege artis, the invitation, drafthouse films",United States of America,English,"Marieh Delfino, Aiden Lovekamp, Tammy Blanchard, John Carroll Lynch, Toby Huss, Logan Marshall-Green, Mike Doyle, Jordi Vilasuso, Lindsay Burdge, Jay Larson, Michiel Huisman, Trish Gates, Karl Yune, Danielle Camastra, Michelle Krusiec, Emayatzy Corinealdi",Karyn Kusama,Bobby Shore,"Matt Manfredi, Phil Hay","Geralyn White Dreyfous, Julie Parker Benello, Phil Hay, Anthony Mancilla, Nate Bolotin, Mynette Louie, Martha Griffin, Nick Spicer, Matt Manfredi, Aubin Paul, Wendy Ettinger, Dan Cogan",Theodore Shapiro,6.6,127010,/otZMaGHWnKPgOODF6SSVNGqbI4X.jpg,4,2016,14,the invitation,captain america: civil war,"blank (6), south by southwest film festival (1), stanley film festival (1), sydney film festival (1), bamcinemafest (1), fantasia international film festival (2), neuchâtel international fantastic film festival (1), new zealand international film festival (1), fantasy filmfest (1), melbourne international film festival (1), sidewalk film festival (1), l'étrange festival (1), motelx - lisbon international horror film festival (1), slash film festival (1), hardline film festival (1), fantastic fest (1), busan international film festival (1), mile high horror film festival (1), bfi london film festival (1), sitges film festival (1), mayhem film festival (1), celluloid screams horror film festival (1), morbido film fest (1), stockholm international film festival (1), palm springs international film festival (1), guipuzcoa (1), subtitled version (2), premiere (1), belgrade film festival (1), limited (2), internet (10), titanic international filmpresence festival (1), dvd and blu-ray premiere (2), imagine film festival (1), malmö fantastisk filmfestival (1), blu ray release (1), barcelona (1), catalan subtitled version (1), technical release (1), blu-ray release (2), dvd premiere (2), beyond fest (1)",6,10,62,0.16,yes,no
278927,The Jungle Book,6.9,8313,Released,2016-04-07,966550600,106,175000000,tt3040964,en,The Jungle Book,"A man-cub named Mowgli fostered by wolves. After a threat from the tiger Shere Khan, Mowgli is forced to flee the jungle, by which he embarks on a journey of self discovery with the help of the panther, Bagheera and the free-spirited bear, Baloo.",5.957,The legend will never be the same.,"Family, Adventure, Fantasy","walt disney pictures, fairview entertainment, moving picture company","United Kingdom, United States of America",English,"Garry Shandling, Asher Blinkoff, Lupita Nyong'o, Ben Kingsley, Chloe Hechter, Sara Arrington, Sean W. Johnson, Bill Murray, Neel Sethi, Russell Peters, Madeleine Favreau, Sasha Schreiber, Sam Raimi, Idris Elba, Knox Gagnon, Scarlett Johansson, Emjay Anthony, Jon Favreau, Max Favreau, Daz Crawford, Christopher Walken, Ritesh Rajan, Brighton Rose, Allan Trautman, Kai Schreiber, Artie Esposito, Dee Bradley Baker, Kendrick Reyes, Giancarlo Esposito",Jon Favreau,Bill Pope,"Justin Marks, Rudyard Kipling","Karen Gilchrist, Peter M. Tobyansen, Brigham Taylor, Jon Favreau, Molly Allen",John Debney,7.3,302558,/2Epx7F9X7DrFptn4seqn4mzBVks.jpg,4,2016,14,the jungle book,captain america: civil war,"los angeles, california (1), premiere (2), blank (76), limited (1), french speaking region (1), imax version (1), german speaking region (1), kabuki-za (1)",76,0,84,0.0,no,no
476669,The King's Man,6.733,4833,Released,2021-12-22,125897478,131,100000000,tt6856242,en,The King's Man,"As a collection of history's worst tyrants and criminal masterminds gather to plot a war to wipe out millions, one man must race against time to stop them.",6.5427,Witness the bloody origin.,"Action, Adventure, Thriller","marv, cloudy productions, 20th century studios","United Kingdom, United States of America",English,"Gabriel Constantin, Timon Staehler, Gemma Arterton, Ron Cook, Tiago Martins, Alexander Shaw, Andy Cheung, Stefan Schiffer, Matthew Goode, Benedick Blythe, Valerie Pachner, Aaron Taylor-Johnson, Katarina Martin, David Calvitto, Alexander Cobb, Emil Oksanen, Renars Latkovskis, Jack Cunningham-Nuttall, Angus Castle-Doughty, Thomas Mahy, Shaun McKee, Alexander Shefler, Tom Hollander, Hal Hillman, Shaun Scott, Ian Kelly, Thorston Manderlay, Daniel Br√ºhl, Russell Balogh, Takako Akashi, Gabriela Ca≈Çun, Ian Porter, Charles Dance, Stevee Davies, Gwithian Evans, Connor Calland, Pippa Winslow, Simon Connolly, George Gooderham, Ross Anderson, Remus Brooks, V√•r Haugholt, David Kross, Martin Razpopov, Nina Novich, Alyona Kazarova, Constantine Gregory, Will Pattle, Alexandra Maria Lara, Richard Stephenson Winter, Djimon Hounsou, Ben Ayers, Alexa Povah, Timothy Blore, Rosie Goddard, Rhys Ifans, Andrew Bridgmont, Ronja Haugholt, Nigel Pilkington, Cory Stuckey, Amy Leeson, Kya Garwood, Neil Jackson, Aaron Vodovoz, Lucia Jade Barker, Branka Katiƒá, Nigel Lister, Fiz Marcus, Kristian Nekrasov, Jed O'Hagan, Hal Fowler, Peter York, Terence Anderson, James Backway, August Diehl, Cassidy Little, Ed Cooper Clarke, Alison Steadman, Max Count, Chlo√© Booyens, Joel Basman, Dora Davis, Robert Aramayo, Felix Mosse, Dolores Carbonari, Emun Elliott, Andrey Andreev, Harris Dickinson, Bevan Viljoen, Daniel Vernan, Todd Boyce, Barbara Drennan, Ralph Fiennes, Olivier Richters, Maja Simonsen, Tim Bruce, Molly McGeachin, Stanley Tucci, James Musgrave",Matthew Vaughn,Ben Davis,"Dave Gibbons, Mark Millar, Matthew Vaughn, Karl Gajdusek","Adam Bohling, Ralph Fiennes, Mark Millar, Matthew Vaughn, David Reid, Claudia Schiffer, Stephen Marks, Dave Gibbons","Dominic Lewis, Matthew Margeson",6.3,191787,/aq4Pwv5Xeuvj6HZKtxyd23e6bE9.jpg,12,2021,51,the king's man,spider-man: no way home,"blank (67), london (1), premiere (1), limited (2)",67,0,71,0.0,no,no
447277,The Little Mermaid,6.3,3171,Released,2023-05-18,569626289,135,297000000,tt5971474,en,The Little Mermaid,"The youngest of King Triton‚Äôs daughters, and the most defiant, Ariel longs to find out more about the world beyond the sea, and while visiting the surface, falls for the dashing Prince Eric. With mermaids forbidden to interact with humans, Ariel makes a deal with the evil sea witch, Ursula, which gives her a chance to experience life on land, but ultimately places her life ‚Äì and her father‚Äôs crown ‚Äì in jeopardy.",11.3939,"Watch and you'll see, some day I'll be, part of your world!","Adventure, Family, Fantasy, Romance","walt disney pictures, lucamar productions, marc platt productions",United States of America,English,"Hunter Allen, Awkwafina, Jermaine Terry, Constance Stamatiou, Jon-Scott Clark, Janine Johnson, Sophie Carmen-Jones, John Dagleish, Tarik Frimpong, Ben Marshall, Jacob Maynard, Seyan Patel, Aaron Bryan, Nathalie Sorrell, Oliver Ravelin, Andrew Lyle-Pinnock, Kajsa Mohammar, Michael Jackson, Jr., Lorena Andrea, Yannick Lebrun, Charlotte Wilmott, Busola Peters, Mischa Hayward, Chanel Mian, Ian Oswald, Zaine Daniel Dillon, Matt Carver, Vernard J. Gilmore, Emily Coates, Shay Barclay, Karolina Conchet, Cameron Valentina, Ayo Hana, Jeroboam Bozeman, Jacob Tremblay, Mia Maug√©, Isabelle Ung, Charlotte Bazeley, Sienna King, Kate Thompson, Ava Azizi, Leon Cooke, Glen Campbell, Martina Laird, Marcus Hodson, Jennifer Leung, Belen Pereyra, Jessica Alexander, Danica Paulos, Melissa McCarthy, Samantha Figgins, Renaldo Maurice, Ghrai DeVore-Stokes, Mia Juul, Jude Akuwudike, Ebony Molina, Daveed Diggs, Christopher Fairbank, Noa Nikita Bleeker, Austyn Farrell, Ben Hukin, Cecil Jee, Chalvar Monteiro, Adrian Christopher, Jacqueline Green, Alexia Hortal, Sonny Charlton, Roy Hu, Noma Dumezweni, Sasha Watson Lobo, Eva Polakovs, Stefano Tomadini, Art Malik, Halle Bailey, Sarah Daley-Perdomo, Andy Young, Arina Li, Erica Stubbs, Russell Balogh, Clifton Brown, Jonah Hauer-King, Jodi Benson, Craig Stein, Nicole Valverde, Yasmin Harrison, Chris George, Taitum Pitfield, Sam Sweeney, Javier Bardem, Simone Ashley, Charles Ruhrmund, Matt Quinn, Bobby Windebank, Johnny White, Julz West, Jeffin Kunjumon, Jonathan Bishop",Rob Marshall,Dion Beebe,"Hans Christian Andersen, John Musker, Lin-Manuel Miranda, David Magee, Howard Ashman, Ron Clements","Marc Platt, Rob Marshall, Lin-Manuel Miranda, John DeLuca, Jeffrey Silver",Alan Menken,7.2,175643,/ym1dxyOk4jFcSl4Q2zmRrA5BEEN.jpg,5,2023,20,the little mermaid,guardians of the galaxy vol. 3,"los angeles, california (1), premiere (2), são paulo (1), blank (71), sing-along version (1), internet (1)",71,1,77,0.01,no,no
34813,The Losers,6.3,1885,Released,2010-04-23,23580000,97,25000000,tt0480255,en,The Losers,"On a mission deep in the Bolivian jungle, a team of elite commandos finds itself on the receiving end of a lethal betrayal. Now presumed dead, the men join forces with a mysterious operative named Aisha to hunt down their enemy and even the score.",6.7009,Anyone else would be dead by now.,"Action, Adventure, Crime, Mystery, Thriller","dark castle entertainment, weed road pictures, warner bros. pictures, dc vertigo","United States of America, France",English,"Garrett Warren, Thomas R. Nunan III, Jeffrey Dean Morgan, Idris Elba, Ramiro 'Ramir' Delgado Ruiz, Gunner Wright, Rafael Lopez Diaz, Jason Patric, Lindsey Sutton, Robert Slavonia, Alan J. Trudeau, Kirk Sullivan, Debbie Ann Rivera, Alanis M. Salinas, John Galindez, Colin Follenweider, Holt McCallany, √ìscar Jaenada, Peter Macdissi, Daniel Kalal, Mark Ginther, Marcos Davila, Zoe Salda√±a, Peter Francis James, Norman Grant, Isaac Santiago, Ernesto Morales Ramos, Rey Hernandez, Evan Mirand, Chris Evans, Noel Estrella, Krissy Korn, Tanee McCall, Manuel O. Velazquez, Columbus Short",Sylvain White,Scott Kevan,"Andy Diggle, Peter Berg, James Vanderbilt, Jock","Joel Silver, Stuart M. Besser, Andrew Rona, Sarah Aubrey, Akiva Goldsman, Kerry Foster, Steven Richards",John Ottman,6.2,110523,/b9dVH0n7YnBqLmW2c5AzftxhhpH.jpg,4,2010,16,the losers,iron man 2,"hollywood, california (1), premiere (1), blank (30), video premiere (9), dvd premiere (2), blu-ray premiere (1), tv release (1), internet (2)",30,2,47,0.04,no,no
12177,The Love Guru,4.085,744,Released,2008-06-20,40854735,87,62000000,tt0811138,en,The Love Guru,"Born in America and raised in an Indian ashram, Pitka returns to his native land to seek his fortune as a spiritualist and self-help expert. His skills are put to the test when he must get a brokenhearted hockey player's marriage back on track in time for the man to help his team win the Stanley Cup.",2.1444,His Karma is Huge,"Comedy, Romance","paramount pictures, internationale filmproduktion poseidon, lsg productions, love guru productions, michael de luca productions, nomoneyfun films, spyglass entertainment","Germany, United States of America, United Kingdom",English,"Trevor Heins, Matt Baram, Telma Hopkins, Justin Timberlake, Raemiah Dorrington, Michelle Marshall, Knikole Frans, Jim Gaffigan, Jahmal Daniel, Kadesha Webb, Sachin Bhatt, Krystal Kiran, Stephen Colbert, Nathaniel Robinson, Daniel Skeete, Alexia Filippeos, Linda Kash, Karun Pathak, Boyd Banks, Elyssa Marshall, Gotham Chopra, Graham Gordy, Nadine Muir, Jessica Alba, Taylor Flood, Jaan Padda, Helen Semmunigus, Meagan Good, Sabrina Morris, Jamila Mason, Deepak Chopra, Ashton Williams, Zoia Davis, Jessica Rotter, Jazmine Jeffrey, Val Kilmer, Nazneen Irani, Tierra McRae-Spence, Danielle Johnson, Clarice Gillard, Hetal Patel, Liana Mendoza, Samantha Bee, Tracey Soman, Verne Troyer, Se√°n Cullen, Frank Bishun, Prosenjit Kundu, Zachary Jones-Hurst, Suresh John, Shakti Kupil, Carlisa Lewis, Madhumita Sen, Larissa Abrams-Ogg, Sharona D'Ornellas, Ye, Tyra Jones-Hurst, Sharat Chawla, Robert Cohen, Ben Gans, Dani Jazzar, Bob Bainborough, Ben Kingsley, Romany Malco, Mike Myers, Garry Robbins, Peter Schoelier, Rob Huebel, Rob Blake, Omid Djalili, Daniel Tosh, John Oliver, Donna Ellis, Rob Gfroerer, Manu Narayan, Mariska Hargitay, Robert Halley, Jessica Simpson, Jahlani Bishop, Adisa Liburd, Alpha Kayondo, Namita Kapoor, Shereen Ladha, Uppekha Jain",Marco Schnabel,Peter Deming,"Mike Myers, Graham Gordy","Gary Barber, Donald J. Lee Jr., Michael De Luca, Mike Myers, Roger Birnbaum",George S. Clinton,3.8,56440,/sp8AV64ftAZCT9uWfgbCb3olGDW.jpg,6,2008,25,the love guru,the incredible hulk,"blank (24), french speaking region (1), german speaking region (1), dvd premiere (3), old town taito international comedy film festival (1)",24,0,30,0.0,no,no
609681,The Marvels,6.0,3144,Released,2023-11-08,206136825,105,274800000,tt10676048,en,The Marvels,"When her duties send her to an anomalous wormhole linked to a Kree revolutionary, Carol's powers become entangled with that of Jersey City super-fan Kamala Khan, aka Ms. Marvel, and Carol's estranged niece, now S.A.B.E.R. astronaut Captain Monica Rambeau. Together, this unlikely trio must team up and learn to work in concert to save the universe.",7.4643,Higher. Further. Faster. Together.,"Science Fiction, Adventure, Action","marvel studios, kevin feige productions",United States of America,"English, ÿßÿ±ÿØŸà","Hansen Burton, Zenobia Shroff, Daniel Monteiro, Iman Vellani, Rachel John, Alex Hughes, Remi Dabiri-McQuaid, Hailee Steinfeld, Shardiah Ssagala, Gary Lewis, Ffion Jolly, Tessa Thompson, Abraham Popoola, Cecily Cleeve, Samuel L. Jackson, Lashana Lynch, Fikayo Ifarajimi, Daniel Ings, Kennedy McCallum-Martin, Saagar Shaikh, Savannah Skinner-Henry, Teyonah Parris, Leila Farzad, Shereen Walker, Kya Garwood, Jett Klyne, Zawe Ashton, Park Seo-jun, Mohan Kapur, Kelsey Grammer, Brie Larson",Nia DaCosta,Sean Bobbitt,"Megan McDonnell, Nia DaCosta, Elissa Karasik","Victoria Alonso, Louis D'Esposito, Kevin Feige, Matthew Jenkins, Mary Livanos, Jonathan Schwartz",Laura Karpman,5.5,157753,/9GBhzXMFjgcZ3FdR9w3bUMMTps5.jpg,11,2023,45,the marvels,the marvels,"blank (52), shanghai (1), premiere (1), internet (2)",52,2,56,0.04,no,no
624860,The Matrix Resurrections,6.359,6162,Released,2021-12-16,156497322,147,190000000,tt10838180,en,The Matrix Resurrections,"Plagued by strange memories, Neo's life takes an unexpected turn when he finds himself back inside the Matrix.",7.9762,Return to the Source.,"Science Fiction, Action, Adventure","warner bros. pictures, village roadshow pictures, venus castina productions",United States of America,English,"Juval Dieziger, Leo Sheng, Neil Patrick Harris, Ian Pirie, Toby Onwumere, Telma Hopkins, Carrie-Anne Moss, Brian J. Smith, Kim Libreri, Pablo Sanfrancisco, Esther Silex, Priyanka Chopra Jonas, Frank Isom, Joe Mazza, Julian Grey, Sarah McTeigue, Michael X. Sommers, Jada Pinkett Smith, Aaron Pina, Yahya Abdul-Mateen II, Donald Mustard, James McTeigue, Ellen Hollman, London Breed, Thomas Dalby, Cooper Rivers, Joshua Grothe, Max Riemelt, Sabrina Strehl, Dani Swan, Gaige Chaturantabut, Max Mauff, Amadei Weiland, Steven Roy, Freema Agyeman, Tiger Chen Hu, Stephen Dunlevy, James D. Weston II, Jonathan Groff, L. Trey Wilson, Lambert Wilson, John Gaeta, Mumbi Maina, Andrew Lewis Caldwell, Nicolas de Pruyssenaere, Felix Quinton, Chad Stahelski, Michael J. Gwynn, William W. Barbour, Andrew Rothney, Kenny Beers, Er√©ndira Ibarra, Christina Ricci, Keanu Reeves, Mercy Malick, Volkhart Buff, Jessica Henwick, Purab Kohli",Lana Wachowski,"Daniele Massaccesi, John Toll","Lilly Wachowski, Aleksandar Hemon, David Mitchell, Lana Wachowski","Michael Salven, Karin Wachowski, Bruce Berman, Garrett Grant, Aimee Allegretti, James McTeigue, Grant Hill, Lana Wachowski, Jesse Ehrman, Terry Needham","Tom Tykwer, Johnny Klimek",5.6,298107,/8c4a8kE7PizaGQQnditMmI1xbRp.jpg,12,2021,50,the matrix resurrections,spider-man: no way home,"blank (77), toronto (1), premiere (2), san francisco, california (1), internet (4), limited (1), dvd premiere (1)",77,4,87,0.05,no,no
593643,The Menu,7.171,5689,Released,2022-11-17,79628200,107,35000000,tt9764362,en,The Menu,"A young couple travels to a remote island to eat at an exclusive restaurant where the chef has prepared a lavish menu, with some shocking surprises.",7.9574,Painstakingly prepared. Brilliantly executed.,"Comedy, Horror, Thriller","hyperobject industries, searchlight pictures, gary sanchez productions, tsg entertainment",United States of America,"English, Espa√±ol","Judith Light, Janet McTeer, Anya Taylor-Joy, Jon Paul Allyn, Michael A. Dean, Peter Grosz, Rachel Trautmann, Paul Adelstein, Alexander Goldstein, Aimee Carrero, Victor Zheng, Rebecca Koon, John Leguizamo, Mark St. Cyr, Rob Yang, Elbert Kim, Hong Chau, Jay Shadix, John Cola, John Wilkins III, Nicholas Hoult, Adam Aalderks, Matthew Cornwell, Mel Fair, Marcus Aveons Duncan, Michael Neal, Brandon Herron, Ralph Fiennes, Cristian Gonzalez, Christina Brucato, Melisa Lopez, Reed Birney, Arturo Castro, Grant Henley",Mark Mylod,Peter Deming,"Will Tracy, Seth Reiss","Katie Goodson, Adam McKay, Betsy Koch, DanTram Nguyen, Seth Reiss, Michael Sledd, Will Ferrell, Will Tracy, Zahra Phillips",Colin Stetson,7.2,477851,/fPtUgMcLIboqlTlPrq0bQpKK8eq.jpg,11,2022,46,the menu,black panther: wakanda forever,"toronto international film festival (1), fantastic fest (1), zurich film festival (1), athens international film and video festival (1), rio de janeiro international film festival (1), busan international film festival (1), rome film festival (1), la roche-sur-yon international film festival (1), bergen international film festival (1), tokyo international film festival (1), imagine fantastic film festival (1), vienna international film festival (1), leiden international film festival (1), taipei golden horse film festival (1), mar del plata film festival (1), cork international film festival (1), filmbath festival (1), early access (1), blank (44), stockholm international film festival (1), dolby cinema (1), internet (3), tv release (1), digital (1), blu-ray and dvd (1), tv premiere (1)",44,3,71,0.04,no,no
1124620,The Monkey,5.967,1085,Released,2025-02-14,68871071,97,10000000,tt27714946,en,The Monkey,"When twin brothers find a mysterious wind-up monkey, a series of outrageous deaths tear their family apart. Twenty-five years later, the monkey begins a new killing spree forcing the estranged brothers to confront the cursed toy.",11.5269,Everybody dies. And that's fucked up.,"Horror, Comedy","atomic monster, c2 motion picture group, range media partners, oddfellows entertainment, the safran company, stars collective","Canada, United States of America",English,"Tatiana Maslany, Kingston Chan, Theo James, Jeremy Cox, Elijah Wood, Danny Virtue, Sarah Levy, Christian Convery, Doralynn Mui, Paul Puzzella, Adam Scott, Rohan Campbell, Shafin Karim, Charles Chi Soo Kim, Scott Nicholson, Joyce Robbins, Jason Burkart, Dianne Greenwood, Corin Clark, Janet Kidder, Osgood Perkins, Zia Newton, Tina Pi, Michael Anthony Sallegue Samosa, Colin O'Brien, Laura Mennell, Jacqueline Robbins, Nicco Del Rio, Tess Degenstein, Lumen Beltran, Eve Exner, Danica Dreyer, Katie Stuart, Trey Helten, Beatrix Perkins",Osgood Perkins,Nico Aguilar,"Osgood Perkins, Stephen King","James Wan, John Friedberg, Elizabeth Destro, Owen Qing, Ryan Friscia, Christian Parkes, Teddy Schwarzman, Emily Thomas, Ali Jazayeri, Judson Scott, Michael Heimler, John Rickard, Sara W. Price, Michael Clear, Jesse Savath, Fred Berger, Tom Quinn, Andy Price, Nancy Xu, Natalia Safran, Brian Kavanaugh-Jones, Omani Carson, Jason Wald, Chris Ferguson, Dave Caplan, Chris Cole, Peter Luo, David Gendron, Peter Safran",Edo van Breemen,5.9,84158,/yYa8Onk9ow7ukcnfp2QWVvjWYel.jpg,2,2025,7,the monkey,captain america: brave new world,"early access (1), madrid - aeterna (1), subtitled version (1), premiere (2), blank (49), limited (1), internet (2), vod (1), dvd,4k uhd,blu-ray (1)",49,2,59,0.03,no,no
1035259,The Naked Gun,6.53,1048,Released,2025-07-30,102147396,85,42000000,tt3402138,en,The Naked Gun,Only one man has the particular set of skills... to lead Police Squad and save the world: Lt. Frank Drebin Jr.,35.9537,The law's reach never stretched this far.,"Comedy, Action, Crime","fuzzy door productions, paramount pictures, domain entertainment",United States of America,English,"David Dunston, Cody Rhodes, Zachary Vazquez, Kamaru Usman, Amy Choi, Dave Bautista, Lyon Beckwith, Elliott Grey, Austin Parsons, Sailor Luna Bunch, Bruce Buffer, Keith Brooks, Princess Elmore, Keiko Bell, Justin Gaethje, Marc Farley, Vincent Lascoumes, John McCarthy, David Lengel, Scott Rapp, Cody Farkas, Carl Gilliard, Jas Wang, Gaaldino, Pamela Anderson, Dan Black, Michael Beasley, Kevin Durand, Brandon Moreno, Basma Ayatte, Omer Mughal, Jason MacDonald, Jaycee Naia, Danny Bonacci, Joey Shear, CCH Pounder, Brandon Trost, Moses Jones, Eddie DuPriest, Doug Mand, Paul Walter Hauser, Vinnie Varon, Ulisses Gonsalves, Jordan Scott, Justin Ruse, Marvin E. West, Jon Anik, Joseph Benavidez, Liam Neeson, Judd Lormand, John Santiago, Jesse Santoyo, Wilbur Fitzgerald, Busta Rhymes, Gavin Cloy, Ian Kincaid, Liza Koshy, Douglas Wiltse, 'Weird Al' Yankovic, Chase Steven Anderson, Priscilla Presley, Michael Bisping, Jennifer Bowles, Brandon Valley Jones, Eddie Yu, Danny Huston, Sergio Duque, Lydia Castro, Marc Demeter, Sean Freeland",Akiva Schaffer,Brandon Trost,"Dan Gregor, Doug Mand, Jim Abrahams, Jerry Zucker, Akiva Schaffer, David Zucker","Andrew Lary, Anthony Tittanegro, Pete Chiappetta, Erica Huggins, Seth MacFarlane, Akiva Schaffer, Daniel M. Stillman","Joel McNeely, Lorne Balfe",6.4,86936,/hF4pG0CMDzC4GCiiUR9iNrzoW2p.jpg,7,2025,31,the naked gun,the fantastic four: first steps,"blank (73), limited (1), internet (2)",73,2,76,0.03,no,no
180299,The Raid 2,7.603,2478,Released,2014-03-27,6566916,150,4500000,tt2265171,id,The Raid 2: Berandal,"After fighting his way through an apartment building populated by an army of dangerous criminals and escaping with his life, SWAT team member Rama goes undercover, joining a powerful Indonesian crime syndicate to protect his family and uncover corrupt members of his own force.",3.7778,It's not over yet.,"Action, Crime, Thriller","xyz films, pt. merantau films","Indonesia, United States of America","ÿßŸÑÿπÿ±ÿ®Ÿäÿ©, Bahasa indonesia, Êó•Êú¨Ë™û, English","Thamrin Sutra, Kenny Mayang Sari, Hari Pratama Lubis, Patty Sandya, Yayan Ruhian, Dicky Syahputra, Ryuhei Matsuda, Henky Solaiman, Iko Uwais, Cheppy Haryadi, Arifin Putra, Anom Perkasa, Kristian Agung, Raja Khalid, Tio Pakusadewo, Roy Marten, Alex Abbad, Nancy Gratia Cycling, Kusyantono, Aira Sondang, Zack Lee, Haryadi Anwar, Warsono, Ardani, Donny Alamsyah, Hanata Rue, Ferdian Ariyadi, Aditya Antika, Makmur Effendi, M. Heny Sulaeman, Cok Simbara, Mike Lucock, Nabil Alata, Kazuki Kitamura, Yolla Primadona Jampil, Cecep Arif Rahman, Kenichi Endo, M. Bagus, Oka Antara, Saad Afero, Zuli Silawanto, Deddy Sutomo, Thahir Alrafi M., Suradi Tanadi, Asep Haerudin, Fihrin Jerry, Very Tri Yulisman, Saifan Nur, Marsha Timothy, Julie Estelle, Edy Tambudo, Pong Harjatmo, Epy Kusnandar, Raffa Putra R., Thomas Nawilis, Mulyadi Marlon, Ferouz Ahmad Pero, Safaringga, Fikha Effendi, Simon Pitta, Adi Ariyono, Tegar Satrya",Gareth Evans,"Dimas Imam Subhono, Matt Flannery",Gareth Evans,"Nick Spicer, Rangga Maya Barack-Evans, Irwan D. Mussry, Aram Tertzakian, Nate Bolotin, Todd Brown, Ario Sagantoro","Aria Prayogi, Fajar Yuskemal, Joseph Trapanese",7.9,137417,/olA39iaXISiKEkACdELgr0ZRvIF.jpg,3,2014,13,the raid 2,captain america: the winter soldier,"sundance film festival (1), cph: pix (1), international film festival vilnius (1), blank (29), limited (2), beaune film festival (1), night visions film festival (1), brussels international fantastic film festival (1), imagine film festival (1), far east film festival (1), nocturna madrid international fantastic film festival (1), neuchâtel international fantastic film festival (1), dvd premiere (7), karlovy vary international film festival (1), jerusalem film festival (1), motelx - lisbon international horror film festival (1), milwaukee film festival (1), tokyo international film festival (1), five flavours film festival (1), barcelona (1), subtitled version (1), event release (1), beijing international film festival (1), shanghai international film festival (1), internet (1), fantasmagoría - festival de cine fantástico y de terror de medellín (1)",29,1,61,0.02,no,no
433808,The Ritual,6.3,3249,Released,2017-10-11,1786396,94,1000000,tt5638642,en,The Ritual,"A group of college friends reunite for a trip to the forest, but encounter a menacing presence in the woods that's stalking them.",5.4544,Your darkest dream awaits you.,"Horror, Mystery","entertainment one, the imaginarium, sierra/affinity","Canada, United Kingdom, United States of America","English, svenska","Arsher Ali, Jacob James Beswick, Constantin Codrea, Adriana Macsut, Gheorghe Mezei, Zane Jarcu, Robert James-Collier, Rafe Spall, Peter Liddell, Sam Troughton, Kerri McLean, Maria Erwolter, Hilary Reeves, Paul Reid, Francesca Mula, Matthew Needham",David Bruckner,Andrew Shulkind,"Joe Barton, Adam Nevill","Jonathan Cavendish, Xavier Marchand, Ron Ames, Will Tennant, Richard Holmes, Phil Robertson, Andy Serkis",Ben Lovett,6.4,137792,/9022CYEGqYETCeXN1oE3uwYJWub.jpg,10,2017,41,the ritual,thor: ragnarok,"toronto international film festival (1), blank (9), internet (24), dvd premiere (1)",9,24,35,0.69,yes,no
41513,The Smurfs,5.8,3904,Released,2011-07-29,563749323,102,110000000,tt0472181,en,The Smurfs,"When the evil wizard Gargamel chases the tiny blue Smurfs out of their village, they tumble from their magical world and into ours -- in fact, smack dab in the middle of Central Park. Just three apples high and stuck in the Big Apple, the Smurfs must find a way to get back to their village before Gargamel tracks them down.",9.2597,Smurf happens.,"Animation, Family, Adventure, Comedy, Fantasy","columbia pictures, sony pictures animation, the kerner entertainment company","United States of America, Belgium",English,"Minglie Chen, Jayma Mays, Sean Ringgold, John Oliver, Lor√†nt Deutsch, Eric Redgate, Adria Baratta, Hank Azaria, C≈ìur de Pirate, John Speredakos, Liz Smith, Heidi Armbruster, Scott Dillin, Joel McCrary, Karen Izaguirre, Mary McGloin, Kenan Thompson, Madison McKinley, Julia Enescu, Mahadeo Shivraj, John Kassir, Michael Musto, Alan Cumming, Joan Rivers, Sof√≠a Vergara, Jojo Gonzalez, Hank, Mario D'Leon, Alex Hall, Olivia Palermo, Fred Armisen, Sean Kenin, G√©rard Hernandez, Julianna Rigoglioso, Mr. Krinkle, B.J. Novak, Meg Phillips, Lauren Waggoner, Tom Kane, Anton Yelchin, Victor Pagan, Paula Pizzi, Skai Jackson, Finnerty Steeves, Jeff Foxworthy, Neil Patrick Harris, Gary Basaraba, Frank Welker, Bradley Gosnell, Wolfgang Puck, Tom Colicchio, Katy Perry, George L√≥pez, Tyree Michael Simpson, Tim Gunn, Andrew Sellon, Daria Rae Figlo, Paul Reubens, Mark Doherty, Jonathan Winters, Julie Chang",Raja Gosnell,Phil Meheux,"J. David Stem, David Ronn, Jay Scherick, David N. Weiss, Peyo","Ben Haber, Ezra Swerdlow, Jordan Kerner, Paul Neesan",Heitor Pereira,5.4,102660,/vRhnslP2gW0QDym7BsMeSuioUfK.jpg,7,2011,30,the smurfs,captain america: the first avenger,"new york city, new york (1), premiere (1), blank (62), internet (2), dvd premiere (2)",62,2,68,0.03,no,no
436969,The Suicide Squad,7.478,9214,Released,2021-07-28,168717425,132,185000000,tt6334354,en,The Suicide Squad,"Supervillains Harley Quinn, Bloodsport, Peacemaker and a collection of nutty cons at Belle Reve prison join the super-secret, super-shady Task Force X as they are dropped off at the remote, enemy-infused island of Corto Maltese.",16.9318,They‚Äôre dying to save the world.,"Action, Comedy, Adventure","dc films, atlas entertainment, the safran company, warner bros. pictures",United States of America,"English, Fran√ßais, Espa√±ol","Natalia Safran, Taika Waititi, Edgar Zanabria, Peter Capaldi, Viola Davis, Terence Rosemore, Rey Hernandez, Sergio Carlo, Daniela Melchior, Alice Braga, Bridget Taylor, Kenneth Trujillo, Flula Borg, Victoria Paige Watkins, Ray Benitez, Pete Davidson, Sean Gunn, Michael Rooker, Michelle Civile, Idris Elba, Reinaldo Faberlle, Curtis Lyons Jr., Storm Reid, Jared Leland Gore, Andrea Andrade, Teresita Mans, Giovanni Rodriguez, Gabrielle Manning, Elideusa Gomes Almeida, Josh Ventura, Margot Robbie, John Cena, Sylvester Stallone, Maya Le Clark, Diany Rodriguez, Gerardo Davila, Lynne Ashe, J.R. Adduci, Shanna Kernan, Mikaela Hoover, David Dastmalchian, Giovannie Cruz, Jai Courtney, Mayling Ng, Fernando Martinez, Nathan Fillion, Jonathan Fritschi, Michael Aaron Milligan, Steve Agee, Stephen Blackehart, Tinashe Kajese, Lloyd Kaufman, Julio Cesar Ruiz, John Ostrander, Joel Kinnaman, Grecia Balboa, Dee Bradley Baker, Monica Rivera, Jennifer Holland, Randy Havens, Juan Diego Botto, Joaqu√≠n Cos√≠o, Pom Klementieff",James Gunn,Henry Braham,James Gunn,"Walter Hamada, Charles Roven, Zack Snyder, Deborah Snyder, Nik Korda, Chantal Nong Vo, Richard Suckle, Peter Safran",John Murphy,7.2,448757,/q61qEyssk2ku3okWICKArlAdhBn.jpg,7,2021,30,the suicide squad,black widow,"blank (54), fantasia international film festival (1), internet (2), blu-ray release (2), imax version (1), shanghai international film festival (1), tv premiere (1)",54,2,62,0.03,no,no
588228,The Tomorrow War,7.5,3869,Released,2021-09-03,14400000,138,200000000,tt9777666,en,The Tomorrow War,"The world is stunned when a group of time travelers arrive from the year 2051 to deliver an urgent message: Thirty years in the future, mankind is losing a global war against a deadly alien species. The only hope for survival is for soldiers and civilians from the present to be transported to the future and join the fight. Among those recruited is high school teacher and family man Dan Forester. Determined to save the world for his young daughter, Dan teams up with a brilliant scientist and his estranged father in a desperate quest to rewrite the fate of the planet.",12.4382,The fight for tomorrow begins today.,"Action, Science Fiction, Adventure","skydance media, phantom four, lit entertainment group",United States of America,English,"Bryan Metoyer, Olaolu Winfunke, Perry Zulu Jr., Tommy O'Brien, Chris TC Edge, Dean Feldman, Kasandra Bandfield, Betty Gilpin, Amanda Hatfield, Eeryn Falk Lubicich, Eric Graise, Sam Richardson, Nikki Mejia, Gary Weeks, Stacy Johnson, Shane Berengue, Alan Trong, Gregory Weeks, Angel Giuffria, Patrick Fleming, Chris Pratt, Rose Bianco, Shawn Ray Cartel, Seychelle Gabriel, Zachary James Rukavina, Yvonne Strahovski, Rad Daly, Keith Brooks, Melissa Saint-Amand, Chibuikem Uche, Jasmine Mathews, Mary Lynn Rajskub, Mia Naipaul, Jeannie Ledford, Chris Holloway, Keith Powers, Jason m Edwards, Joshua Israel, Caden Graham, Jim Palmer, Kiley Casciano, Piper Collins, Andrea Andrade, Adriana Catalano, Seth Schenall, Clark Sarullo, Alicia Cuthbertson, Robert Tinsley, Roger Barton, Kenneth Israel, Reese Giles, DJames Jones, Edwin Hodge, Amere Stewart, Conrad Carpenter, Alexis Louder, David Maldonado, Nathan W. Collins, Felisha Terrell, Clyde C Harris, Desiree Supernaugh, Mike Mitchell, J.K. Simmons, Nicole L. Campbell, Christina Bach, Darin Ferraro, Barb Willis, Matthew Cornwell, Ashlyn Moore, Ryan Kiera Armstrong, Gabrielle Byndloss, Dave Parra, Michelle Rivera Huckaby, La'Toya Kirkland, April Knox, Gissette Valentin, Jamie Urena, Patrick Malone, Jared Shaw, Terrence J. Smith",Chris McKay,Larry Fong,Zach Dean,"Jules Daly, Don Granger, David S. Goyer, Rob Cowan, David Ellison, Adam Kolbrenner, Dana Goldberg, John Powers Middleton, Chris Pratt",Lorne Balfe,6.6,247359,/34nDCQZwaEvsy4CFO5hkGRFDCVU.jpg,9,2021,35,the tomorrow war,shang-chi and the legend of the ten rings,"los angeles, california (1), premiere (1), internet (32), blank (1)",1,32,35,0.91,yes,no
10195,Thor,6.768,21838,Released,2011-04-21,449326618,115,150000000,tt0800369,en,Thor,"Against his father Odin's will, The Mighty Thor - a powerful but arrogant warrior god - recklessly reignites an ancient war. Thor is cast down to Earth and forced to live among humans as punishment. Once here, Thor learns what it takes to be a true hero when the most dangerous villain of his world sends the darkest forces of Asgard to invade Earth.",12.8066,Courage is immortal.,"Adventure, Fantasy, Action","marvel studios, marvel entertainment",United States of America,English,"Jeremy Renner, Colm Feore, Walt Simonson, Josh Dallas, Alexander Wright, Natalie Portman, Kelly Hawthorne, Jim Palmer, Patrick O'Brien Demsey, Anthony Hopkins, Dakota Goyo, Chris Hemsworth, Tom Hiddleston, Luke Massy, Darren Kendrick, Michelle Csitos, Stan Lee, Samuel L. Jackson, Stellan Skarsg√•rd, Juliet Lopez, Rachel de la Torre, Douglas Tait, Idris Elba, Richard Cetrone, Justice J. Smith Jr., Jaimie Alexander, Joseph Gatt, Rob Mars, Kat Dennings, Ryan Schaefer, Ray Stevenson, Jamie McShane, Matthew Ducey, Rene Russo, Jason Camp, Adriana Barraza, Kinsey McLean, Stephen Oyoung, Seth Coltan, J. Michael Straczynski, Carrie Lazar, Dale Godboldo, Tadanobu Asano, Joel McCrary, Ted Allpress, Blake Silver, Shawn-Caulin Young, Clark Gregg, Harley Graham, Matt Battaglia, Vanessa Bednar, Maximiliano Hern√°ndez, Isaac Kappy, Buddy Sosthand, Josh Coxx, Hilary Pingle",Kenneth Branagh,Haris Zambarloukos,"Stan Lee, Don Payne, Larry Lieber, Mark Protosevich, J. Michael Straczynski, Jack Kirby, Zack Stentz, Ashley Miller","Stan Lee, Alan Fine, David Maisel, Kevin Feige, Patricia Whitcher, Louis D'Esposito",Patrick Doyle,7.0,949982,/prSfAi1xGrhLQNxVSUFh61xQ4Qy.jpg,4,2011,16,thor,thor,"sydney (1), premiere (2), blank (76), french speaking region (1), german speaking region (1), italian speaking region (1), hollywood, california (1), dvd and blu-ray premiere (1), imax re-release (1), disney+ premiere (1)",76,0,86,0.0,no,no
616037,Thor: Love and Thunder,6.393,8177,Released,2022-07-06,760900000,119,250000000,tt10648342,en,Thor: Love and Thunder,"After his retirement is interrupted by Gorr the God Butcher, a galactic killer who seeks the extinction of the gods, Thor Odinson enlists the help of King Valkyrie, Korg, and ex-girlfriend Jane Foster, who now wields Mjolnir as the Mighty Thor. Together they embark upon a harrowing cosmic adventure to uncover the mystery of the God Butcher‚Äôs vengeance and stop him before it‚Äôs too late.",13.1057,The one is not the only.,"Fantasy, Action, Comedy","marvel studios, kevin feige productions",United States of America,English,"Jaimie Alexander, Ava Caryofyllis, Kim Thien Doan, Dave Bautista, Zali Mae Harrison, Jessica May Lynne, Nicole Milinkovic, Priscilla Doueihy, Evan Stanhope, Rafael Siemer, Janessa Dufty, Bo Chambers, Simona Paparelli, Indiana Ierano, Chanique Greyling, Samson Alston, Ben Falcone, Sean Gunn, Kuni Hashimoto, David Hambly, Zhang Chongwei, Andrew Crawford, Suren Jayemanne, Gabriel Siemer, Simone Landers, Te Kainga O'Te Hinekahu Waititi, Victoria Ferrara, Yure Covich, Olivia Vasquez, Chris Pratt, Mayzie Winderbaum, Chlo√© Gouneau, Alanis Long Borrello, Alan Dukes, Carly Rees, Rex Bale, Eliza Matengu, Corban Ierano, Chris Hemsworth, Briegh Winderbaum, Indiana Evans, Matewa Kiritapu Waititi, Kat Dennings, Elsa Pataky, India Rose Hemsworth, Luc Barrett, Johnny Nasser, Stephen Curry, Jenna Owen, Aleph Millepied, Leeton Alan Ingrey, Hannah Gray, Nico Cortez, Kaan Guldur, Arias Vang, Imaan Hadchiti, Sienna Ngeru, Jane Yubin Kim, Dianne Close, Dave Cory, Gemma Dart, Ben Sinclair, Bobby Holland Hanton, Melissa McCarthy, Garth Wood, Alan Tsibulya, Natalie Portman, Vin Diesel, Simon Russell Beale, Stephen Hunter, Jacob Yee, Luca Darda, Kieron L. Dyer, Indeia Booc, Xander Mouradian, Chayla Korewha, Tessa Thompson, Cayla Sutherland, Clariza Vicente, Bradley Cooper, Matt Damon, Nazih Kheir, Carmen Foon, Natasha Cheng, Shari Sebbens, Brooke Satchwell, Brett Goldstein, Zia Kelly, Daley Pearson, Russell Crowe, Tatyana Gillam, Molly Moriarty, Idris Elba, Tui Vincent, Cameron Chapek, Victoria Zerbst, Amalia Millepied, Taika Waititi, Alan Spies, Tristan Hemsworth, Manny Spero, Arka Das, Stellan Skarsg√•rd, Elsa Rodrigo-Porter, Justin Paul Hitchcock, Jaimee Rose Lynn, Matatia Foa'i, Emmeline Luka Bale, Jonny Brugh, Sam Neill, Ava Rodrigo-Porter, Izaac Winderbaum, Samantha Allsop, Adam Todd, Josh Heuston, Christian Bale, Rosangela Fasano, Pom Klementieff, Karen Gillan, Luke Hemsworth, Ronin Fabi, Sasha Hemsworth, Greg Mitchell",Taika Waititi,Barry Idoine,"Steve Gan, Larry Lieber, Jack Kirby, Keith Giffen, Bill Mantlo, Jennifer Kaytin Robinson, Don Heck, Stan Lee, Steve Englehart, Taika Waititi, Jim Starlin","Victoria Alonso, Brian Chapek, Kevin Feige, Brad Winderbaum, Todd Hallowell, Louis D'Esposito, Chris Hemsworth","Nami Melumad, Michael Giacchino",6.1,447909,/pIkRyD18kl4FhoCNQuWxWu5cBLM.jpg,7,2022,27,thor: love and thunder,thor: love and thunder,"los angeles, california (1), premiere (1), blank (90), 3-d version (1), internet (1)",90,1,94,0.01,no,no
284053,Thor: Ragnarok,7.6,21492,Released,2017-10-02,855301806,131,180000000,tt3501632,en,Thor: Ragnarok,"Thor is imprisoned on the other side of the universe and finds himself in a race against time to get back to Asgard to stop Ragnarok, the destruction of his home-world and the end of Asgardian civilization, at the hands of a powerful new threat, the ruthless Hela.",8.6612,No hammer. No problem.,"Action, Adventure, Science Fiction",marvel studios,United States of America,English,"Amali Golden, Sol Castanho, Taika Waititi, Katie Anderson, Clancy Brown, Charlotte Nicdao, Zachary Levi, Rachel House, Connor Zegenhagen, Tessa Thompson, Sky Castanho, Shari Sebbens, Greta Carew-Johns, Winnie Mzembe, Sam Neill, Chris Hemsworth, Ray Stevenson, Benedict Cumberbatch, Alia Seror-O'Neill, Idris Elba, Jet Tranter, Anthony Hopkins, Cohen Holloway, Mark Ruffalo, Sam Hargrave, Tom Hiddleston, Donnie Baxter, Garreth Hadfield, Shalom Brune-Franklin, Jeff Goldblum, Samantha Hopper, Matt Damon, Sean Edward Frazer, Taylor Hemsworth, Beatrice Ward, Jasper Bagg, Richard Green, Tracey Lee Maxwell, Eloise Winestock, Tahlia Jade, Tracie Filmer, Sophia Laryea, Hamish Parkinson, Cate Blanchett, Luke Hemsworth, Georgia Blizzard, Sophia McGregor, Mollie McGregor, Ash Ricardo, Stan Lee, Braden Lewis, Tadanobu Asano, Rob Mayes, Steven Oliver, Karl Urban",Taika Waititi,Javier Aguirresarobe,"Christopher L. Yost, Stan Lee, Jack Kirby, Eric Pearson, Craig Kyle, Larry Lieber","Stan Lee, Kevin Feige, Thomas M. Hammel, Victoria Alonso, Brad Winderbaum, Louis D'Esposito",Mark Mothersbaugh,7.9,875616,/rzRwTcFvttcN1ZpX2xv4j3tSdJu.jpg,10,2017,40,thor: ragnarok,thor: ragnarok,"los angeles, california (1), gold coast, queensland (1), blank (70), le ciné gold (1), colombo (1), dvd and blu-ray premiere (1), imax re-release (1), dvd premiere (1), tv release (1)",70,0,78,0.0,no,no
76338,Thor: The Dark World,6.511,17864,Released,2013-10-30,644783140,112,170000000,tt1981115,en,Thor: The Dark World,"Thor fights to restore order across the cosmos‚Ä¶ but an ancient race led by the vengeful Malekith returns to plunge the universe back into darkness. Faced with an enemy that even Odin and Asgard cannot withstand, Thor must embark on his most perilous and personal journey yet, one that will reunite him with Jane Foster and force him to sacrifice everything to save us all.",8.1958,Delve into the darkness.,"Action, Adventure, Fantasy",marvel studios,United States of America,English,"Rene Russo, Tadanobu Asano, Jonathan Howard, Idris Elba, Chris Hemsworth, Connor Donaghey, Elsa Pataky, Ramone Morgan, Joe Cash, Stellan Skarsg√•rd, Tom Hiddleston, Thomas Arnold, Alannah Olivia, Annabel Norbury, JD Roth-Round, Clive Russell, Kamay Lau, Abbie McCann, Natalie Portman, Alice Krige, Chris O'Dowd, Sophie Cosson, Benicio del Toro, Justin Edwards, Obada Alassadi, Ophelia Lovibond, Richard Wharton, Henry Calcutt, Kat Dennings, Ray Stevenson, Imaan Chentouf, Ava Caton, Jaimie Alexander, Gruffudd Glyn, Adewale Akinnuoye-Agbaje, Tony Curran, Royce Pierreson, Sam Swainsbury, Stan Lee, Christopher Eccleston, Zachary Levi, Richard Brake, Brett Tucker, Anthony Hopkins, Chris Evans, Talulah Riley, Claire Brown, Steve Scott",Alan Taylor,Kramer Morgenthau,"Larry Lieber, Stan Lee, Walt Simonson, Christopher L. Yost, Don Payne, Robert Rodat, Jack Kirby, Stephen McFeely, Christopher Markus","Craig Kyle, Stan Lee, Kenneth Branagh, Louis D'Esposito, Alan Fine, Nigel Gostelow, Kevin Feige, Victoria Alonso",Brian Tyler,6.7,764838,/wp6OxE4poJ4G7c0U2ZIXasTSMR7.jpg,10,2013,44,thor: the dark world,thor: the dark world,"london (1), premiere (2), blank (67), hollywood, california (1), dvd and blu-ray premiere (1), beijing international film festival (1), tv premiere (1), imax re-release (1), disney+ premiere (1)",67,0,76,0.0,no,no
986056,Thunderbolts*,7.313,2867,Released,2025-04-30,382436917,127,180000000,tt20969586,en,Thunderbolts*,"After finding themselves ensnared in a death trap, seven disillusioned castoffs must embark on a dangerous mission that will force them to confront the darkest corners of their pasts.",21.5441,Everyone deserves a second shot.,"Action, Science Fiction, Adventure","marvel studios, kevin feige productions",United States of America,"English, Italiano, P—É—Å—Å–∫–∏–π","Hannah John-Kamen, Lewis Pullman, Chris Bauer, Harrison Russell, Chris Heeder, Danielle DeBrock, David Harbour, Molly Carden, Violet McGraw, Jennifer Chung, Alexa Swinton, Chiara Stella, Anny Jules, Charlotte Ann Tucker, Georgui Kasaev, Gabrielle Byndloss, Phong Giang, Julia Aku, Florence Pugh, Chad Gall, Stefano Carannante, Gianfranco Terrin, Mackensi Emory, Geraldine Viswanathan, Julia Louis-Dreyfus, Matt Einhorn, Wendell Pierce, Clayton Cooper, Regina Ting Chen, Sebastian Stan, Mallory Hoff, Eric Lange, Olga Kurylenko, Kelvin Witherspoon, Alexander Roberts, Wyatt Russell, Joshua Mikel, Robert Germar",Jake Schreier,Andrew Droz Palermo,"Mark Bagley, Kurt Busiek, Stan Lee, Eric Pearson, Joanna Calo, Paul Jenkins, Joe Simon, Jack Kirby, Jae Lee","Brian Chapek, Louis D'Esposito, Kevin Feige, Jason Tamez","Rafiq Bhatia, Ryan Lott, Ian Chang",7.1,238846,/hqcexYHbiTBfDIdDWxrxPtVndBX.jpg,4,2025,18,thunderbolts*,thunderbolts*,"cineworld leicester square, london (1), premiere (1), blank (56), imax fan event (1), vod (1), dvd,4k uhd,blu-ray (1), internet (2)",56,2,63,0.03,no,no
720557,Tiger 3,5.8,51,Released,2023-11-12,56490000,155,36320000,tt18411490,hi,Tiger 3,"Following the events of Tiger Zinda Hai, War, and Pathaan, Avinash Singh Rathore returns as Tiger but this time the battle is within. He has to choose between his country or family as an old enemy is after his life, who claims that his family was killed by Tiger. He holds Tiger captive in Pakistan as the Indian agent's loyalty towards his country faces its biggest test.",4.5144,"This time, it's personal","Action, Adventure, Thriller","yash raj films, first step productions, etalon-film, fps productions, sk-film","Austria, India, Russia, Turkey","English, ‡§π‡§ø‡§®‡•ç‡§¶‡•Ä, Ti·∫øng Vi·ªát","Shah Rukh Khan, Ridhi Dogra, Aamir Bashir, Anant Vidhaat Sharma, Anish Kuruvilla, Sartaaj Kakkar, Katrina Kaif, Denzil Smith, Michelle Lee, Chandrachoor Rai, Ranvir Shorey, Emraan Hashmi, Bimal Oberoi, Edward Sonnenblick, Vishal Jethwa, Revathi, Kumud Mishra, Danish Bhatt, Ashutosh Rana, Salman Khan, Hrithik Roshan, Simran, Shahid Latief, Danish Husain, Sandeep Kulkarni, Neeraj Purohit, Gavie Chahal",Maneesh Sharma,Anay Goswami,"Aditya Chopra, Shridhar Raghavan, Irshad Kamil, Anckur Chaudhry, Amitabh Bhattacharya","Sanjay Shivalkar, Aditya Chopra, Sudhanshu Kumar","Tanuj Tiku, Pritam Chakraborty",5.7,55900,/2hsZrii8zXsk765YKKActVhIjTE.jpg,11,2023,45,tiger 3,the marvels,"blank (15), limited (1), internet (2)",15,2,18,0.11,no,no
1242011,Together,7.1,684,Released,2025-07-28,32273161,102,17000000,tt31184028,en,Together,"With a move to the countryside already testing the limits of a couple's relationship, a supernatural encounter begins an extreme transformation of their love, their lives, and their flesh.",20.8331,Join us.,"Horror, Romance","picturestart, tango entertainment, 30west, princess pictures, 1.21 entertainment, project foxtrot","Australia, United States of America",English,"Ellora Iris, Mark Robinson, Dave Franco, Damon Herriman, Alison Brie, Michael Shanks, Melanie Beddie, Jack Kenny, Mia Morrissey, MJ Dorning, Charlie Lees, Flynn Wandin, Tom Considine, Francesca Waters, Aljin Abella, Sarah Lang, Sunny S. Walia, Karl Richmond, Rob Brown, Nancy Finn",Michael Shanks,Germain McMicking,Michael Shanks,"Neil Shah, Emma Fitzsimmons, Si√¢n McArthur, Sarah Hong, Samie Kim Falvey, Dave Franco, Lia Buman, Micah Green, Daniel Steinman, Laura Waters, Tim Headington, Andrew Mittman, Kai Dolbashian, Alison Brie, Erik Feig, Mike Cowap, Max Silva, Julia Hammer","Cornel Wilczek, Alex Olijnyk",6.7,50375,/m52XidzKx94bKlToZfEXUnL3pdy.jpg,7,2025,31,together,the fantastic four: first steps,"sundance film festival (1), sxsw film festival (1), sydney film festival (1), biografilm festival (1), early access (1), blank (42), octopus film festival (1), locarno film festival (1), way out west (1), vod (1), dvd (1)",42,0,52,0.0,no,no
361743,Top Gun: Maverick,8.2,10317,Released,2022-05-21,1488732821,131,170000000,tt1745960,en,Top Gun: Maverick,"After more than thirty years of service as one of the Navy‚Äôs top aviators, and dodging the advancement in rank that would ground him, Pete ‚ÄúMaverick‚Äù Mitchell finds himself training a detachment of TOP GUN graduates for a specialized mission the likes of which no living pilot has ever seen.",15.2438,Feel the need... The need for speed.,"Action, Drama","skydance media, don simpson/jerry bruckheimer films, paramount pictures",United States of America,English,"Alec Williams, Whylip Lee, Tommy Kijas, Norman Ralph Eliasen, Glen Powell, Greg Tarzan Davis, Rachel Winfree, Jean Louisa Kelly, Ian Gary, Landon Gordon, Ryan Heilmann, Tom Cruise, Raymond Lee, James Handy, Bashir Salahuddin, Shannon Kane, Chido Nwokocha, Miles Teller, Bob Stephenson, Jon Hamm, Manny Jacinto, Danny Ramirez, Jake Picking, Jay Ellis, Jennifer Connelly, Kara Wang, Margaret Strabala, Charles Parnell, Lyliana Wray, Peter Mark Kendall, Brian Ferguson, Mercedes Kilmer, Val Kilmer, Rachael Markarian, Chelsea Harris, Jason Robert Boles, Tristan Henry, Ed Harris, Shantel Limbo, Austin Bowerman, Jack Schumacher, Stephanie Andrea Barron, Chaz Ingram, Lewis Pullman, Darnell Kirkwood, Monica Barbaro, Jack Kilmer",Joseph Kosinski,Claudio Miranda,"Peter Craig, Jim Cash, Jack Epps Jr., Ehren Kruger, Christopher McQuarrie, Justin Marks, Eric Warren Singer","Don Granger, Tom Cruise, Dana Goldberg, Mike Stenson, Christopher McQuarrie, Stefan Sonnenfeld, Chad Oman, Jerry Bruckheimer, Tommy Harper, David Ellison","Lady Gaga, Harold Faltermeyer, Hans Zimmer",8.2,812310,/62HCnUTziyWcpDaBO2i1DX17ljH.jpg,5,2022,20,top gun: maverick,doctor strange in the multiverse of madness,"cannes film festival (1), premiere (4), london (1), blank (49), yokohama (1), early access (1), seoul (1), vod (1), dvd (1), dvd,4k uhd,blu-ray (1), moma - the contenders (1), re-release (6), internet (1), limited (1), screenx version (1)",49,1,71,0.01,no,no
301528,Toy Story 4,7.468,10214,Released,2019-06-19,1073841394,100,175000000,tt1979376,en,Toy Story 4,"Woody has always been confident about his place in the world and that his priority is taking care of his kid, whether that's Andy or Bonnie. But when Bonnie adds a reluctant new toy called ""Forky"" to her room, a road trip adventure alongside old and new friends will show Woody how big the world can be for a toy.",8.7263,Get ready to hit the road!,"Family, Comedy, Animation, Adventure",pixar,United States of America,English,"Tony Hale, Carl Reiner, John Morris, June Squibb, Annie Potts, Steve Purcell, Lila Sage Bromley, Lori Alan, Estelle Harris, John Ratzenberger, Keanu Reeves, Carol Burnett, Patricia Arquette, Wallace Shawn, Kristen Schaal, Maliah Bargas-Good, Alan Oppenheimer, Carl Weathers, Betty White, Timothy Dalton, Tim Allen, Jeff Garlin, Jordan Peele, Laurie Metcalf, Mel Brooks, Jay Hernandez, Blake Clark, Juliana Hansen, Emily Davis, Joan Cusack, Jack McGraw, Bill Hader, Jeff Pidgeon, Melissa Villase√±or, Ally Maki, Don Rickles, Tom Hanks, Christina Hendricks, Keegan-Michael Key, Flea, Madeleine McGraw, Bonnie Hunt",Josh Cooley,"Jean-Claude Kalache, Patrick Lin","Valerie LaPointe, Josh Cooley, Stephany Folsom, Will McCormack, Martin Hynes, Andrew Stanton, Carrie Hobson, Rashida Jones, John Lasseter","Pete Docter, Mark Nielsen, Lee Unkrich, Jonas Rivera, Andrew Stanton, Galyn Susman",Randy Newman,7.6,305525,/w9kR8qbmQ01HwnvK4alvnQ2ca0L.jpg,6,2019,25,toy story 4,spider-man: far from home,"los angeles, california (1), premiere (2), annecy international animation film festival (1), london (1), blank (68), limited (1), tv release (1)",68,0,75,0.0,no,no
271718,Trainwreck,5.801,2641,Released,2015-07-17,140795793,125,35000000,tt3152624,en,Trainwreck,"Having thought that monogamy was never possible, a commitment-phobic career woman may have to face her fears when she meets a good guy.",4.9227,We all know one.,"Comedy, Romance","apatow productions, universal pictures",United States of America,English,"Jessica Cherniak, Kyle Dunnigan, Nicole Serapiglia, Marisa Tomei, Dave Hanson, Vanessa Bayer, Arnold Y. Kim, Kerrie Greene, Alexa Kobylarz, Whitney Wiggins, Daniel Radcliffe, Parker Madison, Christine Duke, Tim Meadows, Alyssa Quezada, Mike Birbiglia, Kevin Thompson, Amy Schumer, Robert E. Torres, Colin Quinn, Rock Kohli, Randall Park, Derric J. Stotts, Emma Jonnz, LeBron James, Dave Attell, Ryan Farrell, Amar'e Stoudemire, John Cena, Keith D. Robinson, Tim Duquette, Booker Garrett, Kevin Kane, Ezra Miller, Eric Locklin, Diane Kimbrell, Warren E. Hull, Chris Evert, Ajay Mehta, Michelle Roe, Henry Gagliardi, Aidan Charlery, Nikki Glaser, Norman Lloyd, Amanda Robinson, Pete Davidson, Jess Attardo, Jon Glaser, Eddie K. Robinson, Tommy Bayiokos, Selena Watkins, Estee Adoram, Leslie Jones, Josh Segarra, Bridget Everett, Robert Kelly, Marina Franklin, Lisa K. Price, Claudia O'Doherty, LaToya Brooks, Jim Florentine, Javoris Carlisle, Teal DePaola, Tony Cheng, Method Man, Devin Fabry, Doris McCarthy, Rachel Feinstein, Max Alexander, Kim Caramele, Alva Chinn, Dan Soder, John Mainieri, Matthew Broderick, Patrick J. Curley, Robert Z. Grant, Brie Larson, Karen Chamberlain, Alicia Mazepa, Evan Brinkman, Bill Hader, Rob Buntzen, Luciano Acuna Jr., Tilda Swinton, Victoria Dicce, Matthew Herington, Carla Oudin, Sterling Jones, Krista Tunnell, Khalil Muhammad, Ashley Nuel, Marv Albert, Tony Romo, Joe Mancini, Criscia Richardson, Leah O'Donnell",Judd Apatow,Jody Lee Lipes,Amy Schumer,"Barry Mendel, David B. Householter, Judd Apatow",Jon Brion,6.2,146388,/wrY629UTCUAKLJ4CxQXz6DCE7pr.jpg,7,2015,29,trainwreck,ant-man,"work-in-progress (1), south by southwest film festival (1), jerusalem film festival (1), blank (53), locarno film festival (1), limited (1), deauville film festival (1), dvd premiere (2), internet (1)",53,1,62,0.02,no,no
1032823,Trap,6.3,2510,Released,2024-07-31,83677281,105,30000000,tt26753003,en,Trap,"A father and teen daughter attend a pop concert, where they realize they're at the center of a dark and sinister event.",6.658,"30,000 fans. 300 cops. 1 serial killer. No escape.","Crime, Horror, Mystery, Thriller",blinding edge pictures,United States of America,English,"Mark Bacolcol, James Gomez, Harley Ruznisky, Sare Thorpe, Steve Boyle, Bobby Manning, Erica Wilson, Abbas Wahab, Elizabeth Victoria Wong, AJ Nadeau, Jennifer Ashleigh Lloyd, M. Night Shyamalan, Luke Charles, Valentina Theresa, Milan Deng, Timilehin Olusoga, Russ, Michael Brown, Ariel Donoghue, Joseph Daly, Jarrod W. Clegg, Marcia Bennett, Vanessa Smythe, Mateo Arias, Maya Lee O'Connor, David D'Lancy Wilson, Josh Hartnett, Josh Stone, Lochlan Ray Miller, Khiyla Aynne, Hailey Summer, Kid Cudi, Ajanae Stephenson, Piper Hook, Dominique Brownes, Leeyarah Belle Barcia, Michael Cox, Mia Yaguchi-Chow, Marnie McPhail, Nadine Hyatt, Allison Ference, Alison Pill, Saleka Night Shyamalan, Joshua Peace, Lauren Brady, Jonathan Langdon, Hayley Mills, Olivia Barrett, Iliya Kovler, Lara Zaluski",M. Night Shyamalan,Sayombhu Mukdeeprom,M. Night Shyamalan,"Steven Schneider, Ashwin Rajan, Marc Bienstock, M. Night Shyamalan",Herd√≠s Stef√°nsd√≥ttir,5.8,154590,/jwoaKYVqPgYemFpaANL941EF94R.jpg,7,2024,31,trap,deadpool & wolverine,"são paulo, são paulo, brazil (1), premiere (1), blank (39), pvod (1), internet (1), dvd,4k uhd,blu-ray (1)",39,1,44,0.02,no,no
136799,Trolls,6.63,3720,Released,2016-10-13,347337803,92,125000000,tt1679335,en,Trolls,"After the monstrous Bergens invade Troll Village, Princess Poppy, the happiest Troll ever born, and overly-cautious, curmudgeonly outcast Branch set off on a journey to rescue her friends. Their mission is full of adventure and mishaps, as this mismatched duo try to tolerate each other long enough to get the job done.",9.1492,Find your happy place.,"Family, Animation, Fantasy, Adventure, Comedy, Music",dreamworks animation,United States of America,English,"Justin Timberlake, Liam Henry, Jeffrey Tambor, Christopher Mintz-Plasse, Zo√´ Crawford, Rhys Darby, Mike Mitchell, Quvenzhan√© Wallis, Ron Funches, Emmett Mitchell, Caroline Hjelt, Christine Baranski, Ollie Mitchell, Riley Crawford, Phoebe Dohrn, Grace Helbig, Gwen Stefani, Kandee Johnson, John Cleese, James Corden, Glozell Green, Ricky Dillon, Iris Dohrn, Meg DeAngelis, Curtis Stone, Anna Kendrick, Aino Jawo, Kunal Nayyar, Zooey Deschanel, Russell Brand, Walt Dohrn, Nina Zoe Bakshi",Mike Mitchell,Yong Duk Jhun,"Erica Rivinoja, Nelson Yokota, Thomas Dam, Glenn Berger, Jonathan Aibel","Gina Shay, Dannie Festa",Christophe Beck,6.4,98657,/9VlK2j0THZWzhQPq0W3Oc0IIdBB.jpg,10,2016,41,trolls,doctor strange,"bfi london film festival (1), blank (59), chicago international film festival (1), dvd and blu-ray premiere (1), tv premiere (1), dvd premiere (1), internet (1)",59,1,65,0.02,no,no
718821,Twisters,6.8,2694,Released,2024-07-10,372262265,123,155000000,tt12584954,en,Twisters,"As storm season intensifies, the paths of former storm chaser Kate Carter and reckless social-media superstar Tyler Owens collide when terrifying phenomena never seen before are unleashed. The pair and their competing teams find themselves squarely in the paths of multiple storm systems converging over central Oklahoma in the fight of their lives.",15.3639,Chase. Ride. Survive.,"Action, Thriller","universal pictures, warner bros. pictures, amblin entertainment, domain entertainment",United States of America,English,"David Born, Ashley Jay Sandberg, Mike Morgan, Darryl Cox, Ken Pomeroy, Julie Oliver-Touchstone, Douglas Seok, Chris Adrien, Emily Sutton, James McAlister, Daryl McCormack, Brandon Perea, Damien Lodes, Lily Smith, Elizabeth Ann Townsend, Maxim Helmerich, Randy Ballard, Kaden Wittig, Austin Brooks, Aila Grey, Victoria Angelina Cruz, Jeff Swearingen, Ben Scott, Sasha Lane, Clay Edward Jones, Kiernan Shipka, Samantha Ireland, Chris Zurcher, Shaun Maher, Maura Tierney, Livia Chung, Tunde Adebimpe, Harry Hadden-Paton, David Corenswet, Glen Powell, Nik Dodani, Austin Bullock, Alex Kingi, Katy O'Brian, Ben Snow, Anthony Ramos, Stephen Oyoung, James Paxton, Ashley Moss, Paul Scheer, Jennifer Rader, Daisy Edgar-Jones, Tyler Kijac, Laura Poe, Capri O'Neill",Lee Isaac Chung,Dan Mindel,"Joseph Kosinski, Anne-Marie Martin, Mark L. Smith, Michael Crichton","Frank Marshall, Ashley Jay Sandberg, Patrick Crowley, Pete Chiappetta, Andrew Lary, Anthony Tittanegro, Steven Spielberg, Thomas Hayslip",Benjamin Wallfisch,6.5,186345,/pjnD08FlMAIXsfOLKQbvmO0f0MD.jpg,7,2024,28,twisters,deadpool & wolverine,"london (1), premiere (1), blank (55), early access (1), pvod (1), dvd,4k uhd,blu-ray (1), internet (1), tv release (1)",55,1,62,0.02,no,no
1232546,Until Dawn,6.429,1104,Released,2025-04-23,52794193,103,15000000,tt30955489,en,Until Dawn,"One year after her sister Melanie mysteriously disappeared, Clover and her friends head into the remote valley where she vanished in search of answers. Exploring an abandoned visitor center, they find themselves stalked by a masked killer and horrifically murdered one by one...only to wake up and find themselves back at the beginning of the same evening.",12.5005,Every night a different nightmare.,"Horror, Mystery","playstation productions, coin operated, m√•ngata, vertigo entertainment, screen gems, tsg entertainment",United States of America,English,"√Åd√°m Zambryzcki, Mariann Herm√°nyi, Odessa A'zion, Zs√≥fia Temesv√°ri, Bogl√°rka Heim, Maia Mitchell, Peter Stormare, Willem van der Vegt, Lotta Losten, David F. Sandberg, Tibor Szauerwein, √Åd√°m Bot, √Åd√°m Kocsis, Adrienn M√©sz, Belmont Cameli, Ella Rubin, Ji-young Yoo, Michael Cimino",David F. Sandberg,Maxime Alexandre,"Gary Dauberman, Blair Butler","Hermen Hulst, Charles Miller, David F. Sandberg, Carter Swan, Roy Lee, Asad Qizilbash, Mia Maniscalco, Gary Dauberman, Lotta Losten",Benjamin Wallfisch,5.7,54935,/bLY5yN4MKVynZ2HMZWElTOGBgBe.jpg,4,2025,17,until dawn,thunderbolts*,"blank (44), vod (1), dvd,4k uhd (1), internet (1)",44,1,47,0.02,no,no
458723,Us,7.0,7787,Released,2019-03-14,256067149,116,20000000,tt6857112,en,Us,"Husband and wife Gabe and Adelaide Wilson take their kids to their beach house expecting to unplug and unwind with friends. But as night descends, their serenity turns to tension and chaos when some shocking visitors arrive uninvited.",7.0767,Watch yourself.,"Horror, Mystery","monkeypaw productions, universal pictures, perfect world pictures, blumhouse productions, qc entertainment",United States of America,English,"Madison Curry, Ashley McKoy, Anna Diop, Lupita Nyong'o, Lon Gowan, Alessandro Garcia, Elisabeth Moss, Darrel Cherney, James Cobb, Cali Sheldon, Napiera Groves, Winston Duke, Nathan Harrington, Yahya Abdul-Mateen II, Alan Frazier, Evan Alex, Jordan Peele, Shahadi Wright Joseph, Dustin Ybarra, Duke Nicholson, Kara Hayward, Noelle Sheldon, David M Sandoval Jr., Tim Heidecker",Jordan Peele,Mike Gioulakis,Jordan Peele,"Sean McKittrick, Beatriz Sequeira, Jordan Peele, Ian Cooper, Daniel Lupi, Jason Blum",Michael Abels,6.8,381376,/ux2dU1jQ2ACIMShzB3yP93Udpzc.jpg,3,2019,11,us,captain marvel,"south by southwest film festival (1), blank (60), internet (1)",60,1,62,0.02,no,no
296099,Vacation,6.304,3857,Released,2015-07-28,104400000,99,31000000,tt1524930,en,Vacation,"Hoping to bring his family closer together and to recreate his childhood vacation for his own kids, a grown up Rusty Griswold takes his wife and their two sons on a cross-country road trip to the coolest theme park in America, Walley World. Needless to say, things don't go quite as planned.",5.3061,What could go wrong?,"Comedy, Adventure","new line cinema, benderspink, david dobkin productions",United States of America,English,"Hannah Jeter, Skyler Gisondo, Libby Blake, Leslie Mann, Michael Pe√±a, Matthew Cornwell, Nadine Avola, Kaitlin Olson, Colin Hanks, Ryan Cartwright, Chris Hemsworth, Jonathan Goldstein, Michael H. Cole, Rick Ericson, Chevy Chase, Samm Levine, Brooke Jaye Taylor, David Clennon, O'Clair Alexander, Elizabeth Fendrick, Brandon Michael Hale, Beverly D'Angelo, Cristina Squyres, Regina Hall, Ethan Maher, Omar Lagudali, Norman Reedus, Charlie Day, Christina Applegate, Emyri Crutchfield, John C. McGinley, Kirstin Ford, Steele Stebbins, R.F. Daley, Elizabeth Gillies, Holly Gardner, Valerie Payton, John Francis Daley, Ed Helms, Nick Kroll, Tim Heidecker, Keegan-Michael Key, Cameron McIntyre, Alkoya Brunson, Mitchell Warren, Catherine Missal, Miles Doleac, Ron Livingston","Jonathan Goldstein, John Francis Daley",Barry Peterson,"Jonathan Goldstein, John Hughes, John Francis Daley","Jeff Kleeman, Dave Neustadter, Steven Mnuchin, David Dobkin, Samuel J. Brown, Chris Bender, Marc S. Fischer, Richard Brener, Toby Emmerich",Mark Mothersbaugh,6.2,129684,/fYDALvoCt3DBlSWN6pSAnGQ9ld7.jpg,7,2015,31,vacation,ant-man,"blank (73), tv release (1), dvd premiere (1), internet (1)",73,1,76,0.01,no,no
339964,Valerian and the City of a Thousand Planets,6.6,7759,Released,2017-07-19,225973340,137,177200000,tt2239822,en,Valerian and the City of a Thousand Planets,"In the 28th century, Valerian and Laureline are special operatives charged with keeping order throughout the human territories. On assignment from the Minister of Defense, the two undertake a mission to Alpha, an ever-expanding metropolis where species from across the universe have converged over centuries to share knowledge, intelligence, and cultures. At the center of Alpha is a mysterious dark force which threatens the peaceful existence of the City of a Thousand Planets, and Valerian and Laureline must race to identify the menace and safeguard not just Alpha, but the future of the universe.",6.8374,A universe without boundaries needs heroes without limits.,"Adventure, Science Fiction, Action","belga films, river road entertainment, grive productions, europacorp, ufa, fundamental films, gulf film, novo pictures, tf1 films production, orange studio, bnp paribas fortis","France, Germany, United Arab Emirates, United States of America, Belgium, Canada, China","Fran√ßais, English","Ben Mauro, David Clark, Elliot Jenicot, Zouheir Zerhouni, Daphn√©e Kbidi, Charly Akakpo, Sija Titko, Eric Lampaert, Irene Palko, Andrew Tisba, Ethan Hawke, Sissi Duparc, Benjamin Cl√©ry, Barbara Weber-Scaff, David Saada, Tom Hygreck, C√©dric Chevalme, Philippe Rigot, Kristina Kachinskaya, Ga√´tan Cotigny, Mahamadou Coulibaly, Yun Lai, St√©phane Mir, John Goodman, Julien Marlin, Louis Leterrier, Elizabeth Debicki, Grant Moninger, Mikael Buxton, Maxime Babara Tour√©, Tristan Robin, Florian Guichard, Lee Delong, Jonas Bloquet, Tania Dessources, Yannick Lort√©, Cl√©ment Beauruelle, Sasha Luss, Thom Findlay, Alain Chabat, Akim Chir, Olivier Megaton, Aurelien Gaya, Abel Jafri, Pauline Hoarau, Jean-Robert Lombard, Emilie Livingston, James Flynn, Fayet Nsumoto, Yun-Ping He, Leonid Glushchenko, Diva Sicard, √âric Rochant, Cara Delevingne, Robbie Rist, Alain Etoundi, Aguendia Fotabong, Chlo√© Hollings, Alexandre Willaume, Sam Spruell, R√©ginal Kudiwu, Stefan Konarske, David Michie, Marie Barrouillet, Dane DeHaan, Paul Lef√®vre, Claire Tran, Anthony Hornez, Veronika Khayla, Staiv Gentis, Julien Bleitrach, Laurent Ferraro, Rutger Hauer, Jean-Christophe Brizard, Pierre Cachia, Patrick Cottet-Moine, Nick Marzock, Clive Owen, Gavin Drea, Noam Frost, Thierry Barthe, Fran√ßois Bredon, Emilie Pommelet, Audrey Kamp, √âtienne M√©nard, Kris Wu, Hippolyte Burkhart-Uhlen, Herbie Hancock, Christopher Swindel, Aymeline Valade, Roman Blomme, Peter Eberst, Yvan Lucker, Sam Douglas, Marilh√©a Peillard, Rihanna, Maximilien Seweryn, Beno√Æt Jacquot, Velvet D'Amour, Peter Hudson, Doug Rand, Jean-Fran√ßois Lenogue, Pier Ewudu, Pauline Serreau, Tristan Zerbib, Guillaume Maison, Cindy Bruna, Marion Roussignol, Lamin√© Ba, Mathieu Kassovitz, G√©rard Krawczyk, Thalia Besson, Sand Van Roy, Anders Heinrichsen, Peter Lamarque, Judith Brunett, Tonio Descanvelle, Xavier Giannoli, Ola Rapace, Alexandre Nguyen",Luc Besson,Thierry Arbogast,"Luc Besson, Jean-Claude M√©zi√®res, Pierre Christin","Virginie Besson-Silla, Luc Besson",Alexandre Desplat,6.4,206851,/vlc95gl3PtrjxSEuM8RhTtSm2xU.jpg,7,2017,29,valerian and the city of a thousand planets,spider-man: homecoming,"los angeles, california (1), premiere (1), fantasia international film festival (1), blank (56), pula film festival (1), eurasia international film festival (1), dvd premiere (2), re-release (1), internet (2)",56,2,66,0.03,no,no
580489,Venom: Let There Be Carnage,6.8,10862,Released,2021-09-30,506863592,97,110000000,tt7097896,en,Venom: Let There Be Carnage,"After finding a host body in investigative reporter Eddie Brock, the alien symbiote must face a new enemy, Carnage, the alter ego of serial killer Cletus Kasady.",8.8059,You are what you eat.,"Science Fiction, Action, Adventure","columbia pictures, pascal pictures, matt tolmach productions, arad productions",United States of America,"Espa√±ol, English","Reid Scott, Michelle Williams, Tiffanie Thomas, Vaughn Johseph, Jack Bandeira, Scroobius Pip, Stephen Graham, Otis Winston, James D. Weston II, Louis J Rhone, Jason McNab, Shaliz Afshar, Joshua Eldridge-Smith, Sean Delaney, Woody Harrelson, Eric Sigmundsson, Sam Robinson, Naomie Harris, Che Amaro, Peggy Lu, Brian Copeland, Rob Bowen, Greg Lockett, Miguel Angel Arreguin, Simon Connolly, Rachel Handshaw, Larry Olubamiwo, Rosie Marcel, Beau Sargent, Stewart Alexander, Akie Kotabe, Little Simz, Chabris Napier-Lawrence, Rocky Capella, Sonny Ashbourne Serkis, Amrou Al-Kadhi, Ed Kear, Ashlen Aquila, J.K. Simmons, Tom Holland, Reece Shearsmith, Elliot Cable, Kristen Simoes, Amanda Foster, Olumide Olorunfemi, Sian Webber, Christopher Godwin, Laurence Spellman, Jose Palma, Tom Hardy, David Zepeda, Michelle Greenidge, Jamal Ajala, Emma Lau",Andy Serkis,Robert Richardson,"Kelly Marcel, Mark Bagley, Tom DeFalco, Tom Hardy, David Michelinie, Todd McFarlane","Kelly Marcel, Ruben Fleischer, Matt Tolmach, Amy Pascal, Hutch Parker, Tom Hardy, Barry H. Waldman, Avi Arad, Jonathan Cavendish",Marco Beltrami,5.9,296177,/pzKsRuKLFmYrW5Q0q8E8G78Tcgo.jpg,9,2021,39,venom: let there be carnage,shang-chi and the legend of the ten rings,"london (1), premiere (1), blank (61), limited (1), internet (1), dvd premiere (1)",61,1,66,0.02,no,no
899112,Violent Night,7.2,2370,Released,2022-11-30,75734910,111,20000000,tt12003946,en,Violent Night,"When a team of mercenaries breaks into a wealthy family compound on Christmas Eve, taking everyone inside hostage, the team isn‚Äôt prepared for a surprise combatant: Santa Claus is on the grounds, and he‚Äôs about to show why this Nick is no saint.",5.0483,You better watch out.,"Action, Comedy, Fantasy","87north productions, universal pictures, original pictures","Canada, United States of America","English, Espa√±ol, Portugu√™s","Alexis Louder, Robert Borges, Erik Athavale, Cam Gigandet, Thomas Lorber, Adrian Persad, Christopher Sean Nott, Rawleigh Clements-Willis, Brendan Fletcher, Carson Nattrass, Can Aydin, John Leguizamo, Lance Cartwright, Jeff Strome, Shannon Guile, James Durham, DJ Brotherson, Yoon Cha-Lee, Tristan Carlucci, Brent Poplawski, Phong Giang, Frederick Allen, Marina Stephenson Kerr, Alex Hassell, Sean Skene, Mike Dopud, Maxime Laurin, Adam Hurtig, BJ Verot, Marc-Andr√© Brisebois, Vance Halldorson, Edi Patterson, Dylan Rampulla, Alan Castanga, John B. Lowe, Andr√© Eriksen, Alexander Elliot, Leah Brady, Stephanie Sy, Finn McCager Higgins, Ray Strachan, David Harbour, Beverly D'Angelo, Jake Kennerd, Mitra Suri, Anders Strome, Darren Ross",Tommy Wirkola,Matthew Weston,"Josh Miller, Patrick Casey","Guy Danella, David Leitch, Kelly McCormick, Marc S. Fischer",Dominic Lewis,6.7,116032,/e8CpMgdyihz9Td7amQDqubPuzfN.jpg,11,2022,48,violent night,black panther: wakanda forever,"advance screening (1), blank (45), internet (3), tv release (1)",45,3,50,0.06,no,no
10681,WALL¬∑E,8.1,19633,Released,2008-06-22,521311860,98,180000000,tt0910970,en,WALL¬∑E,"What if mankind had to leave Earth and somebody forgot to turn the last robot off? After hundreds of years doing what he was built for, WALL‚Ä¢E discovers a new purpose in life when he meets a sleek search robot named EVE. EVE comes to realize that WALL‚Ä¢E has inadvertently stumbled upon the key to the planet's future, and races back to space to report to the humans. Meanwhile, WALL‚Ä¢E chases EVE across the galaxy and sets into motion one of the most imaginative adventures ever brought to the big screen.",11.9175,"After 700 years of doing what he was built for, he'll discover what he was meant for.","Animation, Family, Science Fiction",pixar,United States of America,English,"Teddy Newton, Jess Harnell, Sherry Lynn, Jan Rabson, Garrett Palmer, Colette Whitaker, Kathy Najimy, Jim Ward, Paul Eiding, Kim Kopf, Elissa Knight, Jeff Pidgeon, Angus MacLane, Ben Burtt, Mickie McGowan, Lori Alan, Bob Bergen, Laraine Newman, Pete Docter, Teresa Ganzel, John Ratzenberger, Jeff Garlin, Sigourney Weaver, Andrew Stanton, Lori Richardson, Fred Willard, John Cygan, Niki McElroy, Donald Fullilove",Andrew Stanton,"Danielle Feinberg, Martin Rosenberg, Jeremy Lasky","Jim Reardon, Pete Docter, Andrew Stanton","John Lasseter, Jim Morris, Lindsey Collins, Thomas Porter",Thomas Newman,8.4,1288659,/hbhFnRzzg6ZDmm8YAmxBnQpQIPh.jpg,6,2008,25,wall¬∑e,the incredible hulk,"los angeles, california (1), premiere (6), moscow film festival (1), blank (72), edinburgh international film festival (1), wilkinson american movie day (1), buenos aires (1), opening film (1), jerusalem film festival (1), limited (2), london (1), paris (1), french speaking region (1), espoo film festival (1), sydney (1), berlin (1), german speaking region (1), tokyo international film festival (1), anifest film festival (1), shanghai international film festival (1), dvd premiere (1), tv premiere (1), beijing international film festival (1), 3-d version (1), brussels international film festival (1), internet (1), blu-ray release (1), re-release (1)",72,1,105,0.01,no,no
8885,Waltz with Bashir,7.7,1018,Released,2008-06-12,11179372,90,1500000,tt1185616,he,◊ï◊ê◊ú◊° ◊¢◊ù ◊ë◊ê◊©◊ô◊®,An Israeli film director interviews fellow veterans of the 1982 invasion of Lebanon to reconstruct his own memories of his term of service in that conflict.,4.0117,One man's journey to uncover his past.,"Drama, Animation, War, Documentary","les films d'ici, razor film produktion, itvs international, arte, bridgit folman film gang, yle, rtbf, sbs","Australia, Belgium, Finland, France, Germany, Israel, Switzerland, United States of America","◊¢÷¥◊ë÷∞◊®÷¥◊ô◊™, ÿßŸÑÿπÿ±ÿ®Ÿäÿ©, Deutsch, English","Zahava Solomon, Shmuel Frenkel, Yehezkel Lazarov, Ron Ben-Yishai, Mickey Leon, Ori Sivan, Ronny Dayag, Ari Folman, Dror Harazi",Ari Folman,,Ari Folman,"Gerhard Meixner, Yael Nahlieli, Roman Paul, Serge Lalou",Max Richter,8.0,62192,/zQaCv7lKwHsh0YSHkt1QNjIOZ1c.jpg,6,2008,24,waltz with bashir,the incredible hulk,"cannes film festival (1), cinema south festival (1), blank (27), munich international film festival (1), karlovy vary international film festival (1), telluride film festival (1), toronto international film festival (1), atlantic film festival (1), rio de janeiro international film festival (1), new york film festival (1), morelia film festival (1), são paulo international film festival (1), bfi london film festival (1), cph: dox (1), thessaloniki international film festival (1), anilogue (1), gijón international film festival (1), tallinn black nights film festival (1), new york city, new york (1), docpoint film festival (1), göteborg international film festival (1), cyprus film days (1), dvd premiere (4), downers grove, illinois (1), buenos aires international festival of independent cinema (1), anifest film festival (1), foro internacional de la cineteca (1), limited (2), animation nation (1), refugee film festival (1), cinemanila international film festival (1), glen ellyn, illinois (1), festival of solidarity for palestinian people (1), opening film (1), perspectives film festival (1), days of european film (1), athens film festival (1), israel film festival (1), subtitled version (1), event (1)",27,0,70,0.0,no,no
8909,Wanted,6.5,7348,Released,2008-06-19,342463063,110,75000000,tt0493464,en,Wanted,"Doormat Wesley Gibson is an office worker whose life is going nowhere. He meets an attractive woman named Fox and discovers that his recently murdered father - whom Wesley never knew - belonged to the Fraternity, a secret society of assassins which takes its orders from Fate itself. Fox and Sloan, the Fraternity's leader, teach Wesley, through intense training, to tap into dormant powers and hone his innate killing skills. Though he enjoys his newfound abilities, he begins to suspect that there is more to the Fraternity than meets the eye.",6.0434,Choose your destiny.,"Action, Thriller, Crime","kickstart entertainment, universal pictures, spyglass entertainment, marc platt productions, top cow productions",United States of America,English,"Konstantin Khabenskiy, Claudia DiBiccari, Marc Warren, Terence Stamp, David O'Hara, Dato Bakhtadze, Brian Caspe, Mark O'Neal, Common, Chris Pratt, Thomas Kretschmann, Brad Calcaterra, James McAvoy, Sophiya Haque, Bridget McManus, Morgan Freeman, Lorna Scott, Angelina Jolie, Kristen Hager, Mike Whyte, Julia Copeland",Timur Bekmambetov,Mitchell Amundsen,"J.G. Jones, Mark Millar, Michael Brandt, Chris Morgan, Derek Haas","Marc Silvestri, Marc Platt, Adam Siegel, Jim Lemley, Geyer Kosinski, Roger Birnbaum, Iain Smith, Jason Netter, Gary Barber, Jeff Kirschenbaum",Danny Elfman,6.7,424555,/cbDMsV4VJAL2xJ2JXdWWjmUXZkT.jpg,6,2008,25,wanted,the incredible hulk,"london (1), premiere (2), los angeles film festival (1), blank (58), french speaking region (1), german speaking region (1), tokyo (1), catalonia (1), limited (1), internet (1)",58,1,68,0.01,no,no
281338,War for the Planet of the Apes,7.21,9431,Released,2017-07-11,490719763,140,150000000,tt3450958,en,War for the Planet of the Apes,"Caesar and his apes are forced into a deadly conflict with an army of humans led by a ruthless Colonel. After the apes suffer unimaginable losses, Caesar wrestles with his darker instincts and begins his own mythic quest to avenge his kind. As the journey finally brings them face to face, Caesar and the Colonel are pitted against each other in an epic battle that will determine the fate of both their species and the future of the planet.",5.8821,For freedom. For family. For the planet.,"Drama, Science Fiction, War","20th century fox, tsg entertainment, chernin entertainment",United States of America,English,"James Pizzinato, Andy Serkis, Karin Konoval, Sara Canning, Billy Wickman, Woody Harrelson, Sandy Robson, Mercedes de la Zerda, Dean Redman, Toby Kebbell, Skye Notary, Kyle Horton, Doug Chapman, Judy Greer, Michael Adamthwaite, Albert Nicholas, Phoenix Notary, Devyn Dalton, Willow Notary, Levi Meaden, Alessandro Juliani, Matilda Aperlo, Aleks Paunovic, Lauro David Chartrand-DelValle, Finn Notary, Terry Notary, Timothy Webber, Thomas Potter, Andrew Alexander Reeves, Amiah Miller, Chad Rook, Sadie Aperlo, Gabriel Chavarria, Steve Baran, Paul Luongo, Ty Olsson, Steve Zahn, Roger Cross, Max Lloyd-Jones, Mathew Yanagiya, Shaun Omaid",Matt Reeves,Michael Seresin,"Mark Bomback, Rick Jaffa, Amanda Silver, Matt Reeves","Dylan Clark, Rick Jaffa, Peter Chernin, Amanda Silver",Michael Giacchino,7.4,321524,/mMA1qhBFgZX8O36qPPTC016kQl1.jpg,7,2017,28,war for the planet of the apes,spider-man: homecoming,"cine&comic fest genova (1), new york city, new york (1), blank (81), paris (1), premiere (2), buenos aires (1), internet (1)",81,1,88,0.01,no,no
55787,Water for Elephants,6.9,2569,Released,2011-04-15,117094902,122,38000000,tt1067583,en,Water for Elephants,"In this captivating Depression-era melodrama, impetuous veterinary student Jacob Jankowski joins a celebrated circus as an animal caretaker but faces a wrenching dilemma when he's transfixed by angelic married performer Marlena.",53.1733,Life is the most spectacular show on earth.,"Drama, Romance","big screen productions, fox 2000 pictures, dune entertainment, ingenious media",United States of America,"English, Polski","Jim Norton, James Frain, E.E. Bell, Uggie, Kacie Borrowman, Karynn Moore, Chris Blim, Ilia Volok, Michelle LaVon, Andrew Connolly, Melissa Johnston, Kyle Jordan, Aleksandra Kaniak, Christoph Waltz, Ashley Palmer, Chris Grabher, Scott MacDonald, Glen McDougal, Shannon Freyer, Ivo Nandi, Dreya Weber, Reese Witherspoon, Tracy Phillips, Bruce Gray, Lee-Anne Telford, Mary Newman, Tim Guinee, Donna W. Scott, Ken Foree, Sarah Karijan, Hal Holbrook, Ice, John Aylward, Sam Anderson, Jackie Zane, Paul Schneider, Julianna Piechoczek, Brad Greenquist, Robert Kestler, Doug McDougal, Major, Mark Povinelli, Stephen Monroe Taylor, Jim Jansen, Tatum Etheridge, Richard Brake, Tai the Elephant, Brad Potts, William Morse, James Keane, Kelsey McNamee, Stefan Rollins, Sebastien Stella, Rowan O'Hara, Robert Pattinson, Molly O'Neill",Francis Lawrence,Rodrigo Prieto,"Richard LaGravenese, Sara Gruen","Gil Netter, Andrew R. Tennenbaum, Kevin Halloran, Erwin Stoff",James Newton Howard,6.9,123263,/8T7Hvb9trKvCAmbSI8cEIU0Sl2T.jpg,4,2011,15,water for elephants,thor,"blank (54), german speaking region (1), french speaking region (1), italian speaking region (1), opening film (1), shanghai international film festival (1), tokyo (1), blu-ray premiere (1), tv release (1)",54,0,62,0.0,no,no
511809,West Side Story,6.955,1688,Released,2021-12-08,76016171,156,100000000,tt3581652,en,West Side Story,"Two youngsters from rival New York City gangs fall in love, but tensions between their respective friends build toward tragedy.",3.0511,A city divided. Their love will challenge everything.,"Drama, Romance, Crime","20th century studios, amblin entertainment, tsg entertainment",United States of America,"English, Espa√±ol","Maya Haghighi Guliani, Skye Mattox, Paloma Garcia-Lee, Sebastian Serra, Jessica Marza, Corey Stoll, Adriel Flete, Josh Rivera, Ansel Elgort, Gaby Diaz, Oscar Antonio Rodriguez, Carlos E. Gonzalez, Maddie Ziegler, Jos√© Ram√≥n Rosario, Silvano Monasterios, Leigh-Ann Esty, Savannah Ren√©e Rodriguez, Rachel Zegler, Melody Mart√≠, Ricardo Zayas, Bert Michaels, Roland Morales, Navio Lopez, Ryan Woodle, Lesley Bilingslea, Andr√©a Burns, Leonardo Ro, Feiga Martinez, David Bean, Doreen Montalvo, Sara Esty, Talia Ryder, David Guzman, Jamie Harris, Aubrey Mills, Curtiss Cook, Brittany Pollack, David Alvarez, Isabella Ward, Ciara Calderon, Rita Moreno, Julius Anthony Rubio, Adriana Pierce, Mike Massimino, Rene Ojeda, Dave Noland, Shade Rupe, Ilda Mason, Ixchel Cuellar, Jose Ruiz, Jeanette Delgado, David Aviles Morales, Jesseudi Marcelino, Kyle Coffman, Ron Stroman, Kellie Drobnick, Natalie Toro, Ric Molina, Isaias Badilla, Andrei Chagas, Kevin Csolak, Daniel Patrick Russell, Patrick Noonan, Victor Cruz, Gabriela M. Soto, Yurel Echezarreta, Nadia Quinn, Maria Alexis Rodriguez, Jess LeProtto, Dave Phillips, Jamila Velazquez, Yassmin Alers, Paul Niebanck, Luke Joseph Fuentes Duculan, Lauren Leach, Halli Toland, Jonalyn Saxer, Brian d'Arcy James, Carlos S√°nchez Fal√∫, Ricky Garcia, Annelise Cepero, Ricky Ubeda, Andy Powers, Kelvin Delgado, Tanairi Sade Vazquez, Myles Erlick, Edriz E. Rosa P√©rez, Dan Pearson, Ariana DeBose, Kyle Allen, Julian Elia, Mike Iveson, Mar√≠a Alejandra Castillo, Garett Hawe, Eloise Kropp, Tyler Myers, Mannelly Gonzalez Abreu, Jumaane Smith, Javier Diaz, Denia Brache, Reginald L. Barnes, John Michael Fiumara, Adrian Castillo, Sean Harrison Jones, Pablo Thomas, Jeff Ward, Abigail R. Valdez, Hommy Ramos, Patrick Higgins, Juliette Feliciano Ortiz, Clint de Ganon, Erik Charlston, Yesenia Ayala, Ben Cook, Arianna Rosario, Brianna Abruzzo, Jennifer Florentino, German M. Castillo, Chryssie Whitehead, Mike Faist, Ana Isabelle, Harrison Coll, iris menas, Jacob Guzman, Joe Lanza",Steven Spielberg,Janusz Kami≈Ñski,"Arthur Laurents, Stephen Sondheim, William Shakespeare, Jerome Robbins, Leonard Bernstein, Tony Kushner","Daniel Lupi, Rita Moreno, Adam Somner, Kristie Macosko Krieger, Kevin McCollum, Steven Spielberg, Tony Kushner",Leonard Bernstein,7.1,104058,/yfz3IUoYYSY32tkb97HlUBGFsnh.jpg,12,2021,49,west side story,spider-man: no way home,"new york city, new york (1), premiere (2), blank (57), french speaking region (1), german speaking region (1), limited (1), madrid (1), italian speaking region (1), dvd premiere (1), moma - the contenders (1), santa barbara international film festival (1), internet (1), dvd and blu-ray premiere (1), tv premiere (1)",57,1,71,0.01,no,no
682507,Where the Crawdads Sing,7.546,2089,Released,2022-07-14,144353965,126,24000000,tt9411972,en,Where the Crawdads Sing,"Abandoned by her family, Kya raises herself all alone in the marshes outside of her small town. When her former boyfriend is found dead, Kya is instantly branded by the local townspeople and law enforcement as the prime suspect for his murder.",4.0115,Secrets are buried just beneath the surface.,"Drama, Mystery, Romance","3000 pictures, hello sunshine, harpercollins publishers",United States of America,English,"Toby Nichols, Luke David Blumm, Charley Vance, Michael A. Newcomer, Jayson Warner Smith, Suzette Lange, Mike Harkins, Joe Chrest, David Strathairn, Harris Dickinson, Leslie France, Garret Dillahunt, Billy Slaughter, Sharon Landry, Emma Kathryn Coleman, Will Bundon, Wyatt Parker, Pete Marinovich, Jerri Tubbs, Sarah Durn, Anna Kabis, Don Stallings, Patrick Nicks, Charlie Talbert, Blue Clarke, Michael Hyatt, Logan Macrae, Jojo Regina, Kevin Clabert, Zoey Reid, Payne Bosarge, Taylor John Smith, Caroline Cole, Bill Kelly, Brad Blanchard, Daisy Edgar-Jones, Robert Larriviere, Lillian Dorsett, Ron Flagge, Dane Rhodes, Ahna O'Reilly, Sam Anderson, Grace Hinson, Taylor Shurte, Adeleine Whittle, William Gautreaux, Sterling Macer Jr., Eric Ladin",Olivia Newman,Polly Morgan,"Delia Owens, Lucy Alibar","Jon Wu, Reese Witherspoon, Betsy Danbury, Rhonda Tollefson, Aislinn Dunster, Lauren Neustadter",Mychael Danna,7.2,153064,/n1el846gLDXfhOvrRCsyvaAOQWv.jpg,7,2022,28,where the crawdads sing,thor: love and thunder,"new york city, new york (1), premiere (1), blank (47), dvd premiere (1), locarno film festival (1), french speaking region (1)",47,0,52,0.0,no,no
744594,White Noise,5.551,751,Released,2022-11-25,71476,136,100000000,tt6160448,en,White Noise,"Jack Gladney, professor of Hitler studies at The-College-on-the-Hill, husband to Babette, and father to four children/stepchildren, is torn asunder by a chemical spill from a rail car that releases an ""Airborne Toxic Event"" forcing Jack to confront his biggest fear - his own mortality.",3.8271,You can‚Äôt hear it if it's everywhere.,"Comedy, Drama","heyday films, nb/gg pictures, a24","United Kingdom, United States of America","English, Deutsch","Matthew Williams, Owen Nipper, Starlett Sabo, Brooke Bloom, Chloe Fineman, Douglas Brodax, Quincy Tyler Bernstine, Meggie Loughran, Bill Camp, Randall L. Johnson, J. Barrett Cooper, Jodie Turner-Smith, C.C. Boler, Matt Henderson, Janellyn Woo, Dean Moore, Andrew Barth Feldman, Samantha Russell, Jill Brodax, Wickham Bermingham, Kenneth Lonergan, Andy Knode, Ted Weil, Danielle Williams, Benjamin Sheeler, Kenneth D. Early, Janette Torrico-Woo, Barbara Sukowa, George Drakoulias, Santu Chopra, Maggie Lou Rader, Britta Phillips, Annie Fitzpatrick, Jacquelyn Woo, Carly Brodax, David Myers Gregory, Jennifer Tober, Gideon Glick, Joey Nader, Adam Driver, Don Cheadle, Erik Moth, Howard Y. Woo, Hannah Neff, Dean Wareham, Sam Nivola, Michael Chopra, Henry Moore, Chris Green, Aaron Marcus, Francis Jue, Andr√© 3000, Gavin Ditz, Raffey Cassidy, David Neumann, Jeanne Madison, Sam Gold, May Nivola, Madison Gaughan, Alphaeus Green, Jr., Lauren Ashley Berry, Mei Woo, J. David Hinze, James DeForest Parker, Jacob Weinheimer, Greta Gerwig, Lars Eidinger, Carlos Jacott, Danny Wolohan, Sarah Eddy",Noah Baumbach,,"Noah Baumbach, Don DeLillo","Brian Bell, Uri Singer, David Heyman, Leslie J. Converse, Noah Baumbach",Danny Elfman,5.7,46964,/kesxNdLZlmGoTRspDHU1WgdEuGw.jpg,11,2022,47,white noise,black panther: wakanda forever,"venice film festival (1), new york film festival (1), bfi london film festival (1), busan international film festival (1), middleburg film festival (2), opening film (1), newport beach international film festival (1), film fest 919 chapel hill nc film festival (1), philadelphia international film festival (1), tokyo international film festival (1), montclair film festival (1), miami film festival gems (1), lisbon & sintra film festival (1), camerimage international film festival (1), limited (13), blank (5), moma - the contenders (1), internet (27)",5,27,61,0.44,yes,no
1022796,Wish,6.3,1684,Released,2023-11-13,254997360,95,175000000,tt11304740,en,Wish,"Asha, a sharp-witted idealist, makes a wish so powerful that it is answered by a cosmic force ‚Äì a little ball of boundless energy called Star. Together, Asha and Star confront a most formidable foe - the ruler of Rosas, King Magnifico - to save her community and prove that when the will of one courageous human connects with the magic of the stars, wondrous things can happen.",8.4936,Be careful what you wish for.,"Animation, Family, Fantasy, Adventure",walt disney animation studios,United States of America,English,"Ariana DeBose, Chris Pine, Keone Young, Harvey Guill√©n, Angelique Cabral, Heather Matarazzo, Jennifer Kumiyama, Nasim Pedrad, Nicole Lynn Evans, Abraham Sigler, Ef√©, Holland Watkins, Woody Buck, Victor Garber, Lucas Sigler, Niko Vargas, Jon Rudnitsky, Natasha Rothwell, Evan Peters, Alan Tudyk, Della Saba, Ramy Youssef","Fawn Veerasunthorn, Chris Buck",,"Jennifer Lee, Allison Moore, Fawn Veerasunthorn, Chris Buck, Burny Mattinson","Jennifer Lee, Peter Del Vecho, Juan Pablo Reyes Lancaster-Jones, Don Hall",Dave Metzger,5.6,48709,/m9ckCVKU9vW3Dxc8hbodx7mjJbe.jpg,11,2023,46,wish,the marvels,"hollywood, los angeles, usa (1), premiere (2), shanghai (1), blank (62), cis (1), french speaking region (1), internet (3), moma - the contenders (1)",62,3,72,0.04,no,no
515195,Yesterday,6.7,4098,Released,2019-06-26,154608856,116,26000000,tt8079248,en,Yesterday,A struggling musician realizes he's the only person on Earth who can remember The Beatles after waking up in an alternate reality where the group was forgotten.,7.8273,Everyone in the world has forgotten The Beatles. Everyone except Jack‚Ä¶,"Comedy, Fantasy, Music, Romance","working title films, working title films","United Kingdom, United States of America",English,"Meera Syal, Karl Theobald, Dominic Coleman, Maryana Spivak, Helena Devereux, Jelly Cleaver, Charlie Hannah, Nic Minns, Michele Stodart, Alex Bonfanti, Harry Michell, Oliver Booker, Kate McKinnon, Vincent Franklin, Camilla Rutherford, Michael Jablonka, Karma Sood, Joel Fry, Jimmy Gallagher, Lily James, Gus Brown, Sophie Mensah, Justin Edwards, Lewis Wright, Saul Shlosberg, Ellise Chappell, William McGeough, Ifeoluwa Ogunjobi, Daisy Chute, Rachael Elizabeth, Lamorne Morris, David Lautman, Javone Prince, Chilli-Rae McCormack, Neilesh Ambu, Hiten Patel, Sanjeev Bhaskar, Hannah Mbuya, Sophia Di Martino, K.C. Wolf, Camilla George, Sarah Lancashire, Lucie Arnoux, Sandra-Mae Luijkx, Ed Sheeran, Elizabeth Berrington, Jaimie Kollmer, Diana Pauline, D√≠ana Bermudez, Himesh Patel, Steve Pringle, Alexander Arnold, James Corden, Cristina Dohmen, Clementine Webb, Xav Clarke, Julian Feria, Craig Rowin, Richie Seivwright, Jane Seaborn, Sunny Yeo, Robert Carlyle, Michael Kiwanuka",Danny Boyle,Christopher Ross,"Jack Barth, Richard Curtis","Matthew James Wilkinson, Lee Brazier, Eric Fellner, Nick Angel, Danny Boyle, Bernard Bellew, Tim Bevan, Richard Curtis",Daniel Pemberton,6.8,181121,/9fYka5CQt9nrb6LOtKicysUf9NA.jpg,6,2019,26,yesterday,spider-man: far from home,"tribeca film festival (1), montclair film festival (1), chicago critics film festival (1), oak cliff film festival (2), seattle international film festival (1), cabourg film festival (1), sydney film festival (1), edinburgh international film festival (1), blank (59), karlovy vary international film festival (1), munich international film festival (1), dvd premiere (1), film by the sea film festival (1)",59,0,72,0.0,no,no
10661,You Don't Mess with the Zohan,5.7,3928,Released,2008-06-05,204313400,113,90000000,tt0960144,en,You Don't Mess with the Zohan,An Israeli counterterrorism soldier with a secretly fabulous ambition to become a Manhattan hairstylist. Zohan's desire runs so deep that he'll do anything -- including faking his own death and going head-to-head with an Arab cab driver -- to make his dreams come true.,5.1397,Lather. Rinse. Save the world.,"Comedy, Action","relativity media, happy madison productions, columbia pictures",United States of America,"English, ◊¢÷¥◊ë÷∞◊®÷¥◊ô◊™","Gerry Del Sol, Yamit Sol, Kendall Draughn, Guy Oseary, Penelope Windust, Paula Lemes, Lina So, Moran Atias, Bruce Vilanch, Sidney Ganis, Marshall Factora, Nick Clark, Ido Mosseri, Latif Marotti, Betty Murphy, Rachael Murphy, Sandra Rosko, David Zahedian, Rob Schneider, John McEnroe, Leslie Garza, Mariah Carey, Nicole Bennett, Ido Mor, Danny A. Abeckaser, Edith S. Wolfrey, Maite Garcia, Terrie Snell, Eric Lamonsoff, Kevin James, Jordan Ashbrook, Sona Karia, John Radcliff, Anthony Martins, Sayed Badreya, Jessica Mei Gershen, Robert Benny, Alex Luria, Seth Texeira, Rick Gifford, Julia Lea Wolov, Alec Mapa, Veerta Motiani, Daniel Browning Smith, Mike Basone, Dave Johnson, Dave Vij, Timothy Dean Lee, Billy Concha, Susan Grace, Vanessa Long, Seth Howard, Lainie Kazan, Nikki Giavasis, Tyler Spindel, Eloise DeJoria, Ian Fisher, Chris Spinelli, Ray Garvey, Bibiana Navas, Deborah Rombaut, Emmanuelle Chriqui, Guri Weinberg, Naama Nativ, John Turturro, Kathleen Noone, Barbara Ann Davison, Norma Michaels, Dina Doron, Anne Marie Howard, John Dardenne, Christa Texeira, Kevin Grady, Kristen Lowman, Keana Texeira, Klavdia Ramnareine, Yossi Marshak, Sadie Sandler, Ronald E. Giles, Mousa Kraish, Kristina Haddad, Kevin Nealon, Jhennah Sinclaire, Bunny Levine, Joseph DeLuca, George Takei, Bobby Tisdale, Jennifer De Minco, Lily Javaherpour, Dennis Dugan, Barbara Jean Barrielle, Bernadette Lords, Sarah Stringer, Sophie Texeira, Carol Schlanger, Roni Levy, Joe Van Wie, Reuven Bar-Yotam, Christina Neferis, Adria Tennor, John Farley, Sharlene Grover, Sepideh Haftgoli, Michael Buffer, Anna Berger, Adam Ohl, Adam Sandler, Helen Siff, Sam Sagheb, Charlotte Rae, Julius Zagon, Cynthia Frost, John Paul DeJoria, Todd Justin, Kenneth Greenaway, Denise Bradley, Mark Kubr, Chris Rock, Melanie Bulujian, Robert Smigel, Shulie Cowen, Uzimann, Nick Swardson, Molly Weiner, Rock Kohli, Paul Jeans, Blake Bertrand, Mikael Sharafyan, Donna Feldman, Laurie Meghan Phelps, Aesop Aquarian, Michelle Arenal, Yinon Sapir, Monica Cabral, Marjorie Loomis, Todd Holland, Ella Christopher, Christian Reeve, Lee Stickler, Henry Winkler, Shelley Berman, Constance Barron, Mike Batayeh, Sam Kalidi, Ryan Phillip Thomas, Ahmed Ahmed, Dana Goodman, Riley Thomas Stewart, Ashley Ausburn, Marco Khan, Connor Wiles, Gina Tleel, Dave Matthews, Kevin van Doorslaer, Barry Livingston, Herzl Tobey, Saye Yabandeh, Kevin Cannon, Eric Feliciano, Nicole Montano, Holly Weber, Maysoon Zayid, Zahra Heydari, John Duerler, Rob Shapiro, Edmund Lyndeck, Donielle Artese, Lamar Brown, Ben Wise, Christopher Innvar, Ori Pfeffer, Guile Branco, Cheryl Cosenza, Phoebe Dorin, Mark Winn, Roni Meron, Anna Garcia Williams, Larry Marko, Rossie Cottrell, Daoud Heidami, Dianne Perry Dowler",Dennis Dugan,Michael Barrett,"Adam Sandler, Robert Smigel, Judd Apatow","Adam Sandler, Jack Giarraputo, Robert Smigel, Barry Bernardi",Rupert Gregson-Williams,5.6,224530,/gBhLQmpCPoKFMCGsulMbIFzrBID.jpg,6,2008,23,you don't mess with the zohan,the incredible hulk,"blank (48), french speaking region (1), german speaking region (1), blu-ray release (1), old town taito international comedy film festival (1), dvd premiere (2), war on screen international film festival (1), internet (1)",48,1,56,0.02,no,no
38319,Your Highness,5.3,1381,Released,2011-04-08,28013733,102,49900000,tt1240982,en,Your Highness,"A fantasy movie about an arrogant, lazy prince and his more heroic brother who must complete a quest in order to save their father's kingdom.",2.0692,Get your quest on.,"Comedy, Fantasy, Adventure, Action","universal pictures, stuber pictures",United States of America,English,"Zooey Deschanel, Eva Wyrwal, Danny McBride, Susie Kelly, Justin Theroux, Anna Barry, Madison Welch, Michael Clarke Duncan, Damian Lewis, Rasmus Hardiker, Caroline Grace-Cassidy, Charles Dance, Ben Willbond, B.J. Hogg, Natalie Portman, Simon Farnaby, Matyelok Gibbs, Toby Jones, Julian Rhind-Tutt, Charles Shaughnessy, Ben Wright, Amii Grove, David Garrick, Angela Pleasence, Brian Steele, Deobia Oparei, John Fricker, Rhian Sugden, James Franco, Amber Anderson",David Gordon Green,Tim Orr,"Ben Best, Danny McBride","Andrew Z. Davis, Danny McBride, Mark Huffam, Scott Stuber, Jon Mone",Steve Jablonsky,5.5,107021,/zw1tEKhR1ncGGtuYkkf30GYlvYQ.jpg,4,2011,14,your highness,thor,"blank (23), dvd premiere (6), dvd and blu-ray premiere (3), tv release (1), internet (2)",23,2,35,0.06,no,no
