id,title,vote_average,vote_count,status,release_date,revenue,runtime,budget,imdb_id,original_language,original_title,overview,popularity,tagline,genres,production_companies,production_countries,spoken_languages,cast,director,director_of_photography,writers,producers,music_composer,imdb_rating,imdb_votes,poster_path,release_month,release_year,iso_week,title_clean,distance,strength,score,marvel_movie,attributes,blank,internet,total,internet_ratio,internet_dominance,error
118289,Diana,5.6,495,Released,2013-09-19,21766271,113,15000000,tt1758595,en,Diana,"During the last two years of her life, Princess Diana campaigns against the use of land mines and has a secret love affair with a Pakistani heart surgeon.",11.8656,The legend is never the whole story,"Drama, Romance","ecosse films, le pacte, scope pictures, filmgate films, film i v√§st, mp film production","Belgium, France, Sweden, United Kingdom",English,"Charles Edwards, Jay McDonald, Juliet Stevenson, Du≈°ko Valentiƒá, Ameer Choudrie, Max Cane, Geraldine James, Michael Hadley, Afzal Khan, Ilan Goodman, Cleone Cassidy, Florence Bell, Rose O'Loughlin, Julian Firth, Alexander Barnes, Kasthuri Singh, Edna Jaire, Christopher Birch, Naomi Watts, Mirjana Sino≈æiƒá, Jonathan Kerrigan, Douglas Hodge, Prasanna Puwanarajah, Mary Stockley, David Sherwood, James Puddephatt, Naveen Andrews, Tessa Jubber, Harry Holland, Art Malik, Alex Elliot, Max Wrottesley, Leeanda Reddy, Daniel Pirrie, Chris Cowlin, Nathaniel Facey, Rafiq Jajbhay, Usha Khan, Will Chitty, Micah Balfour, Cas Anvar, Nera Stipiƒçeviƒá, Michael Byrne, Raffaello Degruttola, Laurence Belcher",Oliver Hirschbiegel,Rainer Klausmann,"Kate Snell, Stephen Jeffreys","Mark Woolley, Robert Bernstein, Genevi√®ve Lemal, Tim Haslam, Douglas Rae, Xavier Marchand","David Holmes, Keefus Ciancia",5.6,21378,/a2fdd9ZcWeIh13PPNPnxKs2tbXm.jpg,9,2013,38,diana,-41,16.89587217371432,0.4022826708027219,thor: the dark world,"london (1), premiere (1), blank (47), rio de janeiro international film festival (1), limited (2), amsterdam film week (1), dvd premiere (1)",47,0,54,0.0,no,no
146233,Prisoners,8.1,12554,Released,2013-09-19,122126687,153,46000000,tt1392214,en,Prisoners,"Keller Dover is facing every parent‚Äôs worst nightmare. His six-year-old daughter, Anna, is missing, together with her young friend, Joy, and as minutes turn to hours, panic sets in. The only lead is a dilapidated RV that had earlier been parked on their street.",8.0626,Every moment matters.,"Drama, Thriller, Crime","alcon entertainment, 8:38 productions, madhouse entertainment",United States of America,English,"Alisa Harris, Jeff Pope, Anthony Reynolds, Takara Clark, J. Omar Castro, Viola Davis, Sandra Ellis Lafferty, Rodrick Goins, Hugh Jackman, Robert C. Treveiler, Mark Drum, Melissa Leo, John Atwood, Wayne Duvall, Pam Smith, Jane McNeill, Brian Daye, Paul Dano, Erin Gerasimovich, Jake Gyllenhaal, Lana Yoo, Katrina Despain, Len Cariou, Brody Rose, Maria Bello, Stacy Melich, Todd Truley, Zo√´ Soul, David Dastmalchian, Dylan Minnette, Brad James, Jason Davis, Michelle Keller, Victoria Staley, Terrence Howard, Kyla-Drew, Gloria Webber, Robert Mello, Dennis Christopher",Denis Villeneuve,Roger Deakins,Aaron Guzikowski,"Andrew A. Kosove, Mark Wahlberg, Broderick Johnson, Kira Davis, Adam Kolbrenner, Stephen Levinson, Robyn Meisinger, John H. Starke, Edward McDonnell",J√≥hann J√≥hannsson,8.2,902735,/jsS3a3ep2KyBVmmiwaz3LvK49b1.jpg,9,2013,38,prisoners,-41,18.620569490135487,0.4433468926222735,thor: the dark world,"telluride film festival (1), toronto international film festival (1), beverly hills, california (1), premiere (4), belgrade (1), blank (65), berlin (1), san sebastián film festival (1), zurich film festival (1)",65,0,76,0.0,no,no
220289,Coherence,7.217,3178,Released,2013-09-19,139745,89,50000,tt2866360,en,Coherence,Four couples gather for dinner the night a mysterious and powerful comet passes overhead.,4.6224,Rearrange your brain.,"Thriller, Science Fiction","bellanova films, ugly duckling films","United Kingdom, United States of America",English,"Kelly Donovan, Emily Baldoni, Aqueela Zoll, Nicholas Brendon, Elizabeth Gracen, Hugo Armstrong, Alexis Boozer Sterling, Maury Sterling, Lauren Maher, Mark Ballou, Lorene Scafaria, Alex Manugian",James Ward Byrkit,Nic Sadler,"Alex Manugian, James Ward Byrkit","Lene Bausager, Alyssa Byrkit",Kristin √òhrn Dyrud,7.2,166710,/ezUtb9m5DeLwL2gxi4gktzNCvQv.jpg,9,2013,38,coherence,-41,11.847581768067462,0.2820852801920824,thor: the dark world,"austin fantastic fest (1), sitges film festival (1), golden horse fantastic film festival (1), taipei golden horse fantastic film festival (1), sarasota film festival (1), cph: pix (1), istanbul film festival (1), riverrun international film festival (1), imagine film festival (1), san francisco international film festival (1), southeast new england film, music & arts festival (1), montclair film festival (1), new york city, new york (1), edinburgh international film festival (1), traverse city film festival (1), blank (7), internet (3), fantasy filmfest (1), dvd premiere (11), motelx - lisbon international horror film festival (1), utopia film festival (1), toronto (1), athens film festival (1), limited (1), blu-ray & dvd premiere (1), dvd and blu-ray premiere (1), blu-ray release (1), atlanta film festival (1)",7,3,46,0.07,no,no
157834,The Zero Theorem,6.1,1266,Released,2013-09-20,770706,107,8500000,tt2333804,en,The Zero Theorem,"A computer hacker's goal to discover the reason for human existence continually finds his work interrupted thanks to the Management; this time, they send a teenager and lusty love interest to distract him.",1.7788,Nothing is Everything,"Drama, Fantasy, Science Fiction","zanuck independent, mediapro pictures, zephyr films, picture perfect corporation, voltage pictures, asia & europe productions","France, Romania, United Kingdom, United States of America",English,"M√©lanie Thierry, Matt Damon, Rupert Friend, Gwendoline Christie, Ingrid Bisu, Christoph Waltz, Lucas Hedges, Ben Whishaw, Sanjeev Bhaskar, Peter Stormare, Iulia Verdes, Tilda Swinton, Lily Cole, David Thewlis, Dana Rogoz, Margarita Doyle",Terry Gilliam,Nicola Pecorini,Pat Rushin,"Dean Zanuck, Nicolas Chartier, Jean Labadie, Patrick Newall, Andreea Stanculeanu, Andrei Boncea, Chris Curling, Phil Robertson, Zev Foreman",George Fenton,6.0,51259,/j2sEI9FOaJszidVatzIaaMPdLsm.jpg,9,2013,38,the zero theorem,-40,13.555063554376972,0.3306113062043164,thor: the dark world,"venice film festival (1), blank (24), san sebastián film festival (1), rio de janeiro international film festival (1), austin fantastic fest (1), sitges film festival (1), bfi london film festival (1), ljubljana international film festival (1), brisbane film festival (1), black nights film festival (1), marrakech international film festival (1), göteborg international film festival (1), glasgow film festival (1), belgrade film festival (1), vilnius international film festival (1), istanbul film festival (1), cph:pix (1), imagine film festival (1), brussels international fantastic film festival (1), paris (1), premiere (1), munich international film festival (1), neuchâtel international fantastic film festival (1), fantasia international film festival (1), dvd and blu-ray premiere (2), dvd premiere (1), internet (2), baltic pearl film festival (1), utopia film festival (1), limited (2), beijing international film festival (1), trieste science+fiction festival (1), sofia film fest (1)",24,2,59,0.03,no,no
191714,The Lunchbox,7.4,757,Released,2013-09-20,17240000,104,3400000,tt2350496,hi,The Lunchbox,"A mistaken delivery in Mumbai's famously efficient lunchbox delivery system (Mumbai's Dabbawallahs) connects a young housewife to a stranger in the dusk of his life. They build a fantasy world together through notes in the lunchbox. Gradually, this fantasy threatens to overwhelm their reality.",3.7784,Can You Fall In Love With Someone You Have Never Met?,"Drama, Romance","dar motion pictures, asap films, sikhya entertainment, national film development corporation of india, rohfilm, cine mosaic, arte france cin√©ma, dharma productions, nittin keni creations, utv motion pictures","France, Germany, India, United States of America","English, ‡§π‡§ø‡§®‡•ç‡§¶‡•Ä","Avijit Khanwilkar, Calvin Desilva, Rosemary Vossoaker, Denzil Smith, Ravindra Dubey, Krishna Bai, Vidhya Dhar, Quitira Vossoaker, Kyeron Kandoria, Santosh Kumar Chaurasiya, Lillete Dubey, Yashvi Punneet Nagar, Bharati Achrekar, Flory Vossoaker, Narendra Arora, Mahesh Mahadev Salavkar, Krishna Mandal, Nimrat Kaur, Craig Narona, Xavier Hodges, Hubart Vossoaker, Shubh Jadav, Nakul Vaid, Swapnil Shirirao, Irrfan Khan, Sebastian Vossoaker, Baaburao Sankpal, Kancha Karki, Aarti Rathod, Raj Rishi More, Rosemary Hodges, Nasirr Khan, Nawazuddin Siddiqui, Lokesh Rai, Shruti Bapna, Sadashiv Kondaji Pokarkar, Aakash Sinha, Chandrakantha Rajani, Ashwin Desai",Ritesh Batra,Michael Simmonds,Ritesh Batra,"Lydia Dean Pilcher, Ritesh Batra, Irrfan Khan, Arun Rangachari, Guneet Monga, Anurag Kashyap",Max Richter,7.8,65798,/jSOiz1h97i3qwjZJXY8SeLvjPsl.jpg,9,2013,38,the lunchbox,-40,16.66274288120446,0.4064083629562063,thor: the dark world,"cannes international critics' week (1), karlovy vary international film festival (1), new horizons film festival (1), two riversides film and art festival (1), gindou film festival (1), telluride film festival (1), toronto international film festival (1), film by the sea film festival (1), blank (34), reykjavik international film festival (1), vancouver international film festival (1), zurich film festival (1), edmonton international film festival (1), bfi london film festival (1), são paulo international film festival (1), free zone festival, belgrade (1), stockholm international film festival (1), arras film festival (1), afi fest (1), forum des images, paris (1), torino film festival (1), dubai international film festival (1), glasgow film festival (1), limited (3), vilnius international film festival (1), stockholm filmfestival junior (1), skopje film festival (1), food film festival (1), sydney film festival (1), new zealand international film festival (1), traverse city film festival (1), fribourg international film festival (1)",34,0,67,0.0,no,no
129670,Nebraska,7.45,1831,Released,2013-09-21,27700000,115,12000000,tt1821549,en,Nebraska,"An aging, booze-addled father takes a trip from Montana to Nebraska with his estranged son in order to claim what he believes to be a million-dollar sweepstakes prize.",2.7129,Life's not about winning or losing. It's about how you get there in the end.,"Drama, Adventure","echo lake entertainment, bona fide productions",United States of America,"English, Espa√±ol","Kevin Kunkel, Rance Howard, Jason Speidel, Robert Dach, Franklin Dennis Jones, Eula Freudenberg, Catherine Rae Schutz, Elizabeth Moore, Jeffrey Yosten, Bruce Dern, Francisco Mendez, Noah Matteo, Colleen O'Doherty, Dennis McCoig, Terry Kotrous, Missy Doty, Bob Knollenberg, Will Forte, Stacy Keach, Ronald Vosta, Roger Stuckwisch, Ray Stevens, Angela McEwan, Melinda Simonsen, Dennis McCave, Rachel Lynn Leister, Sherry Ristow, Mary Louise Wilson, June Squibb, Tim Driscoll, Lois Nemec, Jose Mu√±oz, Scott Goodman, Bob Nelson, Anthony G. Schmidt, Glendora Stitt, Bob Odenkirk, Neal Freudenberg, Sherry Ferris, John Reynolds, Devin Ratray",Alexander Payne,Phedon Papamichael,Bob Nelson,"Julie M. Thompson, Ron Yerxa, Albert Berger, Doug Mankoff, George Parra, Neil Tabatznik",Mark Orton,7.7,127305,/o1t2Mw18EEBnl8v4Nby3PFjxnM1.jpg,9,2013,38,nebraska,-39,17.13694300725865,0.4284235751814663,thor: the dark world,"cannes film festival (1), jameson cinefest international film festival (1), rio de janeiro international film festival (1), vancouver international film festival (1), hamburg film festival (1), mill valley film festival (1), new york film festival (1), bfi london film festival (1), hamptons international film festival (1), chicago international film festival (1), austin film festival (1), thessaloniki international film festival (1), cork international film festival (1), stockholm international film festival (1), afi fest (1), napa valley film festival (1), ljubljana international film festival (1), limited (1), camerimage film festival (1), toronto (1), blank (33), dvd premiere (2), belgrade film festival (1), international film festival vilnius (1), kosmorama trondheim international film festival (1), new horizons film festival (1), film by the sea film festival (1), munich international film festival (1), tv release (1), black-and-white movie month (1), locarno film festival (1)",33,0,64,0.0,no,no
85889,Filth,6.8,1810,Released,2013-09-23,9114264,97,5000000,tt1450321,en,Filth,A bigoted junkie cop suffering from borderline personality disorder and drug addiction manipulates and hallucinates his way in a bid to secure promotion.,2.3896,"It's a filthy job getting to the top, but someone's got to do it.","Crime, Drama, Comedy","egoli tossell film, steel mill pictures, filmgate films, logie pictures, altitude film entertainment, film house germany, maven screen media, entre chien et loup, mollywood, creative scotland, film i v√§st, lionsgate uk, studio mao","Belgium, Germany, Sweden, United Kingdom, United States of America",English,"Kate Dickie, Chris Young, Tracy-Ann Oberman, Jamie Wallace, Jim Broadbent, Mitchell Mullen, Vanda Dadras, David Soul, Trudie Styler, Natasha O'Keeffe, James McAvoy, Therese Bradley, Franziska Altmeyer, Emun Elliott, Iain De Caestecker, Jodie Mccallum, Shauna Macdonald, Eddie Marsan, Neil D'Souza, Jonathan Watson, Pollyanna McIntosh, Joanne Froggatt, Gary Lewis, Martin Compston, Robin Laing, Imogen Poots, Joy McAvoy, Michael Moreland, Ron Donachie, Jake Wilson, John Sessions, Shirley Henderson, Jordan Young, Lauren Maddox, Emma Bryant, Chidi Chickwe, Megan Finn, Luke MacDonald, Craig Garner, Jamie Bell, Brian McCardie, Colin Healy, Sanjeev Kohli, Bobby Rainsbury, Zack Eisaku Niizato, Chris Cameron",Jon S. Baird,Matthew Jensen,"Jon S. Baird, Irvine Welsh","Ralph S. Dietrich, Jens Meurer, Jon S. Baird, Stephen Mao, Steven Istock, Ken Marshall, Will Clarke, Christian Angermayer, Trudie Styler, Celine Rattray, Mark Amin, James McAvoy",Clint Mansell,7.0,120825,/1F2q79eQqEEiak6sslCzdbyCbr5.jpg,9,2013,39,filth,-37,16.02535132652985,0.4217197717507855,thor: the dark world,"old town taito international comedy film festival (1), scotland only (1), zurich film festival (1), blank (22), german speaking region (1), cinemania, belgrade (1), night visions film festival (1), göteborg international film festival (1), dvd premiere (4), imagine film festival (1), internet (3), limited (4), sitges international fantastic film festival (1), warsaw film festival (1), tv release (1)",22,3,44,0.07,no,no
146238,Runner Runner,5.644,1281,Released,2013-09-24,62600000,88,30000000,tt2364841,en,Runner Runner,"When a poor college student who cracks an online poker game goes bust, he arranges a face-to-face with the man he thinks cheated him, a sly offshore entrepreneur.",3.0798,The house always wins.,"Crime, Thriller, Drama","regency enterprises, double feature films, appian way, stone village pictures, new regency pictures",United States of America,English,"Ben Affleck, Ben Schwartz, Efrain Canino Santos, Carlos Sanz, Samuel Verdejo, Dalissa Nevarez, Jeremy E. Gonzalez, Clifford Myatt, Anthony Mackie, Sam Upton, Bernie O. Ramos Robledo, Jim Cruz, John Heard, deadmau5, Mike Sampedro, David Davila, Antonio Esfandiari, Oliver Cooper, Margarita √Ålvarez, Doug Weinberg, Michael Esper, Carlos M. Gonzalez, Justin Timberlake, Hugh Scott, Sandha Khin, Bob Gunton, Jordan Beder, James Molina, Wifredo Alejandro, Juan Padilla-Lallave, David Costabile, Phil Laak, Vincent Laresca, Justin Paul, Gemma Arterton, Sam Mendoza, Yul Vazquez, Sam Palladio, Randall M. Corsi, Dayo Okeniyi, Adriana Fontanals Cuebas, Natasha Lopez, Yessenia Monge, David Castro, Louis Lombardi, Laura Aleman, Nilo Verdejo, Christian George, Nayka M. Vallejo",Brad Furman,Mauro Fiore,"Brian Koppelman, David Levien","Erik Holmberg, Brian Koppelman, Michael Shamberg, David Levien, Leonardo DiCaprio, Brad Weston, Arnon Milchan, Stacey Sher, Jennifer Davisson",Christophe Beck,5.6,66856,/ck5jZjv7WVoCBBgTH1gJlhyCLPy.jpg,9,2013,39,runner runner,-36,17.952275852044767,0.4851966446498585,thor: the dark world,"las vegas, nevada (1), premiere (3), blank (52), tirana (1), buenos aires (1), dvd premiere (1), tv premiere (1)",52,0,60,0.0,no,no
227199,Kicking Off,6.13,46,Released,2013-09-24,2505528,100,2400005,tt2643308,ru,–û–∫–æ–ª–æ—Ñ—É—Ç–±–æ–ª–∞,"This movie is about soccer hooligans, the most aggressive and violent soccer aficionados. They are an exclusive group, the elite of all soccer fans. Whoever they may be in their everyday lives‚Äîcollege students, bankers, musicians, or car mechanics‚Äîthey are a ‚Äúfirm.‚Äù It‚Äôs easy to get into a firm, but once you‚Äôre in, it‚Äôs for life. There‚Äôs no going back.  The movie is based on actual events",0.4581,We're Here To Stay!,"Drama, Thriller",ctb film company,Russia,P—É—Å—Å–∫–∏–π,"Nikita Kukushkin, Timur Efremenkov, Konstantin Ignatyev, Vladimir Kolosov, Elena Simonova, Ivan Fominov, Pavel Erlikov, Egor Bakulin, Igor Novoselov, Aleksandr Ratnikov, Evgeny Berezin, Sergey Troitskiy, Darya Mingazetdinova, Anton Bormatov, Denis Los, Stanislav Lesnoy, Vasily Stepanov, Egor Timtsunik, Andrey Filippak, Anton Zavyalov, Darya Mitkazetdinova, Grigory Ivanets, Andrey Pozdnukhov, Igor Grinyakin, Maksim Belborodov, Nikolay Shrayber, Sergey Shnyryov, –Æ–ª–∏—è –ú–∞–Ω—å–∫–æ–≤—Å–∫–∞—è, Valeriy Barinov, Yuriy Saltykov, Sergey Zharkov, Vladimir Tsarulkov",Anton Bormatov,Igor Grinyakin,"Dmitry Lemishev, Elena Geladze","Sergei Selyanov, Elena Bykova",Anton Zavyalov,6.4,2495,/vcTLIaPBRMxl3nbFqV7cuaBi23q.jpg,9,2013,39,kicking off,-36,14.734010447850952,0.3982164985905663,thor: the dark world,"blank (2), dvd premiere (1)",2,0,3,0.0,no,no
109451,Cloudy with a Chance of Meatballs 2,6.448,3366,Released,2013-09-26,248384621,94,78000000,tt1985966,en,Cloudy with a Chance of Meatballs 2,"After the disastrous food storm in the first film, Flint and his friends are forced to leave the town. Flint accepts the invitation from his idol Chester V to join The Live Corp Company, which has been tasked to clean the island, and where the best inventors in the world create technologies for the betterment of mankind. When Flint discovers that his machine still operates and now creates mutant food beasts like living pickles, hungry tacodiles, shrimpanzees and apple pie-thons, he and his friends must return to save the world.",7.9367,Something big was leftover.,"Animation, Family, Comedy","columbia pictures, sony pictures animation",United States of America,English,"Cyril Lignac, Kelly Stables, Ashley Lambert, Marina Squerciati, Peter Siragusa, Steve Alterman, Wendy Hoffmann, Maddie Taylor, Al Roker, Khamani Griffin, David Cowgill, Walter Jones, Will Forte, Eddie Frierson, Kris Pearn, June Christopher, Scott Menville, Tania Gunadi, Craig Kellman, Cody Cameron, Elisa Gabrielli, Neil Patrick Harris, Kristen Schaal, Bill Hader, Benjamin Bratt, James Caan, Melissa Sturm, Jackie Gonneau, David Sheinkopf, Anna Faris, Andy Samberg, Bridget Hoffman, Shane Sweet, Terry Crews, Jonathan Lambert, Pauline Lef√®vre","Kris Pearn, Cody Cameron",,"Jonathan Goldstein, Christopher Miller, Phil Lord, Ron Barrett, John Francis Daley, Erica Rivinoja, Judi Barrett","Pam Marsden, Kirk Bodyfelt, Christopher Miller, Phil Lord",Mark Mothersbaugh,6.3,122961,/ss5NcK2NWFg2YcKKYXLrk8q1myS.jpg,9,2013,39,cloudy with a chance of meatballs 2,-34,19.330488997894644,0.5522996856541327,thor: the dark world,"blank (60), limited (1), ljubljana (1), l'alpe d'huez international comedy film festival (1), blu-ray release (1)",60,0,64,0.0,no,no
209901,Nothing Left to Fear,5.2,173,Released,2013-09-26,1675381,100,3000000,tt1662293,en,Nothing Left to Fear,"Wendy, her husband Dan and their kids have just moved to the small town of Stull, Kansas, where Dan is the new pastor. But in this sleepy community of friendly neighbors, a horrific series of occurrences awaits them: Their teenage daughter is being tormented by grisly visions. Her younger sister has been marked for a depraved ritual. And deep within the heartland darkness, one of The Seven Gates of Hell demands the blood of the innocent to unleash the creatures of the damned.",5.7673,Let Us Prey.,Horror,"upload films, anchor bay films, slasher films, movie package company (mpc), midlife crisis productions, slashfiction, prime focus",United States of America,English,"Rebekah Brandes, Heather Roop, J.D. Evermore, Wayne P√©re, Jennifer Stone, Morgan Roberts, Ethan Peck, Michelle DeVito, James C. Victor, Dylan DePaula, Clancy Brown, Anne Heche, James Tupper, Carter Cabassa",Anthony Leonardi III,,Jonathan W.C. Mills,Kevin Kasha,"Nicholas O'Toole, Slash",4.4,5406,/65aDPoEpgFvnAK1bgZysjxgSgyG.jpg,9,2013,39,nothing left to fear,-34,14.331551756941137,0.4094729073411753,thor: the dark world,"blank (3), limited (2), dvd and blu-ray premiere (4), glasgow fright fest (1), dvd premiere (1)",3,0,11,0.0,no,no
174671,Dark Touch,5.1,118,Released,2013-09-27,256979,90,2729542,tt2328549,en,Dark Touch,"Niamh is the lone survivor of a mysterious massacre in which the furniture and objects in her family‚Äôs isolated house took on a monstrous life of their own. The police ignore her wild stories, and the neighbours and social worker who take her into their care try to introduce her to a new life. But Niamh is unable to leave her violent past behind her, endangering everyone who crosses her path.",1.5322,What does evil look like?,Horror,"element pictures, eurimages, filmgate films, film i v√§st, f√≠s √âireann/screen ireland, agat films & cie / ex nihilo","Sweden, France, Ireland",English,"Mark Huberman, Ella Hayes, Simon O'Gorman, Tanya Shortt, Laoise Murphy, Lucy Fogarty, Art Parkinson, Susie Power, Anna Fogarty, Stephen Wall, P√°draic Delaney, Robert Donnelly, Charlotte Flyvholm, Anabel Sweeney, Marcella Plunkett, Katie Kirby, Catherine Walker, Clare Barrett, Missy Keating, Olga Wehrly, Simon Boyle, Richard Dormer",Marina de Van,John Conroy,Marina de Van,"Jean-Luc Ormi√®res, Marc Bordure, Patrick Sobelman, Andrew Lowe",Christophe Chassol,4.8,4519,/uwcBBgIdgEYJyQYYEtbKVKUpjU1.jpg,9,2013,39,dark touch,-33,12.456753539837472,0.3663751041128668,thor: the dark world,"tribeca film festival (1), neuchâtel international fantastic film festival (1), l'étrange festival (1), motelx - lisbon international horror film festival (1), monsters of film, stockholm (1), new york city, new york (1), absurde seance (1), lund fantastisk film festival (1), horrorthon festival dublin (1), slimebone city horror film festival (1), blank (3), night visions film festival (1), gent international film festival (1), dvd and blu-ray premiere (1)",3,0,16,0.0,no,no
175528,Baggage Claim,5.3,206,Released,2013-09-27,22456509,96,8500000,tt1171222,en,Baggage Claim,"Although she has traveled all over the world, flight attendant Montana Moore has yet to find a man with whom she wants to settle down. However, with her sister's upcoming wedding and pressure from her oft-married mother, she's determined to get engaged in the next 30 days. In that time, her best friends (and fellow flight attendants) conspire to help her re-encounter her exes as she flies all over the country.",1.6356,She's done flying solo.,"Romance, Comedy","sneak preview productions, 20th century fox, tsg entertainment, big screen productions, fox searchlight pictures",United States of America,English,"Gregory Vahanian, Magda Harout, La La Anthony, Djimon Hounsou, Juliannah Richmond, Lyn Sisson-Talbert, Tia Mowry, Diondre Jones, Adam Brody, Trae Ireland, Christina Milian, Tyler Lepley, Taye Diggs, Jazmyn Simon, Madison, Jill Scott, Estrella Nouri, Aliyah Conley, Tiberius Bright, Tara Batesole, Antonio Gomez, Paula Patton, Shyla G√©nair, Ned Beatty, Lauren London, Trey Songz, Derek Luke, Dillon Wayne Abbott, Bill Lee Brown, Tommy Miles, Sandra Beatty, Celeste Creel, Rickey Smiley, Terrence J, Affion Crockett, Jenifer Lewis, Boris Kodjoe, Tyler Garnett",David E. Talbert,"George Billinger III, Anastas N. Michos",David E. Talbert,"David E. Talbert, Lyn Talbert, Steven J. Wolfe",Aaron Zigman,5.1,10004,/qSKvf23QuEJGt8MMrKvoFk85TZo.jpg,9,2013,39,baggage claim,-33,16.927091107845406,0.4978556208189825,thor: the dark world,"limited (1), blank (6), dvd premiere (4)",6,0,11,0.0,no,no
209262,Parkland,6.2,374,Released,2013-10-02,1412181,94,10000000,tt2345112,en,Parkland,"November 22nd, 1963 was a day that changed the world forever ‚Äî when young American President John F. Kennedy was assassinated in Dallas, Texas. This film follows, almost in real time, a handful of individuals forced to make split-second decisions after an event that would change their lives and forever alter the world‚Äôs landscape.",2.1653,"November 22, 1963, 12:38 pm - A trauma patient is rushed to Parkland Memorial Hospital in Dallas. His name is President John F. Kennedy.","History, Drama","exclusive media, playtone, film4 productions, the american film company","United Kingdom, United States of America",English,"Sean McGraw, Kat Steffens, Sarah Joy Byington, James Badge Dale, Paul Giamatti, Billy Bob Thornton, Mallory Moye, Larry Jack Dotson, Tom Welling, Chris Freihofer, Jeff Gibbs, Austin Nichols, Matt Barr, Oryan Landa, Jason Douglas, Gary Grubbs, Gil Bellows, Rory Cochrane, Dana Wheeler-Nicholson, Nathaniel Holt, Gary Clarke, Anne Lockhart, Darryl Cox, Jimmie Dale Gilmore, Colin Hanks, Ron Livingston, Nico Evers-Swindell, Anthony J. Caruso, Jeremy Strong, Jonathan Breck, Glenn Morshower, John Cann, Jackie Earle Haley, Mark Duplass, Ellen Halper, David Harbour, Jacki Weaver, Luci Christian, Paul Sparks, Greg Wise, Irene White, Chuck Huber, Brett Stimely, Bryan Batt, Marcia Gay Harden, Elizabeth Tulloch, Heath Allyn, Zac Efron, Armando Gutierrez, Taylor Scorse",Peter Landesman,Barry Ackroyd,"Peter Landesman, Vincent Bugliosi","Ginger Sledge, Guy East, Joe Ricketts, Matt Jackson, Brian Peter Falk, Tom Hanks, Tobin Armbrust, Steven Shareshian, Bill Paxton, Gary Goetzman, Nigel Sinclair",James Newton Howard,6.4,18392,/23jc1Hclf1FFxpyYs9A4SxfRbK3.jpg,10,2013,40,parkland,-28,14.16064658391319,0.488298158065972,thor: the dark world,"venice film festival (1), deauville american film festival (1), toronto international film festival (1), atlantic film festival (1), festival de cinéma de la ville de québec (1), quebec city film festival (1), cinefest sudbury (1), zurich film festival (1), blank (15), limited (2), bfi london film festival (1), tokyo international film festival (1), dvd premiere (4), stockholm international film festival (1), tv premiere (2), dvd and blu-ray premiere (2), international film festival vilnius (1), digital platforms (1)",15,0,38,0.0,no,no
49047,Gravity,7.2,15895,Released,2013-10-03,723192705,91,105000000,tt1454468,en,Gravity,"Dr. Ryan Stone, a brilliant medical engineer, is on her first Shuttle mission, with veteran astronaut Matt Kowalsky in command of his last flight before retiring. But on a seemingly routine spacewalk, disaster strikes. The Shuttle is destroyed, leaving Stone and Kowalsky completely alone-tethered to nothing but each other and spiraling out into the blackness of space. The deafening silence tells them they have lost any link to Earth and any chance for rescue. As fear turns to panic, every gulp of air eats away at what little oxygen is left. But the only way home may be to go further out into the terrifying expanse of space.",4.7915,Don't let go.,"Science Fiction, Thriller, Drama","esperanto filmoj, warner bros. pictures, heyday films","United Kingdom, United States of America",English,"Basher Savage, Amy Warren, Phaldut Sharma, George Clooney, Orto Ignatiussen, Ed Harris, Sandra Bullock",Alfonso Cuar√≥n,Emmanuel Lubezki,"Alfonso Cuar√≥n, Jon√°s Cuar√≥n","David Heyman, Christopher DeFaria, Nikki Penny, Stephen Jones, Alfonso Cuar√≥n",Steven Price,7.7,890527,/kZ2nZw8D681aphje8NJi8EfbL1U.jpg,10,2013,40,gravity,-27,20.39918628126129,0.7285423671879032,thor: the dark world,"venice film festival (1), telluride film festival (1), toronto international film festival (1), donostia-san sebastián international film festival (1), rio de janeiro international film festival (1), zurich film festival (1), new york city, new york (1), premiere (4), beirut international film festival (1), blank (75), german speaking region (1), buenos aires (1), rio de janeiro (1), bfi london film festival (1), nice international fantastic cinema festival (1), french speaking region (1), italian speaking region (1), night visions film festival (1), tokyo (1), re-release (2), imax-3d version (2), beijing international film festival (2), brussels international film festival (1), taipei golden horse film festival (1)",75,0,104,0.0,no,no
196024,The Keeper of Lost Causes,7.051,791,Released,2013-10-03,13700000,93,5650000,tt2438644,da,Kvinden i buret,"Denmark, 2013. Police officers Carl M√∏rck and Hafez el-Assad, sole members of Department Q, which is focused on closing cold cases, investigate the disappearance of politician Merete Lynggaard, vanished when she and her brother were traveling aboard a ferry five years ago.",2.654,Nothing is forgotten forever,"Thriller, Mystery, Crime","zentropa entertainments, film i v√§st, tv 2, zdf, tv 2, zdf enterprises, trustnordisk","Denmark, Germany, Norway, Sweden","Dansk, svenska","Camilla Slyngborg, Anna Helligs√∏e Haahr, Patricia Schumann, Tobias St√¶hr Hansen, Marie Hammer Boda, Victor Marcussen, Lane Lind, Jesper Riefensthal, Tilde Maja Frederiksen, Dorte H√∏jsted, Claes Ljungmark, Magnus Millang, Betina Grove, Katrine Engberg, Morten Kirkskov, Claus Bahnsen, Eric Ericson, Kenneth Carmohn, Bettina Strange Sandstr√∏m, Olivia Holden, √òyvind Fabricius Holm, Nynne Bojsen, Bebiane Ivalo Kreutzmann, Marijana Jankoviƒá, Per Scheel Kr√ºger, Fares Fares, Anne B√¶rskog Hauger, Rasmus Botoft, Anton Honik, Mikkel Boe F√∏lsgaard, Sonja Richter, Peter Plaugborg, Morten Thunbo, Marie-Louise Coninck, Michael Brostrup, Ernst Boye, Troels Lyby, Nikolaj Lie Kaas, Divya Das, Jeff Pitzner, Pernille Lyneborg, Sebastian Teschemacher, Stine Pr√¶torius, Anton Jarlros Gry, Lucas Lynggaard T√∏nnesen, Anders Dines Vinten, Henrik Larsen, S√∏ren Pilmark, Marie Mondrup",Mikkel N√∏rgaard,Eric Kress,"Jussi Adler-Olsen, Anders Huulgaard, Annika Appelin, Nikolaj Arcel","Louise Vesth, Peter Aalb√¶k Jensen, Marie Gade",Johan S√∂derqvist,7.2,35643,/eYnZnDAnWNPrImvznLm7SUQQvAj.jpg,10,2013,40,the keeper of lost causes,-27,16.432906463791053,0.5868895165639662,thor: the dark world,"locarno film festival (1), hamburg film festival (1), blank (18), palm springs international film festival (1), göteborg international film festival (1), pac festival (1), belgrade film festival (1), seattle international film festival (1), shanghai international film festival (1), dvd premiere (1), traverse city film festival (1), beaune international thriller film festival (1), video on demand (1), limited (2), eu film days (1), dvd and blu-ray premiere (1), tv premiere (2), european union film festival (1), internet (1)",18,1,38,0.03,no,no
140818,Ragnarok,5.7,230,Released,2013-10-04,3721345,93,6500000,tt2363213,no,G√•ten Ragnarok,"Archaeologist Sigurd Svendsen discovers that the Oseberg ship hides a secret from the Viking Age. Along with his two children put Sigurd out on a quest to find the truth. The mystery leads them into ""No Man's Land"" between Norway and Russia where no man traveling in modern times. Old runes take on new meaning when the secret they uncover is more frightening than anyone could have imagined.",1.7274,All myths have an origin,"Action, Adventure","ghost vfx, fantefilm, film i v√§st",Norway,Norsk,"Martin Ekl√∂f, Julian Podolski, Tom Aksel Mathisen, Maria Annette Tander√∏d Berglyd, Marika Enstad, Jens Hult√©n, Nicolai Cleve Broch, Bj√∏rn Sundquist, Vera Rudi, Rina Kelly, Sofia Helin, Stefan Cronwall, Kyrre Haugen Sydness, Terje Str√∏mdahl, P√•l Sverre Hagen",Mikkel Br√¶nne Sandemose,Daniel Voldheim,"Tom Gulbrandsen, Harald Rosenl√∏w-Eeg, Roar Uthaug, Ole Gj√¶ver, John K√•re Raake, Martin Sundland","Are Heidenstr√∏m, Jeppe N. Christensen, Roar Uthaug, Fredrik Wikstr√∂m, Martin Sundland",Magnus Beite,5.8,9126,/7io1VfX1sRta46vb4aHBnHWgCGp.jpg,10,2013,40,ragnarok,-26,15.12959598876237,0.5603554069911989,thor: the dark world,"haugesund international film festival (1), austin fantastic fest (1), blank (2), tokyo northern lights festival (1), belgrade film festival (1), stockholm filmfestival junior (1), brussels international fantastic film festival (1), tv premiere (1), stanley film festival (1), qualite fantastic cinema collection (1), dvd premiere (7), limited (1), dvd and blu-ray premiere (1)",2,0,20,0.0,no,no
167032,Curse of Chucky,5.931,1655,Released,2013-10-08,3876587,97,5000000,tt2230358,en,Curse of Chucky,"After her mother's mysterious death, Nica begins to suspect that the talking, red-haired doll her visiting niece has been playing with may be the key to the mounting bloodshed and chaos.",5.9893,Fear has a new home.,"Horror, Thriller",universal 1440 entertainment,United States of America,English,"Maitland McConnell, Fiona Dourif, Ali Tataryn, Bobby Robidoux, Chantal Quesnel, Summer H. Howell, Darren Wall, Brad Dourif, A Martinez, Brennan Elliott, Alex Vincent, Kyle Nobess, Kally Berard, Kevin Anderson, Jordan Gavaris, Chris Sarandon, Will Woytowich, Jennifer Tilly, Danielle Bisutti, Candace Smith, Adam Hurtig, Tyhr Trubiak",Don Mancini,Michael Marshall,Don Mancini,"Lisa Gooding, Don Mancini, David Kirschner",Joseph LoDuca,5.6,46944,/x9DzkDWp8O82Wzxk6otuD9bce9a.jpg,10,2013,41,curse of chucky,-22,15.170465943273468,0.6595854757944987,thor: the dark world,"fantasia international film festival (1), film4 frightfest (1), internet (3), blank (11), dvd premiere (8), blu-ray premiere (1), samain du cinema fantastique (1), razor reel fantastic film festival bruges (1), dvd and blu-ray premiere (2)",11,3,29,0.1,no,no
107846,Escape Plan,6.723,5389,Released,2013-10-09,137328301,115,50000000,tt1211956,en,Escape Plan,"Ray Breslin is the world's foremost authority on structural security. After analyzing every high security prison and learning a vast array of survival skills so he can design escape-proof prisons, his skills are put to the test. He's framed and incarcerated in a master prison he designed himself. He needs to escape and find the person who put him behind bars.",4.3937,No one breaks out alone.,"Action, Thriller","knightsbridge entertainment, summit entertainment, atmosphere entertainment mm, envision entertainment, boies/schiller film group, lionsgate, emmett/furla films","United Kingdom, United States of America","English, Deutsch, ÿßŸÑÿπÿ±ÿ®Ÿäÿ©, ÿßÿ±ÿØŸà","Jim Caviezel, Matt Gerald, Jaylen Moore, Rodney Feaster, Stephen Livaudais, Jonathan Eusebio, Vinnie Jones, Joseph Aviel, Brian Oerly, Arnold Chon, Steven Krueger, Sebastian James, Sam Neill, Jeff Chase, John L. Armijo, Christian Stokes, Lydia Hull, Christopher Matthew Cook, Faran Tahir, David Leitch, Michael Papajohn, Alec Rayme, Sylvester Stallone, Graham Beckel, David Joseph Martinez, Jay Amor, Arnold Schwarzenegger, Caitr√≠ona Balfe, Eric Salas, 50 Cent, Vincent D'Onofrio, Dieter Rauter, Amy Ryan, Tim Bell",Mikael H√•fstr√∂m,Brendan Galvin,Jason Keller,"Mark Canton, Brandt Andersen, Kevin King Templeton, Nicolas Stern, Jeff Rice, Spencer Silna, Zack Schiller, Alexander Boies, Robbie Brenner, George Furla, Mark Stewart, Stepan Martirosyan, Remington Chase, Jason Gandhi, Randall Emmett",Alex Heffes,6.7,268068,/qOZPLflxDqKogu9v9hYw3lolxGs.jpg,10,2013,41,escape plan,-21,18.73788498205225,0.8517220446387387,thor: the dark world,"san diego comic-con (1), blank (70), new york city, new york (1), premiere (1), italian speaking region (1), night visions film festival (1), cinemania, belgrade (1), french speaking region (1), german speaking region (1), dvd premiere (1), shanghai international film festival (1)",70,0,80,0.0,no,no
203793,Stalingrad,6.4,370,Released,2013-10-09,68129518,131,30000000,tt1966566,ru,–°—Ç–∞–ª–∏–Ω–≥—Ä–∞–¥,"A band of determined Russian soldiers fight to hold a strategic building in their devastated city against a ruthless German army, and in the process become deeply connected to a Russian woman who has been living there.",0.2036,The epic battle that turned the tide of World War II,"War, Action, Drama","art pictures studio, non-stop productions, russia-1, cinema foundation of russia",Russia,"Deutsch, P—É—Å—Å–∫–∏–π","Mariya Smolnikova, Anna von Haebler, Thomas Kretschmann, Oleg Volku, Maxim Yakovlev, Svetlana Svirko, Heiner Lauterbach, Mikhail Bogdanov, Nataliya Kadochnikova, Georges Devdariani, Petar Zekavica, Nikolay Pavlov, Yuriy Nazarov, Dmitriy Kochkin, Valentin Kuznetsov, Aleksandr Suvorov, Christoph Gawenda, Aleksandr Ivanov, Pyotr Fyodorov, Roman Likhodeev, Andrey Smolyakov, Evgeniy Tsurko, Sergey Bondarchuk, Aleksey Barabash, Mariya Sittel, Kirill Varaksa, Oksana Bazilevich, Vladimir Shagin, Sergey Trebesov, Nodari Dzhanelidze, Yuriy Utkin, Oleg Tilkin, Philippe Reinhardt, Aleksandr Pangaev, Dmitry Lysenkov, Polina Raykina, Ivan Debov, Yan Kuzmin, Alexander Petrov, Yanina Studilina, Evgeniy Levitskiy",Fyodor Bondarchuk,Maxim Osadchy-Korytkovsky,"Sergey Snezhkin, Vasiliy Grossman, Ilya Tilkin","Natalya Kotkova, Alexander Rodnyansky, Sergey Melkumov, Anton Zlatopolskiy, Natalya Gorina, Dmitry Rudovsky",Angelo Badalamenti,5.7,18245,/pk2d5ahR9g4R3YDlhNA5m1vHhFv.jpg,10,2013,41,stalingrad,-21,18.03692114269264,0.8198600519405744,thor: the dark world,"blank (16), palm springs international film festival (1), limited (2), belgrade film festival (1), skopje film festival (1), dvd premiere (6), blu-ray release (1), dvd and blu-ray premiere (5), pantalla pinamar festival (1), tv premiere (1), internet (1), tv release (1)",16,1,37,0.03,no,no
109424,Captain Phillips,7.5,7231,Released,2013-10-10,218791811,134,55000000,tt1535109,en,Captain Phillips,"The true story of Captain Richard Phillips and the 2009 hijacking by Somali pirates of the US-flagged MV Maersk Alabama, the first American cargo ship to be hijacked in two hundred years.",3.4397,Out here survival is everything.,"Action, Drama, Thriller","columbia pictures, michael de luca productions, scott rudin productions, trigger street productions",United States of America,"English, Somali","Hugh Middleton, Len Anderson IV, Shad Jason Hamilton, Adam Wendling, Mahat M. Ali, Yul Vazquez, Mark Semos, Stacha Hicks, Bob Dio, Steve Campbell, Raleigh Morse, Herman Gambhir, Scott Oates, Issak Farah Samatar, Azeez Mohammed, Faysal  Ahmed, Peter Landi, Catherine Keener, Terence Anderson, Kurt Larsen, John Patrick Barry, Christopher Stadulis, Michael Chernus, Raymond Care, Devon Black, Amr El-Bayoumi, Dale McClellan, Barkhad Abdirahman, Billy Jenkins, Max Wrottesley, Barkhad Abdi, Mark Holden, Rey Hernandez, Georgia Goodman, San Shella, Max Martini, Maria Dizzia, Vincenzo Nicoli, Mohamed Ali, Ian Ralph, Thomas Grube, David B. Meadows, Louis Mahoney, Chris Mulkey, Dean Franchuk, David Warshofsky, David Webber, Nasir Jama, Roger Edwards, Kristian Hjordt Beck, Idurus Shiish, Giovanni Alabiso, Bader Choukouko, Marc Anwar, Duran Mohamed Hassan, Joshua Brown, Omar Berdouni, Will Bowden, Angus MacInnes, Tom Hanks, Kadz Souleiman, Kapil Arun, Corey Johnson, Abdurazak Ahmed Adan",Paul Greengrass,Barry Ackroyd,Billy Ray,"Michael De Luca, Scott Rudin, Gregory Goodman, Eli Bush, Kevin Spacey, Dana Brunetti",Henry Jackman,7.8,513576,/2x8ida0rHokUv80Ah4eBNb2eXas.jpg,10,2013,41,captain phillips,-20,19.20363120550839,0.9144586288337332,thor: the dark world,"opening film (1), new york film festival (1), premiere (1), bfi london film festival (1), blank (63), tokyo international film festival (1), amsterdam film week (1), italian speaking region (1), cinemania, belgrade (1), german speaking region (1), french speaking region (1), shanghai international film festival (1), dvd premiere (1), internet (1)",63,1,76,0.01,no,no
146239,Delivery Man,6.2,1526,Released,2013-10-10,51164106,105,26000000,tt2387559,en,Delivery Man,An affable underachiever finds out he's fathered 533 children through anonymous donations to a fertility clinic 20 years ago. Now he must decide whether or not to come forward when 142 of them file a lawsuit to reveal his identity.,4.2801,You're never quite ready for what life delivers.,Comedy,"dreamworks pictures, reliance entertainment, andr√© rouleau productions, touchstone pictures","United States of America, India, Canada",English,"Matthew Daddario, Darin Guerrasio, Glenn Fleshler, S√©bastien Ren√©, Matthew Sean Blumm, Michael Oberholtzer, Amos VanderPoel, Chris Pratt, Jack Reynor, Stephanie Berry, Andrzej Blumenfeld, Dave Thompson, Zachary Hernandez, Pantea Karimi, Pasha Pellosie, Kate Dalton, Chris Hernandez, Don Guillory, Alexander Flores, Kevin Hopkins, Vince Vaughn, Jonah Nathan, Logan Crawford, Charlie Romanelli, Isaac H.W. Joseph, Leslie Ann Glossner, Erin Gerasimovich, Cobie Smulders, Connor Fox, Akim Black, Kyle Sutton, Jessica Abo, Nancy Nagrant, Mark Zimmerman, Alice Gainer, Simon Delaney, Adam Chanler-Berat, Stephen Ellis, Matthew J. Walters, Bruce Altman, Gabe Doran, Angela Bellotte, Jamie Lynn Weisman, Finnerty Steeves, Bill Maher, Richard Poe, Joseph Tudisco, Jay Leno, Bobby Moynihan, Derrick Arthur, Britt Robertson, Damian Young, Dave Patten, Lynda Gravatt, Jessica Williams, Starla Benford",Ken Scott,Eric Alan Edwards,"Martin Petit, Ken Scott","Scott Mednick, Andr√© Rouleau, Ray Angelic, Mark Sourian",Jon Brion,6.3,85199,/huXHYDclKT4RM1OvS3O7SXYRAU0.jpg,10,2013,41,delivery man,-20,17.750548809013438,0.8452642290006399,thor: the dark world,"los angeles, california (1), premiere (1), blank (43), blu-ray premiere (1), internet (1)",43,1,47,0.02,no,no
158752,Escape from Tomorrow,4.8,234,Released,2013-10-11,171962,90,650000,tt2187884,en,Escape from Tomorrow,"In a world of fake castles and anthropomorphic rodents, an epic battle begins when an unemployed father's sanity is challenged by a chance encounter with two underage girls on holiday.",1.2547,Bad things happen everywhere.,"Horror, Fantasy, Comedy, Drama, Science Fiction, Thriller","mankurt media, producers distribution agency",United States of America,English,"Jakob Salvati, Stass Klassen, Erik Saari, Stephen Fode, Amy Bloom, Mike Fujimoto, Jack Dalton, Alexis Ottier, Trey Loney, Kimberly Ables Jindra, Clifton Perry, Lee Armstrong, Anthony Oporta, Justin Shilton, Douglas Vanlaningham, Rebekah Cobaugh, Zach Pierce, Rob Mervin, John David Denison, Joshua Salvati, Lia  Moore, Marcell Rentemeister, Amy Lucas, Elena Schuber, Randy Moore, Rikki Valentina, Kurt Yamamoto, Roy Abramsohn, Eli Jane, Rob Clark, Noa Geller, Zan Naar, Edgar Pevsner, Danielle Safady, Bernadett Belinda York, Annet Mahendru, Gabriella Pastore, Alison Lees-Taylor, Nikita Bogolyubov, Katelynn Rodriguez, David Oh, Trent Busenitz, Annabella Salvati, Tim Bearden, Trevor McCune, Mark Able, Mike Dolan, Gina Groce",Randy Moore,Lucas Lee Graham,Randy Moore,"Gioia Marchese, Soojin Chung",Abel Korzeniowski,5.1,10341,/g3qZofBWiLauJviv27f8zpEFbki.jpg,10,2013,41,escape from tomorrow,-19,12.055034616375696,0.6027517308187847,thor: the dark world,"sundance film festival (1), austin fantastic fest (1), stranger than fiction (1), limited (2), sitges film festival (1), samain du cinema fantastique (1), stockholm international film festival (1), cph:pix (1), imagine film festival (1), dvd premiere (7), blank (1), night visions film festival (1), internet (1), off plus camera krakow (1), göteborg (1)",1,1,22,0.05,no,no
162903,The Fifth Estate,6.0,1037,Released,2013-10-11,8555008,128,28000000,tt1837703,en,The Fifth Estate,"A look at the relationship between WikiLeaks founder Julian Assange and his early supporter and eventual colleague Daniel Domscheit-Berg, and how the website's growth and influence led to an irreparable rift between the two friends.",4.8454,You can't expose the world's secrets without exposing yourself,"Drama, Thriller","participant, reliance entertainment, anonymous content, dreamworks pictures","India, United States of America",English,"Joseph Kinyua Muriuki, Camilla Rutherford, Axel Milberg, Stanley Tucci, Moritz Bleibtreu, Amir Boutrous, Carice van Houten, Ben Rook, Dan Stevens, Michael Culkin, Peter Capaldi, Alexander Beyer, Lydia Leonard, Jamie Blackley, Hera Hilmar, Michael Kranz, Alexander Siddig, Anthony Mackie, David Thewlis, Gudmundur Thorvaldsson, Benedict Cumberbatch, Ludger Pistor, Peter King Nzioki, Daniel Br√ºhl, Philip Bretherton, Alicia Vikander, Nigel Whitmey, Mimi Ferrer, Laura Linney, Anatole Taubman",Bill Condon,Tobias A. Schliessler,"Luke Harding, Josh Singer, Daniel Domscheidt-Berg, David Leigh","Richard Sharkey, Jeff Skoll, Michael Sugar, Jonathan King, Steve Golin, Paul Green",Carter Burwell,6.2,43783,/pUrL2eacUjAxkOS403DaOyXpgAG.jpg,10,2013,41,the fifth estate,-19,15.962027517324245,0.7981013758662121,thor: the dark world,"toronto international film festival (1), helsinki international film festival (1), rio de janeiro international film festival (1), beirut international film festival (1), blank (39), chicago international film festival (1), american film festival (1), cinemania, belgrade (1), taipei golden horse film festival (1), stockholm international film festival (1), dvd premiere (6), internet (1)",39,1,55,0.02,no,no
133805,Carrie,6.0,4612,Released,2013-10-16,84790678,100,30000000,tt1939659,en,Carrie,"An awkward, telekinetic teenage girl is the object of relentless bullying at school and an oppressively religious mother at home.",10.319,You will know her name.,"Drama, Horror","misher films, screen gems, metro-goldwyn-mayer","United States of America, Canada",English,"Chris Britton, Alex Russell, Kim Roberts, Julianne Moore, Kyle Mac, Judy Greer, Connor Price, Michelle Nolden, Karissa Strain, Chlo√´ Grace Moretz, Eddie Max Huband, Annie Chen, Max Topplin, Chloe Van Landschoot, Hart Bochner, Portia Doubleday, Derek McGrath, Mouna Traor√©, Jefferson Brown, Irene Poole, Barry Shabaka Henley, Cynthia Preston, Zo√´ Belkin, Natalie Dale, Arlene Mazerolle, Tyler Rushton, Demetrius Joyette, Katie Strain, Alana Randall, Samantha Weinstein, Gabriella Wilde, Ansel Elgort, Philip Nozuka, Evan Gilchrist",Kimberly Peirce,Steve Yedlin,"Roberto Aguirre-Sacasa, Lawrence D. Cohen, Stephen King","J. Miles Dale, Kevin Misher",Marco Beltrami,5.8,154267,/kloXz9qwO23z9Kbt3z3MgnjF4xO.jpg,10,2013,42,carrie,-14,18.255696177267936,1.2170464118178623,thor: the dark world,"los angeles, california (1), premiere (1), blank (83), cinemania, belgrade (1), italian speaking region (1), french speaking region (1), german speaking region (1), unedited version (1), internet (1)",83,1,91,0.01,no,no
157370,Kill Your Darlings,7.0,1376,Released,2013-10-16,1600000,103,5600000,tt1311071,en,Kill Your Darlings,"A murder in 1944 draws together the great poets of the beat generation: Allen Ginsberg, Jack Kerouac and William Burroughs.",3.3034,A true story of obsession and murder.,"Drama, Romance, Thriller","killer films, sunny field entertainment",United States of America,English,"Laura Obiols, Sean Grady, Martin Pfefferkorn, David Rasche, Michael Cavadias, Craig Chester, Colin Michael Walker, Olen Holm, Ben Foster, Erin Darke, Daniel Radcliffe, Kyra Sedgwick, Sarah Hollis, Jon DeVries, Matt Giroveanu, Ranardo Domeico Grays, Brenda Wehle, Dawn Newman, David Cross, Elizabeth Olsen, Dane DeHaan, Jonathan Cantor, Leslie Meisel, Clancy O'Connor, John Cullum, Michael C. Hall, Anna Kuchma, Jack Huston, Zach Appelman, Kevyn Settle, Nicole Signore, Mark Ethan, Nick Diamantis, Jennifer Jason Leigh, Quinlan Corbett, Lenore Harris",John Krokidas,Reed Morano,"Austin Bunn, John Krokidas","Pamela Koffler, Randy Manis, John Krokidas, Rose Ganguzza, Jared Ian Goldman, Michael Benaroya, Christine Vachon, Stefan Sonnenfeld, Joe Jenckes",Nico Muhly,6.4,42911,/wYM8VUTh0y6ugSmza1c2MJWCMfO.jpg,10,2013,42,kill your darlings,-14,14.285514812209817,0.952367654147321,thor: the dark world,"sundance film festival (1), premiere (1), venice film festival (1), toronto international film festival (1), blank (19), jameson cinefest international film festival (1), athens film festival (1), rio de janeiro international film festival (1), hamptons international film festival (1), chicago international film festival (1), filmfest homochrom (1), los angeles, california (1), new york city, new york (1), limited (2), bfi london film festival (1), american film festival (1), amsterdam film week (1), leiden international film festival (1), stockholm international film festival (1), cork international film festival (1), black nights film festival (1), cinedays film festival (1), dvd and blu-ray premiere (2), internet (1), international film festival vilnius (1), golden horse fantastic film festival (1), dvd premiere (8), champs-élysées film festival (1), mix copenhagen (1), tv release (1)",19,1,57,0.02,no,no
157841,The Young and Prodigious T.S. Spivet,6.9,846,Released,2013-10-16,9494789,105,33000000,tt1981107,en,The Young and Prodigious T.S. Spivet,A 10-year-old child prodigy cartographer secretly leaves his family's ranch in Montana where he lives with his cowboy father and scientist mother and travels across the country on board a freight train to receive an award at the Smithsonian Institute.,9.8049,Discover the extravagant journey.,"Adventure, Drama, Family","epith√®te films, cross creek pictures, tapioca films, filmarto","Canada, France",English,"Dawn Ford, Lisa Bronwyn Moore, Rebecca Amzallag, Felicia Shulman, Robert Maillet, Dylan Kingwell, Kyle Allatt, Zachary Amzallag, Callum Keith Rennie, Eric Davis, Kyle Gatehouse, Sylvia Stewart, Amber Goldfarb, Victor Cornfoot, Niamh Wilson, James Bradford, Leigh Ann Taylor, Kyle Catlett, Helena Bonham Carter, Dominique Pinon, Ana Alarcon, Harry Standjofski, Richard Jutras, Anne-Sophie Bozon, Michel Perron, Judy Davis, Una Kay, Rick Mercer, Jakob Davies, Andrew Simms, Martin Brisebois, Julian Richings, Sabrina Reeves, Christie Claymore, Mairtin O'Carrigan, Susan Glover",Jean-Pierre Jeunet,Thomas Hardmeier,"Jean-Pierre Jeunet, Reif Larsen, Guillaume Laurant","Suzanne Girard, Tyler Thompson, Francis Boespflug, Gilles Legrand, Jean-Pierre Jeunet, Fr√©d√©ric Brillion, Sidonie Dumas, Brian Oliver",Denis Sanacore,7.0,21088,/pmr4h0ZLguYsvxaVmjS0bguLcnB.jpg,10,2013,42,the young and prodigious t.s. spivet,-14,16.066253785080306,1.0710835856720204,thor: the dark world,"donostia-san sebastián international film festival (1), paris (1), premiere (1), filmfestival gent (1), blank (29), french speaking region (1), amsterdam film week (1), dvd premiere (3), sydney film festival (1), new zealand international film festival (1), utopia film festival (1), calgary international film festival (1), rome international film festival (1), tokyo international film festival (1), tallinn black nights film festival (1), international film festival vilnius (1), hong kong international film festival (1), limited (1), biografilm festival (1), tv premiere (1)",29,0,50,0.0,no,no
232175,Gimme Shelter,6.6,245,Released,2013-10-17,1359910,101,7500000,tt1657510,en,Gimme Shelter,"After running away from her abusive mother, a streetwise teen seeks refuge with her father, but he rejects her when he learns that she's pregnant.",1.9635,Sometimes you have to leave home to find your family.,Drama,"day twenty- eight films, rishon films",United States of America,English,"Rosario Dawson, Hector Lincoln, Sheila Tapia, Vanessa Hudgens, Ralph Rodriguez, Emily Meade, Eddie Schweighardt, Candace Smith, Brendan Fraser, Laneya Wiles, James Earl Jones, Tashiana Washington, Ann Dowd, Andrea Cirie, Dascha Polanco, Stephanie Szostak",Ron Krauss,Alain Marcoen,Ron Krauss,"Ron Krauss, Jeff Rice",√ìlafur Arnalds,6.4,9742,/eEvqFlmn7d8prqRVaFJ5pjJFHuB.jpg,10,2013,42,gimme shelter,-13,14.122929814394396,1.008780701028171,thor: the dark world,"blank (2), heartland film festival (1), limited (1), dvd premiere (8), internet (1)",2,1,13,0.08,no,no
76203,12 Years a Slave,7.938,11618,Released,2013-10-18,187000000,134,20000000,tt2024544,en,12 Years a Slave,"In the pre-Civil War United States, Solomon Northup, a free black man from upstate New York, is abducted and sold into slavery. Facing cruelty as well as unexpected kindnesses Solomon struggles not only to stay alive, but to retain his dignity. In the twelfth year of his unforgettable odyssey, Solomon‚Äôs chance meeting with a Canadian abolitionist will forever alter his life.",5.905,The extraordinary true story of Solomon Northup.,"Drama, History","new regency pictures, plan b entertainment, river road entertainment, regency enterprises, film4 productions","United Kingdom, United States of America",English,"Liza J. Bennett, Tom Proctor, Blake Burt, Jason Owen, Jarett Shorts, John McConnell, Mister Mackey Jr., Richard Holden, Wayne P√©re, Austin Purnell, Ritchie Montgomery, Chiwetel Ejiofor, Craig Tate, Jon Arthur, Storm Reid, Devin Maurice Evans, Jay Huguley, Rob Steinberg, Justin Edward Davis, Jim Johnson, Michael Kenneth Williams, Isaiah Jackson, Bob Walker, Cameron Zeigler, Carroll Burt, Taran Killam, Topsy Chapman, Anwan Glover, Marcus Lyle Brown, Thomas Francis Murphy, Justin Christopher Vaughn, Gregory Bright, Scott M. Jefferson, Andre Robinson, Benedict Cumberbatch, John C. Klein, Michael Fassbender, Tyler Soerries, Chris Chalk, Erin Rementer, Sean Paul Braud, Kelsey Scott, Devyn A. Tyler, Haylie Creppel, Kelvin Harrison, Jr., Dwight Henry, Willo Jean-Baptiste, Andre De'Sean Shanks, Bryan Batt, Deneen Tyler, Mark Joyce, Mustafa Harris, Marc Macaulay, Edward J. Clare, Alfre Woodard, Timothy Wyant, Dickie Gravois, Jason Ament, Quvenzhan√© Wallis, Douglas M. Griffin, Corrina Roshea Bobb, J.D. Evermore, Andy Dylan, Bill Camp, Tre Tureaud, Brad Pitt, Christopher Berry, Gerard 'Jerry' Lewis, Paul Giamatti, Paul Dano, Scoot McNairy, Vivian Fleming-Alvarez, Lupita Nyong'o, Tony Bentley, JJ Coker, Shawn Parsons, Nicole Collins, Ashley Dyke, Sarah Paulson, James C. Victor, Terrell Ransom Jr., Adepero Oduye, Caroline Grace Williamson, Chaz Smith, Kevonte Mcdonald, Garret Dillahunt",Steve McQueen,Sean Bobbitt,"Solomon Northup, John Ridley","Bill Pohlad, Jeremy Kleiner, Dede Gardner, Arnon Milchan, Brad Pitt, Tessa Ross, John Ridley, Bianca Stigter, Steve McQueen, Anthony Katagas",Hans Zimmer,8.1,775224,/xdANQijuNrJaw1HA61rDccME4Tm.jpg,10,2013,42,12 years a slave,-12,19.046619180166456,1.4651245523204963,thor: the dark world,"telluride film festival (1), toronto international film festival (1), new york film festival (1), new orleans film festival (1), mill valley film festival (1), chicago international film festival (1), hamptons international film festival (1), toronto (1), bfi london film festival (1), limited (2), amsterdam film week (1), austin film festival (1), blank (58), stockholm international film festival (1), camerimage film festival (1), brisbane film festival (1), jakarta international film festival (1), dubai international film festival (1), capri hollywood film festival (1), palm springs international film festival (1), yubari international fantastic film festival (1), belgrade film festival (1), film by the sea film festival (1), internet (1), dvd premiere (1)",58,1,83,0.01,no,no
128206,Shahid,7.2,68,Released,2013-10-18,6100000,129,970000,tt2181831,hi,‡§∂‡§æ‡§π‡§ø‡§¶,"A story based on real-life human-rights and criminal lawyer, Shahid Azmi, who was slain while defending the wrongly accused by the law in terrorist activities.",2.456,Based On The Life Of One Of The Most Controversial Figures Of Our Time.,"Drama, Crime","anurag kashyap films, bohra bros productions, paramhans creations",India,‡§π‡§ø‡§®‡•ç‡§¶‡•Ä,"Rajkummar Rao, Mohammed Zeeshan Ayyub, Tigmanshu Dhulia, Kay Kay Menon, Baljinder Kaur, Prabal Panjabi, Vipin Sharma, Prabhleen Sandhu",Hansal Mehta,Anuj Dhawan,Sameer Gautam Singh,"Arbind Alok Thakur, Siddharth Roy Kapur, Guneet Monga, Alok Thakur, Anurag Kashyap, Sunil Bohra, Shailesh R. Singh",Karan Kulkarni,8.2,21042,/9AO8ciYnqjg9YavpR01n9sobE0.jpg,10,2013,42,shahid,-12,15.623799493077952,1.2018307302367657,thor: the dark world,"toronto international film festival (1), blank (1), new york city, new york (1), internet (1)",1,1,4,0.25,no,no
208134,Jackass Presents: Bad Grandpa,6.1,1618,Released,2013-10-22,151831537,92,15000000,tt3063516,en,Jackass Presents: Bad Grandpa,"86-year-old Irving Zisman is on a journey across America with the most unlikely companion: his 8 year-old grandson, Billy.",1.488,Real people. Real reactions. Real messed up.,Comedy,"paramount pictures, mtv films, dickhouse productions",United States of America,English,"Kamber Hejlik, Marilynn Allain, Johnny Knoxville, Catherine Keener, Jackson Nicoll, Jack Polick, Zia Harris, Madison Davis, Grasie Mercedes, Spike Jonze, George Faughnan, Jill Killington, Georgina Cates",Jeff Tremaine,"Lance Bangs, Dimitry Elyashkevich","Johnny Knoxville, Fax Bahr, Adam Small, Spike Jonze, Jeff Tremaine","Jeff Tremaine, Johnny Knoxville, Spike Jonze, Derek Freda","Koool G Murder, Sam Spiegel",6.5,100044,/yYBiyZFwwuhSQJ3VQom2d8K3XLN.jpg,10,2013,43,jackass presents: bad grandpa,-8,18.838282161557444,2.0931424623952717,thor: the dark world,"london (1), premiere (3), new york city, new york (1), blank (31), los angeles, california (1), tokyo international film festival (1), limited (5), dvd premiere (3), dvd and blu-ray premiere (2), internet (3)",31,3,51,0.06,no,no
80274,Ender's Game,6.6,6019,Released,2013-10-24,125537191,114,110000000,tt1731141,en,Ender's Game,"Based on the classic novel by Orson Scott Card, Ender's Game is the story of the Earth's most gifted children training to defend their homeplanet in the space wars of the future.",5.6251,This is not a game.,"Science Fiction, Action, Adventure","digital domain, chartoff productions, taleswapper, k/o paper products, oddlot entertainment",United States of America,English,"Brandon Soo Hoo, Tony Mirrcandani, Harrison Ford, Viola Davis, Han Soto, Hailee Steinfeld, Nonso Anozie, Abigail Breslin, Caleb J. Thaggard, Jimmy 'Jax' Pinchak, Edrick Browne, Kelvin Harrison, Jr., Cameron Gaskins, Kyle Clements, Jasmine Kaur, Mois√©s Arias, Ben Kingsley, Christopher Coakley, Chase Walker, Khylin Rhambo, Suraj Partha, Stevie Ray Dallimore, Conor Carroll, Wendy Miklovic, Andrea Powell, Asa Butterfield, Aramis Knight, Gavin Hood",Gavin Hood,Donald McAlpine,"Gavin Hood, Orson Scott Card","Roberto Orci, Bill Lischak, Ed Ulbrich, Robert Chartoff, Ivy Zhong, Venkatesh Roddam, Deborah Del Prete, Gigi Pritzker, Mandy Safavi, Ted Ravinett, David Coatsworth, Alex Kurtzman, Linda McDonough, Lynn Hendee, Orson Scott Card",Steve Jablonsky,6.6,262645,/vmd3CNeG2B9FXsit61oc7oxabej.jpg,10,2013,43,ender's game,-6,18.648112623230556,2.6640160890329367,thor: the dark world,"blank (58), los angeles, california (1), cinemania, belgrade (1), blu-ray release (1), dvd premiere (1), internet (1)",58,1,63,0.02,no,no
109091,The Counselor,5.28,1923,Released,2013-10-25,71009334,117,25000000,tt2193215,en,The Counselor,A lawyer finds himself in far over his head when he attempts to get involved in drug trafficking.,3.369,Sin is a choice.,"Thriller, Crime, Drama","fox 2000 pictures, nick wechsler productions, chockstone pictures, tsg entertainment, scott free productions","United States of America, United Kingdom","English, Espa√±ol","Natalie Dormer, Cesar Aguirre, Dar Dash, Richard Brake, Carlos Julio Molina, Alex Hafner, Provence Maydew, Alejandro Marzal, Juan Jos√© Rodr√≠guez, Daniel Holgu√≠n, Julien Vialon, Rosie Perez, Edgar Ram√≠rez, Frank Spano, Lidia Cardona, Goran Vi≈°njiƒá, Alexander Biggie, Richard Cabral, John Leguizamo, Brad Pitt, Javier Bardem, Eben Young, Sam Spruell, Marco Tulio Luna, Bruno Ganz, Chris Obi, Michael Fassbender, Andrea Deck, Toby Kebbell, Cameron Diaz, Pablo Paredes, Pen√©lope Cruz, Emma Rigby, Roger Dalmases, Donna Air, Cavassa Ventura, Fernando Cayo, Max Hausmann, Paris Jefferson, Rub√©n Blades, Giannina Facio, Gerard Monaco, Dean Norris, Barbara Durkin, Velibor Topic",Ridley Scott,Dariusz Wolski,Cormac McCarthy,"Mark Huffam, Cormac McCarthy, Steve Schwartz, Michael Schaefer, Paula Mae Schwartz, Nick Wechsler, Ridley Scott, Michael Costigan",Daniel Pemberton,5.4,108886,/aNiLkGnzVb5CorZHKk16w9S4COt.jpg,10,2013,43,the counselor,-5,18.07832190523624,3.0130536508727066,thor: the dark world,"london (1), premiere (2), blank (50), internet (1), buenos aires (1), arras film festival (1), blu-ray premiere (1), dvd premiere (1), shanghai international film festival (1), blu-ray release (1)",50,1,60,0.02,no,no
214086,The Face of Love,6.1,140,Released,2013-10-25,350006,92,4000000,tt1839642,en,The Face of Love,A widow falls for a guy who bears a striking resemblance to her late husband.,1.7016,She lost her perfect love... until she found his perfect double.,"Drama, Romance",mockingbird pictures,United States of America,English,"Jess Weixler, Ed Harris, Annette Bening, Amy Brenneman, Clyde Kusatsu, Robin Williams, Horacio Cerutti, Linda Park, Miguel P√©rez, Jeffrey Vincent Parise, Eli Vargas",Arie Posin,Antonio Riestra,"Matthew McDuffie, Arie Posin","Jonathan McCoy, Maxine P. Lynn, Amy Lynn Quinn, Benjamin Castellano-Wood, Ruth Mutch, Theresa Castellano-Wood, Amy Ware, Julie Lynn, Bonnie Curtis, Paige Dunham",Marcelo Zarvos,6.2,6198,/fpCHgbltugwZpoTfXsyKxL6Ersa.jpg,10,2013,43,the face of love,-5,12.7657084332656,2.1276180722109332,thor: the dark world,"toronto international film festival (1), donostia-san sebastián international film festival (1), vancouver international film festival (1), blank (17), los angeles, california (1), new york city, new york (1), tv premiere (1), dallas international film festival (1), limited (3), champs-élysées film festival (1), internet (1), baltic pearl film festival (1), dvd premiere (2), festival internacional de cine de uruguay (1), tv release (1)",17,1,34,0.03,no,no
175574,Free Birds,5.9,820,Released,2013-10-30,110000000,91,55000000,tt1621039,en,Free Birds,Two turkeys from opposite sides of the tracks must put aside their differences and team up to travel back in time to change the course of history‚Äîand get turkey off the holiday menu for good.,4.2036,The greatest turkey movie of all time.,"Animation, Comedy, Family","reel fx creative studios, relativity media",United States of America,English,"David S. Lee, Alina Phelan, Jimmy Hayward, Carlos Alazraqui, Lauren Bowles, Dwight Howard, Lesley Nicol, Robert Beltran, George Takei, William Morgan Sheppard, Danny Carey, Carlos Ponce, Rik Michul, Dan Fogler, Colm Meaney, Scott Mosier, Jeff Fierson, Kaitlyn Maher, Josh Lawson, Owen Wilson, Keith David, Vincente DiSanti, Woody Harrelson, Jeff Biancalana, Jason Finazzo, Amy Poehler",Jimmy Hayward,,"David I. Stern, Jimmy Hayward, Jeff Biancalana, John J. Strauss, Scott Mosier","John J. Strauss, Scott Mosier, David I. Stern, Aron Warner",Dominic Lewis,5.8,27775,/gnSU2wUBq2gTkBEkxY8C1d1fXAQ.jpg,10,2013,44,free birds,0,18.5159909328476,18.5159909328476,thor: the dark world,"blank (60), los angeles, california (1), premiere (1), tv premiere (1)",60,0,63,0.0,no,no
137093,Last Vegas,6.409,2200,Released,2013-10-31,134400000,105,28000000,tt1204975,en,Last Vegas,"Aging pals Billy, Paddy, Archie, and Sam have been best friends since childhood. When Billy finally proposes to his much-younger girlfriend, all four friends go to Las Vegas to celebrate the end of Billy's longtime bachelorhood and relive their glory days. However, the four quickly realize that the intervening decades have changed Sin City and tested their friendship in ways they had not imagined.",3.0857,It's going to be legendary,Comedy,"gidden media, cbs films, good universe, laurence mark productions, outlaw sinema, mandate international",United States of America,English,"Aaron Bantum, Olivia Stuck, Andrew Furr, Stephen Scott Scarpulla, Michael Ealy, Phillip Wampler, Noah Harden, Kevin Kline, Ashley Rae Spillers, April Billingsley, Stefan Gordy, Michael Douglas, Violet Chachki, Bre Blair, Joanna Gleason, Roger Bart, Merry Whitney, Mary Steenburgen, Robert De Niro, Lisa Young, Romany Malco, 50 Cent, Morgan Freeman, Ryan Hartwig, Andrea Moore, Edward Edwards, Jerry Ferrara, Dan Hewitt Owens",Jon Turteltaub,David Hennings,Dan Fogelman,"Laurence Mark, Nathan Kahane, Jeremiah Samuels, Nicole Brown, Lawrence Grey, Amy Baer, Matt Leonetti, Joseph Drake",Mark Mothersbaugh,6.6,139518,/9Aht200Eu2jYiE9cEQdFfNDtHl6.jpg,10,2013,44,last vegas,1,18.7163309934938,9.3581654967469,thor: the dark world,"blank (51), torino film festival (1), limited (1), dvd premiere (1), rtp 1 (1), tv premiere (1)",51,0,56,0.0,no,no
205220,Philomena,7.4,1655,Released,2013-11-01,100100000,98,12000000,tt2431286,en,Philomena,"A woman searches for her adult son, who was taken away from her decades ago when she was forced to live in a convent.",2.9312,These two unlikely companions are on a journey to find her long lost son.,Drama,"baby cow productions, bbc film, magnolia mae films, bfi, pathe",United Kingdom,English,"Jon Wennington, Charles Edwards, Steve Coogan, Wunmi Mosaku, Marie Jones, Tadhg Bowen, Peter Hermann, Gary Lilburn, Nika McGuigan, Michelle Fairley, Charlie Murphy, Cathy Belton, Charissa Shearer, Amy McAllister, Rachel Wilcock, Jordan King, Kate Fleetwood, Sophie Kennedy Clark, Timothy Paul Jobe, Harrison D'Ampney, George Michael Rados, Florence Keith-Roach, Roxanne Gregory, Nicholas Jones, Judi Dench, Simone Lahbib, Saoirse Bowen, Sean Mahon, Vaughn Johseph, Rita Hamill, George Fisher, Frankie McCafferty, Barbara Jefford, Paris Arrowsmith, Mare Winningham, Amber Batty, Elliot Levey, Anna Maxwell Martin, Martin Glyn Murray, Sara Stewart, Ruth McCabe, D.J. McGrath",Stephen Frears,Robbie Ryan,"Jeff Pope, Steve Coogan, Martin Sixsmith","Henry Normal, Steve Coogan, Christine Langan, Tracey Seaward, Gabrielle Tana, Cameron McCracken, Carolyn Marks Blackwood, Fran√ßois Ivernel",Alexandre Desplat,7.6,106545,/eBUv2GmGdXmCk1AaSOmyiu70hN8.jpg,11,2013,44,philomena,2,18.421680254275454,6.140560084758486,thor: the dark world,"venice film festival (1), toronto international film festival (1), mill valley film festival (1), hamptons international film festival (1), hawaii film festival (1), bfi london film festival (1), chicago international film festival (1), philadelphia international film festival (1), austin film festival (1), blank (44), ljubljana international film festival (1), afi fest (1), napa valley film festival (1), stockholm international film festival (1), st. louis international film festival (1), panorama of european cinema (1), limited (1), kinomania (1), les arcs international film festival (1), belgrade film festival (1), shanghai international film festival (1), blu-ray release (1), film by the sea film festival (1), arras film festival (1), hanoi international film festival (1), internet (1)",44,1,69,0.01,no,no
203833,The Book Thief,7.5,4431,Released,2013-11-08,76586316,131,19000000,tt0816442,en,The Book Thief,"While subjected to the horrors of WWII Germany, young Liesel finds solace by stealing books and sharing them with others. Under the stairs in her home, a Jewish refugee is being sheltered by her adoptive parents.",2.5813,Courage beyond words.,Drama,"studio babelsberg, fox 2000 pictures, sunswept entertainment","Germany, United States of America","English, Deutsch","Roger Allam, Rainer Reiners, Sophie N√©lisse, Rafael Gareisen, Sandra Nedeleff, Jan Andres, Carl Heinz Choynski, Georg Tryphon, Rainer Bock, Matthias Matschke, Martin Ontrop, Kirsten Block, Carina Wiese, Nozomi Linus Kaisar, Barbara Auer, Heike Makatsch, Mike Maas, Sebastian H√ºlk, Emily Watson, Robert Beyer, Beata Lehmann, Laina Schwarz, Marie Burchard, Oliver Stokowski, Paul Schaefer, Levin Liam, Joachim Paul Assb√∂ck, Gotthard Lange, Julian Lehmann, Stephanie Stremler, Hildegard Schroedter, Ben Schnetzer, Ludger B√∂kelmann, Nico Liersch, Geoffrey Rush",Brian Percival,Florian Ballhaus,"Markus Zusak, Michael Petroni","Karen Rosenfelt, Redmond Morris, Ken Blancato",John Williams,7.5,146331,/wj4U5sMLcJMa3WR9CpRR9e2sdgZ.jpg,11,2013,45,the book thief,9,18.153928989511897,1.8153928989511896,thor: the dark world,"mill valley film festival (1), chicago international film festival (1), heartland film festival (1), limited (2), blank (72), göteborgs lilla filmfestival (1), german speaking region (1), french speaking region (1), italian speaking region (1), glasgow film festival (1), lucerne international film festival (1), belgrade film festival (1), shanghai international film festival (1), bali international film festival (1), dvd and blu-ray premiere (1), buff film festival (1)",72,0,88,0.0,no,no
164457,Out of the Furnace,6.571,2039,Released,2013-11-12,15400000,116,22000000,tt1206543,en,Out of the Furnace,"Two brothers live in the economically-depressed Rust Belt, when a cruel twist of fate lands one in prison. His brother is then lured into one of the most violent crime rings in the Northeast.",3.6251,Sometimes your battles choose you.,"Thriller, Drama, Crime","energy entertainment, appian way, relativity media, red granite pictures, scott free productions","United States of America, United Kingdom",English,"Dendrie Taylor, Forest Whitaker, Joe Fishel, John W. Iwanonkiw, Brenna Roth, Lonell R. Childred, Mark Kubr, James Quinn, Tommy Lafitte, Gordon Michaels, Sam Shepard, Christian Bale, Ryan C. Bogdewic, Charles David Richards, Nancy Mosser, Todd Bobenrieth, Dicky Eklund Jr., Corey Rieger, Bobby Wolfe, Matt Baker, Georin Aquila, Julian Curi, Casey Affleck, Boyd Holbrook, Jack Erdie, Jason Greear, Carl Clemons, Carl Ciarfalio, Tom Bower, Zoe Salda√±a, Vito Grassi, Efka Kvaraciejus, Bingo O'Malley, Woody Harrelson, Aaron Toney, Willem Dafoe",Scott Cooper,Masanobu Takayanagi,"Scott Cooper, Brad Ingelsby","Ridley Scott, Riza Aziz, Joey McFarland, Christian Mercuri, Joe Gatta, Ron Burkle, Brooklyn Weaver, Tony Scott, Jason Colbeck, Robbie Brenner, Tucker Tooley, Ryan Kavanaugh, Jeff G. Waxman, Leonardo DiCaprio, Jennifer Davisson, Michael Costigan",Dickon Hinchliffe,6.7,130526,/cOuQQ4eRpSBxb0G9OXzWE1pHPeq.jpg,11,2013,46,out of the furnace,13,16.54987813231892,1.1821341523084945,thor: the dark world,"afi fest (1), rome film festival (1), starz denver film festival (1), napa valley film festival (1), blank (24), limited (2), blu ray release (1), dvd premiere (4), internet (2), tv premiere (1), tv release (1)",24,2,39,0.05,no,no
204082,Homefront,6.9,3675,Released,2013-11-12,51695362,100,22000000,tt2312718,en,Homefront,"Phil Broker is a former DEA agent who has gone through a crisis after his action against a biker gang went horribly wrong and it cost the life of his boss' son. He is recently widowed and is left with a 9-years-old daughter, Maddy. He decides to quit the turbulent and demanding life of thrill for Maddy's sake and retires to a small town. His daughter fights off a boy who was bullying her at school and this sets in motion a round of events that end in his direct confrontation with the local Meth drug lord. His past history with the biker gang also enters the arena, making matters more complex. But he has a mission in his mind to protect his daughter and he is ready to pay any cost that it demands.",14.7113,How far would you go to protect your home?,"Action, Thriller","open road films, millennium media, universal pictures",United States of America,English,"Jason Statham, Raeden Greer, Christopher Alan Weaver, Kate Bosworth, Frank Grillo, Izabela Vidovic, Omar Benson Miller, Amin Joseph, Ronn Surels, Billy Slaughter, Pruitt Taylor Vince, Craig Stark, Clancy Brown, Stuart Greer, Marcus Hester, Marjorie Parker, Austin Craig, Michael Traynor, Rachelle Lefevre, Chuck Zito, Owen Harn, Joe Chrest, Christa Campbell, Nicole Andrews, Michael Papajohn, Lance E. Nichols, Karen Kaia Livers, James Franco, Winona Ryder, Linds Edwards, Willie Weber, Joshua Brady, Ritchie Montgomery",Gary Fleder,Theo van de Sande,"Chuck Logan, Sylvester Stallone","John Thompson, Boaz Davidson, Mark Gill, Ren√© Besson, Sylvester Stallone, James D. Stern, Kevin King Templeton, Avi Lerner, Douglas Hansen, Trevor Short",Mark Isham,6.5,139396,/6pF8D9bDIAmuHgCqGKEfuNWRQam.jpg,11,2013,46,homefront,13,17.760878644933978,1.2686341889238557,thor: the dark world,"las vegas, nevada (1), premiere (1), blank (38), bucharest (1), ljubljana (1), dvd premiere (5), blu ray premiere (1), tv premiere (1), blu-ray release (1), internet (1)",38,1,51,0.02,no,no
87516,Oldboy,5.9,2036,Released,2013-11-14,5200000,104,30000000,tt1321511,en,Oldboy,A man has only three and a half days and limited resources to discover why he was imprisoned in a nondescript room for 20 years without any explanation.,6.0488,Ask not why you were imprisoned. Ask why you were set free.,"Drama, Thriller, Mystery, Action","40 acres and a mule filmworks, vertigo entertainment, good universe, filmdistrict",United States of America,English,"Joe Chrest, Gralen Bryant Banks, Jeff Ward, Brianna Nowlin, Josh Brolin, Alexa Kobylarz, Max Casella, Cinqu√© Lee, Josh Diogo, Wilheisha Lucien, Hannah Simone, Shelton Alexander, Taryn Terrell, Donna Crump, Marco Umana, Al Palagonia, Brian Oerly, Linda Jewell, Carol Sutton, Linda Emond, Mary Glackmeyer, Giovanni Silva, Michael J. Burg, Elizabeth Olsen, Victoria Geil, Jung Tan, Renata Granger, Douglas M. Griffin, Leslie Saubat, Eric Salas, Shannon Rockweiler, Violet Hill, Iman Marshall, Lennie Hsiao, Jodie Moore, Grey Damon, William J. Vines, Billy Tilk, Gino Galento, Elvis Nolasco, Ronn Surels, Jordan Salloum, William D. Green, Lizzy DeClement, Sharlto Copley, Catherine Caldwell, Lance Reddick, Alvin Chon, Louis Tucci, Elvy, Samuel L. Jackson, Caitlin Dulany, Sharon Gee, Walter Garcia, Richard Portnow, James Ransone, Michael Imperioli, Brett Lapeyrouse, Rami Malek, Niki Kleinberger, Erik Gersovitz, Phyllis Montana LeBlanc, Steve Kim, Anthony Tien Quang, Steven Hauck, David Dahlgren, Kerry Cahill, Nicole Norman, Altonio Jackson, Pom Klementieff, Ciera Payton, Joe Nin Williams, Syndi Russell, Dustan Costine, Ilfenesh Hadera, Peryn St. Raymond, Hannah Ware",Spike Lee,Sean Bobbitt,"Park Chan-wook, Lim Joon-hyung, Hwang Jo-yoon, Nobuaki Minegishi, Mark Protosevich, Garon Tsuchiya","Kim Dong-joo, Doug Davison, Roy Lee, Peter Schlessel, Nathan Kahane, John Powers Middleton",Roque Ba√±os,5.8,84009,/iX93YdBrZA1EpGbphmjf4ARj1Za.jpg,11,2013,46,oldboy,15,15.46416937585933,0.966510585991208,thor: the dark world,"new york city, new york (1), premiere (1), limited (4), blank (36), dvd premiere (6)",36,0,48,0.0,no,no
192134,Dom Hemingway,5.8,522,Released,2013-11-14,1300000,93,7000000,tt2402105,en,Dom Hemingway,"After spending 12 years in prison for keeping his mouth shut, notorious safe-cracker Dom Hemingway is back on the streets of London looking to collect what he's owed.",2.0874,I want my money plus interest‚Ä¶ and a present,"Comedy, Crime, Drama","pinewood studios, recorded picture company, bbc film, isle of man film commission",United Kingdom,English,"Nick Raggett, Jumayn Hunter, Samio Olowu, Jordan A. Nash, Richard E. Grant, Colette Morrow, Nathan Stewart-Jarrett, Matthew C. Martino, George Sweeney, Emilia Clarke, Kerry Condon, Jude Law, Claire Viville, Kaitana Taylor, Deborah Rosan, Hayley-Marie Coppin, Luca Franzoni, Vic Waghorn, MƒÉdƒÉlina Ghenea, Demi√°n Bichir, Mark Wingett",Richard Shepard,Giles Nuttgens,Richard Shepard,"Ivan Dunleavy, Peter Watson, Jeremy Thomas, Zygi Kamasa, Nick O'Hagan",Rolfe Kent,6.1,28090,/krXOk4h01673cHdDzbAMFHUqz9g.jpg,11,2013,46,dom hemingway,15,14.077875591662238,0.8798672244788899,thor: the dark world,"toronto international film festival (1), blank (11), limited (2), sarasota film festival (1), phoenix film festival (1), dallas international film festival (1), toronto (1), minneapolis-st. paul international film festival (1), dvd premiere (4), internet (1)",11,1,24,0.04,no,no
236808,Pizza 2: Villa,5.8,10,Released,2013-11-14,2800000,102,970000,tt3329246,ta,Pizza 2: Villa,Jebin is a writer who is trying to get his work published. He comes to understand his financial status after his father's death. There is also a villa in Pondycherry that has been bequeathed to him by his dad about which he had no clue till then. His ensuing journey to the villa sets the ball rolling for interesting events that get unfurled slowly.,0.2971,One Way Ticket To An Unknown World,"Horror, Thriller","studio green, thirukumaran entertainment",India,‡Æ§‡ÆÆ‡Æø‡Æ¥‡Øç,"Sanchita Shetty, Manikandan, Anjali Rao, Vegan Rajesh, Kaali Venkat, Munishkanth, Ashok Selvan, Boys Rajan, S. J. Suryah, Nassar, Veera Santhanam",Deepan Chakravarthy,Deepak Kumar Padhy,"Manikandan, Arunraja Kamaraj, Deepan Chakravarthy","Manikandan Saravanan, Sundar Annamalai, C. V. Kumar",Santhosh Narayanan,6.2,762,/f8RwjY8X6fngtEGzVHF5o1GEpc2.jpg,11,2013,46,pizza 2: villa,15,14.845130332288226,0.9278206457680142,thor: the dark world,blank (2),2,0,2,0.0,no,no
101299,The Hunger Games: Catching Fire,7.428,17993,Released,2013-11-15,865011746,146,130000000,tt1951264,en,The Hunger Games: Catching Fire,"After surviving the Hunger Games, Katniss and Peeta struggle with the consequences of their victory as unrest spreads across Panem. Forced back into the spotlight, they become symbols of hope and resistance while the Capitol prepares a new and deadly challenge that will change the future of the nation forever.",7.8985,Remember who the enemy is.,"Adventure, Action, Science Fiction","lionsgate, color force",United States of America,English,"Stephanie Leigh Schlund, Amanda Plummer, Maria Howell, Afemo Omilami, Elizabeth Banks, Toby Jones, Stef Dawson, Donald Sutherland, Sandra Ellis Lafferty, Philip Seymour Hoffman, Jill Jane Clements, Bruno Gunn, Franco Castan, Jena Malone, Brooke Bundy, Lynn Cohen, Elena Sanchez, Jared Allman, Nickolas Wolf, Jack Quaid, Lenny Kravitz, Willow Shields, Jennifer Lawrence, Daniel Bernhardt, Laura Avnaim, Bobby Jordan, Taylor St. Clair, Jackson Spidell, Alan Ritchson, Megan Hayes, Deena Beasley, Stanley Tucci, No√´lle Ren√©e Bercy, James Logan, Jeffrey Wright, Kimberley Drummond, Paula Malcomson, Nelson Ascencio, Judd Lormand, Erika Bierman, Josh Hutcherson, Wilbur Fitzgerald, John Casino, Moses J. Moseley, Eric Jepson, Meta Golding, E. Roger Mitchell, Leon Lamar, Ravi Naidu, Liam Hemsworth, James Sutton, Woody Harrelson, Patrick St. Esprit, Sam Claflin, Marian Green, Mandy Neuhaus, Hunter Clowdus",Francis Lawrence,Jo Willems,"Suzanne Collins, Michael Arndt, Simon Beaufoy","Joseph Drake, Jon Kilik, Nina Jacobson, Suzanne Collins, Allison Shearmur, Louise Rosner-Meyer","Ellie Goulding, James Newton Howard",7.5,760151,/vrQHDXjVmbYzadOXQ0UaObunoy2.jpg,11,2013,46,the hunger games: catching fire,16,20.578253645150763,1.2104855085382802,thor: the dark world,"london (1), premiere (3), blank (86), los angeles, california (1), new york city, new york (1), german speaking region (1), french speaking region (1), midnight movie (1), internet (1), re-release (2)",86,1,98,0.01,no,no
146304,The Best Man Holiday,6.5,271,Released,2013-11-15,71625195,123,17000000,tt2083355,en,The Best Man Holiday,"When college friends reunite after 15 years over the Christmas holidays, they discover just how easy it is for long-forgotten rivalries and romances to be reignited.",1.0228,Times change. Friendship doesn't.,Comedy,"universal pictures, blackmaled productions, sean daniel company",United States of America,English,"Taye Diggs, Terrence Howard, Morris Chestnut, Nia Long, Shailene Garnett, Sanaa Lathan, John Michael Higgins, Michael Dunston, Regina Hall, Harold Perrineau, Monica Calhoun, Millie Davis, Eddie Cibrian, Melissa De Sousa",Malcolm D. Lee,Greg Gardiner,Malcolm D. Lee,"Malcolm D. Lee, Sean Daniel",Stanley Clarke,6.6,17590,/i4ecMHJQpclIEr4mh5uzjWr38GC.jpg,11,2013,46,the best man holiday,16,18.08695746947013,1.0639386746747137,thor: the dark world,"hollywood, california (1), premiere (1), limited (1), blank (5), dvd and blu-ray premiere (3), dvd premiere (5), tv release (1), internet (1)",5,1,18,0.06,no,no
140870,Minuscule: Valley of the Lost Ants,7.0,464,Released,2013-11-17,30000000,89,19700000,tt2368672,fr,Minuscule - La Vall√©e des fourmis perdues,"In a peaceful little clearing, the remains of a hastily abandoned picnic sparks a battle between two tribes of ants. A bold young ladybug finds himself caught in the middle. He befriends the leader of the black ants, Mandible, and helps him save the anthill from the assault of the terrible red ant warriors, led by the fearful Butor. A fantastic journey at ground level.",20.2238,An Epic Adventure At Ground Level.,"Animation, Adventure, Family","nozon, futurikon, entre chien et loup, futurikon production ii, mollywood","Belgium, France",Fran√ßais,"John DeCantis, Suzy Wilson","H√©l√®ne Giraud, Thomas Szabo",Dominique Fausset,"H√©l√®ne Giraud, Thomas Szabo",Philippe Delarue,Herv√© Lavandier,7.1,9524,/tk4kHoeXx0i7TROwiOrcSEtHOEl.jpg,11,2013,46,minuscule: valley of the lost ants,18,17.216707972959764,0.9061425248926192,thor: the dark world,"tallinn black nights film festival (1), blank (45), internet (2), french speaking region (1), german speaking region (1), stockholm filmfestival junior (1), shanghai international film festival (1), jerusalem film festival (1), mill valley film festival (1), hamptons international film festival (1), bangkok international film festival (1), el meu primer festival barcelona (1), premiere (1), mi primer festival madrid (1), ifi french film festival (1), diverciné film festival (1), fantasia international film festival (1), bafici - buenos aires film festival (1), re-release (1), fukushima kodomo no mirai film festival (1), filmbath festival (1)",45,2,66,0.03,no,no
109445,Frozen,7.248,17151,Released,2013-11-20,1274219009,102,150000000,tt2294629,en,Frozen,"Young princess Anna of Arendelle dreams about finding true love at her sister Elsa‚Äôs coronation. Fate takes her on a dangerous journey in an attempt to end the eternal winter that has fallen over the kingdom. She's accompanied by ice delivery man Kristoff, his reindeer Sven, and snowman Olaf. On an adventure where she will find out what friendship, courage, family, and true love really means.",20.8352,Who will save the day? The ice guy? The nice guy? The snow man? Or no man?,"Animation, Family, Adventure, Fantasy",walt disney animation studios,United States of America,English,"Jenica Bergere, Pepper Sweeney, Spencer Lacey Ganus, Nicholas Guest, Jennifer Perry, Tyree Brown, Maurice LaMarche, Jonathan Groff, Raymond S. Persi, David Boat, Daniel Kaz, Idina Menzel, Mona Marshall, Chris Williams, Stephen J. Anderson, Tucker Gilmore, Ciar√°n Hinds, Nick Jameson, Katie Lowes, Carter Sand, Paul Pape, Jean-Michel Richaud, Dara McGarry, Eddie Frierson, Maia Wilson, Stephen Apostolina, Woody Buck, John Lavelle, Adam Overett, Courtney Peldon, Josh Gad, Kirk Baily, Jennifer Lee, Santino Fontana, Jean Gilpin, Jeffrey Marcus, Livvy Stubenrauch, Lewis Cleale, Patricia Lentz, Annaleigh Ashford, Jesse Corti, Jackie Gonneau, June Christopher, Scott Menville, Kristen Bell, Robert Pine, Katie Silverman, Paul Briggs, Lynwood Robinson, Eva Bella, Bridget Hoffman, Jadon Sand, Annie Lopez, Ava Acres, Terri Douglas, Wendy Cutler, Fred Tatasciore, Edie McClurg, Alan Tudyk, Jack Whitehall","Chris Buck, Jennifer Lee",,"Chris Buck, Jennifer Lee, Hans Christian Andersen, Shane Morris, Nicole Mitchell","John Lasseter, Peter Del Vecho","Jake Monaco, Christophe Beck",7.4,699945,/itAKcobTYGpYT8Phwjd8c9hleTo.jpg,11,2013,47,frozen,21,20.96559928670034,0.9529817857591064,thor: the dark world,"new york international children's film festival (1), cork international film festival (2), hollywood, california (1), premiere (2), blank (83), douala (1), paris (1), limited (2), german speaking region (1), dubai international film festival (1), manila (1), davao (1), sing-along version (8), yubari international fantastic film festival (1), sing-a-long version (1), furuyu movie festival (1), re-release (3), disney 100th anniversary (1), tv release (1)",83,0,113,0.0,no,no
149871,The Tale of The Princess Kaguya,8.088,1901,Released,2013-11-23,24366656,137,49300000,tt2576852,ja,„Åã„Åê„ÇÑÂß´„ÅÆÁâ©Ë™û,"Found inside a shining stalk of bamboo by an old bamboo cutter and his wife, a tiny girl grows rapidly into an exquisite young lady. The mysterious young princess enthrals all who encounter her. But, ultimately, she must confront her fate.",4.3068,A princess's crime and punishment.,"Animation, Drama, Fantasy","studio ghibli, hakuhodo dy media partners, kddi, mitsubishi shoji, nippon television network corporation, toho, t2 studio",Japan,Êó•Êú¨Ë™û,"Takeo Chii, Shinosuke Tatekawa, Yukiji Asaoka, Tomoko Tabata, Hikaru Ij≈´in, Kengo Kora, Nobuko Miyamoto, Tatsuya Nakadai, Yuji Miyake, Mirai Uchida, Shichinosuke Nakamura, Hiroyuki Yamamoto, Aki Asakura, Atsuko Takahata, Tamaki Kojo, Ryudo Uzaki, Takaya Kamikawa, Isao Hashizume",Isao Takahata,Keisuke Nakamura,"Isao Takahata, Riko Sakaguchi","Toshio Suzuki, Yoshiaki Nishimura, Seiichiro Ujiie, Koji Hoshino",Joe Hisaishi,8.0,60044,/mWRQNlWXYYfd2z4FRm99MsgHgiA.jpg,11,2013,47,the tale of the princess kaguya,24,17.008726239334994,0.6803490495733997,thor: the dark world,"blank (22), cannes film festival (1), annecy film festival (1), sydney film festival (1), french speaking region (1), toronto international film festival (1), vancouver international film festival (1), bergen international film festival (1), nycc presents new york super week (1), mill valley film festival (1), haifa film festival (1), limited (3), philadelphia international film festival (1), bangkok international film festival (1), german speaking region (1), moma - the contenders (1), göteborg film festival (1), !f istanbul international independent film festival (1), jameson dublin international film festival (1), bafici: buenos aires festival internacional de cine independiente (1), cph: pix (1), bucharest international film festival (1), nippon connection film festival (1), cínemalayà: philippine independent film festival (1), anim'est international animation film festival (1), japanische filmtage düsseldorf (1), japanese film festival (1), internet (2), tv release (1), tokyo international film festival (1), blu-ray release (1), framed animation film festival (1), re-release (1)",22,2,57,0.04,no,no
175541,Black Nativity,5.0,61,Released,2013-11-27,7018189,93,17500000,tt1425922,en,Black Nativity,"A street-wise teen from Baltimore who has been raised by a single mother travels to New York City to spend the Christmas holiday with his estranged relatives, where he embarks on a surprising and inspirational journey.",0.9031,The Musical Event of the Holiday Season,"Music, Drama","malvern pictures, fox searchlight pictures, tsg entertainment",United States of America,English,"Doug Willen, Paugh Shadow, Rotimi, Jennifer Hudson, Angela Bassett, Grace Gibson, Nas, Henry Hunter Hall, Marija Abney, J. Mallory McCree, Tyrese Gibson, Michael Dale, Amyrh Harris, Jacob Latimore, Forest Whitaker, Mary J. Blige, Vondie Curtis-Hall, Jevon McFerrin",Kasi Lemmons,Anastas N. Michos,"Langston Hughes, Kasi Lemmons","Trudie Styler, T.D. Jakes","Raphael Saadiq, Laura Karpman",4.8,2459,/dIOk8uCYZMP69D6WhiRCZAGX9kE.jpg,11,2013,48,black nativity,28,15.764015907999063,0.5435867554482435,thor: the dark world,"limited (1), blank (5), internet (1), tv release (1)",5,1,8,0.12,no,no
192136,Mandela: Long Walk to Freedom,6.9,554,Released,2013-11-28,27985788,141,35000000,tt2304771,en,Mandela: Long Walk to Freedom,A chronicle of Nelson Mandela's life journey from his childhood in a rural village through to his inauguration as the first democratically elected president of South Africa.,0.8936,It is an ideal for which I am prepared to die.,"Drama, History","videovision entertainment, film afrika, distant horizon, national empowerment fund, origin pictures, path√©, revolt films, the weinstein company, yucaipa films","France, South Africa, United Kingdom, United States of America","English, Afrikaans, ","Ndoni Khanyile, David Butler, Simo Mogwaza, Zolani Mkiva, Jamie Bartlett, Robert Hobbs, Tony Kgoroge, Thapelo Mokoena, Lindiwe Matshikiza, Terry Pheto, Albert Pretorius, Fana Mokoena, Zikhona Sodlaka, Gys de Villiers, Idris Elba, Riaad Moosa, Deon Lotz, Naomie Harris, Atandwa Kani, Warrick Grier, Presley Chweneyagae",Justin Chadwick,Lol Crawley,William Nicholson,"Anant Singh, Harvey Weinstein, David M. Thompson",Alex Heffes,7.1,29869,/nzjwDSwLbalv7bCXnFbkAuIxXLx.jpg,11,2013,48,mandela: long walk to freedom,29,17.147207403585345,0.5715735801195115,thor: the dark world,"toronto international film festival (1), premiere (3), mill valley film festival (1), hamptons international film festival (1), chicago international film festival (1), hawaii film festival (1), austin film festival (1), johannesburg (1), arras film festival (1), afi fest (1), napa valley film festival (1), st. louis international film festival (1), blank (28), limited (3), london (1), palm springs international film festival (1), international film festival vilnius (1), dvd premiere (4), shanghai international film festival (1), tv release (1), tv premiere (1)",28,0,55,0.0,no,no
253279,The Trials of Cate McCall,6.3,299,Released,2013-11-28,249601,89,7000000,tt1323973,en,The Trials of Cate McCall,"In order to be reinstated to the bar and recover custody of her daughter, a hotshot lawyer, now in recovery and on probation, must take on the appeal of a woman wrongfully convicted of murder.",4.3169,They had the power. She had the truth.,Drama,"pitbull pictures, sunrise pictures, sierra/affinity",United States of America,English,"Clancy Brown, Ava Kolker, Amanda Aday, Lou Beatty Jr., Joseph Lyle Taylor, David Paul Francis, Carrie Lazar, Taye Diggs, Mark Pellegrino, Anne Johnson, Omar Leyva, Kate Beckinsale, Jerry Ying, Johnny Sneed, David Lyons, Lyle Kanouse, Ruby Moncrieff-Karten, Nicki Micheaux, Bethany Brooke Anderson, Cathy Cahlin Ryan, Sara Arrington, Amy Benedict, Brad Greenquist, Isaiah Washington, Gus Buktenica, Kathy Baker, Sharon Omi, Jim Klock, Anna Schafer, Michael Hyatt, Sanny van Heteren, James Cromwell, Michelle Csitos, Joe Stevens, Deborah Van Valkenburgh, Hilary Wagner, Lee Weaver, Amanda Petersen, Dale Dickey, Brendan Sexton III, Jay Thomas, Nick Nolte, Marco Tazioli",Karen Moncrieff,Antonio Calvache,Karen Moncrieff,"Peter Schafer, Marc Bienstock, Jim Klock, Joe Dain, Karen Moncrieff, Eric Karten",Peter Nashel,6.2,7463,/jk0NsJqXvJw4pfa386fEEC5RpIj.jpg,11,2013,48,the trials of cate mccall,29,12.42762292826582,0.4142540976088606,thor: the dark world,"blank (8), dvd premiere (6), tv premiere (1), tv release (2)",8,0,17,0.0,no,no
140823,Saving Mr. Banks,7.3,3373,Released,2013-11-29,112544580,125,35000000,tt2140373,en,Saving Mr. Banks,"Author P.L. Travers looks back on her childhood while reluctantly meeting with Walt Disney, who seeks to adapt her Mary Poppins books for the big screen.",3.2987,"Where her book ended, their story began.","Comedy, Drama, History","hopscotch features, walt disney pictures, ruby films, essential media and entertainment, bbc film","Australia, United Kingdom, United States of America",English,"Bradley Whitford, Melanie Paxson, B.J. Novak, Annie Rose Buckley, Steven Cabral, Jason Schwartzman, Tom Hanks, Jaeden Bettencourt, David Ross Paterson, Laura Waddell, Demetrius Grosse, Kristopher Kyer, Andy McPhee, Luke Baines, Dendrie Taylor, Claire Bocking, Paul Tassone, Barbara Keegan, Ruth Wilson, Bob Rusch, Michael Swinehart, Kim D'Armond, Ronan Vibert, Michelle Arthur, Paul Giamatti, Emma Thompson, Colin Farrell, Lily Bigham, Victoria Summer, Kathy Baker, Rachel Griffiths, Fuschia Sumner, Mia Serafino, Jerry Hauck",John Lee Hancock,John Schwartzman,"Kelly Marcel, Sue Smith","Ian Collie, Alison Owen, Philip Steuer, Paul Trijbits, Andrew Mason, Christine Langan, Troy Lum",Thomas Newman,7.5,174293,/4RkcUe5PKnYvrCwMjk8giUAoID7.jpg,11,2013,48,saving mr. banks,30,18.538859976667883,0.598027741182835,thor: the dark world,"bfi london film festival (1), afi fest (1), napa valley film festival (1), camerimage film festival (1), cork international film festival (1), blank (70), toronto (1), limited (1), göteborg international film festival (1), dvd premiere (1), beijing international film festival (1), shanghai international film festival (1), internet (1)",70,1,82,0.01,no,no
127560,The Railway Man,6.8,762,Released,2013-12-02,24174885,116,18000000,tt2058107,en,The Railway Man,"A victim from World War II's ""Death Railway"" sets out to find those responsible for his torture. A true story.",2.8707,Revenge is never a straight line.,"Drama, History","archer street productions, pictures in paradise, latitude media, thai occidental productions, silver reel, lionsgate, screen australia, screen queensland, transmission films, davis films","Australia, France, Switzerland, Thailand, United Kingdom",English,"Sam Reid, Shoota Tanahshi, Micheal Doonan, Tom Hobbs, Akos Armont, Michael MacKenzie, Tom Stokes, Hiroyuki Sanada, Jeffrey Daunton, Louis Toshio Okada, Sarah McVicar, Nicole Kidman, Inessa Kraft, Jack McTaggart, Ben Warren, Charlie Ruedpokanon, Takato Kitamoto, Stellan Skarsg√•rd, Bryan Probets, Ben Aldridge, Shogo Tanikawa, Marta Dusseldorp, Tanroh Ishida, Therese Bradley, Keith Fleming, Byron J. Brochmann, Jeremy Irvine, Kate Rutter, Shinji Ikefuji, Masa Yamaguchi, Ewen Leslie, Colin Firth, Peter Tuinstra, Keiichi Enomoto, Yutaka Izumihara, Yasuhiko Miyauchi",Jonathan Teplitzky,Garry Phillips,"Eric Lomax, Andy Paterson, Frank Cottrell Boyce","Ian Hutchinson, Zygi Kamasa, Bill Curbishley, Anand Tucker, Nick Manzi, Claudia Bluemhuber, Andy Paterson, Chris Brown, Daria Jovicic",David Hirschfelder,7.1,44123,/yuADLCxGCA5rFWk2QDXvX5plBrD.jpg,12,2013,49,the railway man,33,17.000824883677208,0.5000242612846237,thor: the dark world,"toronto international film festival (1), donostia-san sebastián international film festival (1), zurich film festival (1), tokyo international film festival (1), blank (42), limited (3), blu-ray release (1), sarajevo film festival (1), dvd premiere (1)",42,0,52,0.0,no,no
168672,American Hustle,6.854,7521,Released,2013-12-03,251171807,138,40000000,tt1800241,en,American Hustle,"A conman and his seductive partner are forced to work for a wild FBI agent, who pushes them into a world of Jersey power-brokers and the Mafia.",3.6442,Everyone hustles to survive.,"Drama, Crime","annapurna pictures, atlas entertainment",United States of America,English,"Christopher Tarjan, Michael Maggiani, Christian Bale, Simon Hamlin, Michael Pe√±a, Jeremy Renner, Bob Taraschi, Susan Garfield, Mickey O'Keefe, Christy Scott Cashman, Elias Birnbaum, Richard Heneks, Sean Eklund, Colleen Camp, Jack Huston, Bo Cleary, Alura Carbrey, Gary Zahakos, Paul Herman, Arthur Birnbaum, Alessandro Nivola, Shea Whigham, Becki Dennis, Kayla Feeney, Jennifer Lawrence, Shannon Halliday, Barry Primus, Melson Alford, Melissa McMeekin, Michael Fennimore, Louis C.K., Volieda Webb, Tiffany Crosby, Paul Campbell, Robert De Niro, Mary Hronicek, Danny Corbo, Dawn Olivieri, Charley Broderick, Anthony Zerbe, Armen Garo, Damien Di Paola, Jeff Avigian, Matthew Russell, Sal DiMino, Thomas Matthews, Sa√Ød Taghmaoui, Amy Adams, Rob DiNinni, Greg Maxwell, Erica McDermott, Patsy Meck, Deva Mahal, Stacy Hock, Bradley Cooper, Aaron Flanders, Jay Giannone, Adrian Martinez, Sonny Corbo, Abby Lavin, Jack Jones, Michael Trigg, Sonny Gordon, Dicky Eklund Jr., Zachariah Supka, Gary Craig, Frank Geraci, J.J. Wright, Ted Zalewski, Steve Gagliastro, Richard Donelly, Elisabeth R√∂hm, Martie Barylick",David O. Russell,Linus Sandgren,"David O. Russell, Eric Warren Singer","Matthew Budman, Jonathan Gordon, Richard Suckle, Eric Warren Singer, George Parra, Charles Roven, Megan Ellison, Bradley Cooper",Danny Elfman,7.2,514066,/z6O1KDhfWDTm5ZBr6Ovr0eg8LqO.jpg,12,2013,49,american hustle,34,19.341647756960775,0.5526185073417365,thor: the dark world,"los angeles, california (1), premiere (3), new york city, new york (1), blank (67), limited (1), dubai international film festival (1), london (1), berlin international film festival (1)",67,0,76,0.0,no,no
227707,The Adventurer: The Curse of the Midas Box,5.7,234,Released,2013-12-05,6399,99,25000000,tt1376213,en,The Adventurer: The Curse of the Midas Box,"Seventeen-year-old Mariah Mundi's life is turned upside down when his parents vanish and his younger brother is kidnapped. Following a trail of clues to the darkly majestic Prince Regent Hotel, Mariah discovers a hidden realm of child-stealing monsters, deadly secrets and a long-lost artefact that grants limitless wealth‚Äîbut also devastating supernatural power. With the fate of his world, and his family at stake, Mariah will risk everything to unravel the Curse of the Midas Box.",3.3321,The new name for adventure.,"Fantasy, Adventure, Family","umedia, matador pictures, arcadia motion pictures, telef√≥nica studios, entertainment motion pictures, nix films, international pictures two, cronos entertainment aie, cinema one, afrodita audiovisual, a.i.e., ufilm","Belgium, United Kingdom, Spain",English,"Keeley Hawes, Simon Blood DeVay, Tim Ajro, Rory Mullen, Vincenzo Pellegrino, Oliver Stark, Ryan Davies, Will Payne, Walles Hamonde, Ioan Gruffudd, Elaine Caulfield, Rob Witcomb, Xavier Atkins, Glyn Grimstead, Brian Nickels, Ross O'Hennessy, Sule Rimi, Ian Reddington, Daniel Wilde, Marc Geoffrey, Sam Neill, Jared Morgan, Michael Sheen, Antony Gabriel, Dan Mersh, Mella Carron, Tristan Gemmill, Aneurin Barnard, Lena Headey, Cameron Robertson, Richard Elfyn, Arthur Byrne",Jonathan Newman,Unax Mend√≠a,"Matthew Huffman, Christian Taylor, G.P. Taylor","Karl Richards, Ibon Cormenzana, Peter Bevan, Ignasi Estap√©",Fernando Vel√°zquez,5.5,7497,/31ykUoOS2RNdARk3B8z3y25gD8b.jpg,12,2013,49,the adventurer: the curse of the midas box,36,8.764053269347762,0.2368663045769665,thor: the dark world,"internet (1), blank (7), brussels international fantastic film festival (1), dvd and blu-ray premiere (2), dvd premiere (4), tv release (1)",7,1,16,0.06,no,no
64686,47 Ronin,6.2,3994,Released,2013-12-06,151783839,119,175000000,tt1335975,en,47 Ronin,"Kai‚Äîan outcast‚Äîjoins Oishi, the leader of 47 outcast samurai.  Together they seek vengeance upon the treacherous overlord who killed their master and banished their kind.  To restore honour to their homeland, the warriors embark upon a quest that challenges them with a series of trials that would destroy ordinary warriors.",2.6814,For courage. For loyalty. For honor.,"Drama, Action, Fantasy","mid atlantic films, stuber pictures, moving picture company, h2f entertainment, universal pictures, relativity media","Japan, United States of America, United Kingdom","English, Êó•Êú¨Ë™û","Junichi Kajioka, Cary-Hiroyuki Tagawa, Takato Yonemoto, Rick Genest, Hiroyuki Sanada, Masashi Fujimoto, Hiroshi Sogabe, Tadanobu Asano, Tanroh Ishida, Masayuki Deai, Jin Akanishi, Ko Shibasaki, Min Tanaka, Rinko Kikuchi, Ron Bottitta, Natsuki Kunimoto, Hiroshi Yamada, Neil Fingleton, Keanu Reeves, Sh√ª Nakajima, Akira Koieyama, Togo Igawa, Yorick van Wageningen, Masayoshi Haneda, Clyde Kusatsu, Haruka Abe",Carl Rinsch,John Mathieson,"Walter Hamada, Chris Morgan, Hossein Amini","Eric McLeod, Scott Stuber, Chris Fenton, Pamela Abdy, Walter Hamada",Ilan Eshkeri,6.2,177666,/xDHnmcroujCRG0ysYQaiswjbyHd.jpg,12,2013,49,47 ronin,37,18.837967961396,0.4957359989841052,thor: the dark world,"blank (52), dvd premiere (1), shanghai international film festival (1), tv release (3), internet (2)",52,2,59,0.03,no,no
57158,The Hobbit: The Desolation of Smaug,7.573,13730,Released,2013-12-11,958400000,161,250000000,tt1170358,en,The Hobbit: The Desolation of Smaug,"The Dwarves, Bilbo and Gandalf have successfully escaped the Misty Mountains, and Bilbo has gained the One Ring. They all continue their journey to get their gold back from the Dragon, Smaug.",9.4859,Beyond darkness... beyond desolation... lies the greatest danger of all.,"Fantasy, Adventure, Action","new line cinema, metro-goldwyn-mayer, wingnut films","New Zealand, United States of America",English,"James Nesbitt, Martin Freeman, John Bell, Peggy Nesbitt, Tim Gordon, Jed Brophy, Stephen Ure, Benedict Cumberbatch, Simon London, Ray Henwood, Brian Sergent, Mark Mitchinson, Emma Smith, Ian McKellen, Greg Ellis, Mikael Persbrandt, Peter Colbert, Carter Nixon, William Kircher, Richard Whiteside, Matt Smith, Aidan Turner, Zane Weiner, Luke Evans, Craig Hall, Peter Hambleton, John Colbert, Ben Mitchell, Dean O'Gorman, Dallas Barnett, Jabez Olssen, Orlando Bloom, Frank Edwards, Stephen Fry, Sylvester McCoy, Terry Binding, Norman Kali, Evangeline Lilly, Lawrence Makoare, Mary Nesbitt, Peter Vere-Jones, Jack Binding, Graham McTavish, Terry Notary, Eli Kent, Lee Pace, Ken Stott, Phoebe Gittins, Evelyn McGee-Colbert, Adam Brown, John Callen, Manu Bennett, Sarah Peirse, Cate Blanchett, Stephen Hunter, Mark Hadlow, Robin Kerr, Kelly Kilgour, Stephen Colbert, Peter Jackson, Alaina Wilks, Katie Jackson, Allan Smith, Ryan Gage, Nick Blake, Richard Armitage",Peter Jackson,Andrew Lesnie,"Philippa Boyens, Guillermo del Toro, Fran Walsh, Peter Jackson, J. R. R. Tolkien","Fran Walsh, Zane Weiner, Toby Emmerich, Ken Kamins, Carolyn Blackwood, Carolynne Cunningham, Peter Jackson, Alan Horn, Callum Greene",Howard Shore,7.8,742258,/xQYiXsheRCDBA39DOrmaw1aSpbk.jpg,12,2013,50,the hobbit: the desolation of smaug,42,20.680775786368866,0.4809482741016015,thor: the dark world,"los angeles, california (1), premiere (6), berlin (1), buenos aires (1), blank (86), madrid (1), melbourne (1), sydney (1), dvd premiere (1), re-release (2)",86,0,101,0.0,no,no
244610,The Den,6.0,362,Released,2013-12-12,410129,77,500000,tt2503154,en,The Den,A young woman studying the habits of webcam chat users from the apparent safety of her apartment witnesses a brutal murder online and is quickly immersed in a nightmare in which she and her loved ones are targeted for the same grisly fate as the first victim.,2.1833,Unmask a Whole New Side of Fear,"Horror, Thriller, Mystery","onset films, cliffbrook films",United States of America,English,"Bill Oberst Jr., Adam Shapiro, Katija Pevec, David Schlachtenhaufen, Anna Margaret Hollyman, Jeff Rubino, Ron Bottitta, Kirk Bovill, Matt Riedy, Brian Bell, Shannon Mosley, Victoria Hanlin, Melanie Papalia, Lily Holleman, Rikin Vasani, Matt Lasky",Zachary Donohue,Bernard Hunt,"Zachary Donohue, Lauren Thompson","David Brooks, Dan Clifton",Evan Goldman,6.0,16583,/o0cHa11nmOUaF4kYQ7vh1Xtssek.jpg,12,2013,50,the den,43,12.924229461594148,0.2937324877635033,thor: the dark world,"blank (2), dvd premiere (1)",2,0,3,0.0,no,no
